576 192 49 128
-125 -86 121 109 127 49 125 -46 -104 -31 -64 -52 -3 60 -66 124 113 -40 -62 80 24 125 -103 -107 -51 43 -86 11 -65 119 -51 30 86 -108 115 107 92 -26 -52 -87 61 1 -80 -18 -115 -53 55 22 83 -38 52 90 80 -22 68 -102 -9 -42 119 26 -95 -76 -97 82 20 38 23 11 62 117 -94 -45 -86 14 100 -95 -127 41 -42 85 100 -125 90 -74 11 -117 75 86 50 91 92 67 -9 82 -94 24 48 39 78 -82 4 12 -118 -59 -11 17 120 32 3 127 17 -58 46 43 -19 -7 18 43 88 -40 57 -126 -71 109 18 120 117 -88 -83 -45 80 -65 -78 15 86 47 -69 102 53 -86 7 -67 -102 47 6 -31 -60 110 -86 -73 -114 98 -24 70 -108 79 -91 67 -78 -85 31 17 71 -95 36 92 22 2 42 -35 61 -73 118 32 20 81 -61 119 -92 37 68 105 123 34 -37 20 -78 6 8 115 106 38
60 18 67 -49 103 -113 9 34 -20 -8 14 -69 -35 19 24 -115 126 48 -85 -112 -101 70 87 116 -120 45 -21 -34 112 -120 -17 4 114 -42 -35 13 -2 -94 18 14 -71 51 -54 26 -31 -94 -103 44 -110 -97 -98 76 86 -58 39 -128 122 -18 17 -30 -109 -63 -99 -6 109 -92 -127 36 30 -113 -79 120 -31 79 113 -124 27 -26 44 -120 91 27 25 -67 38 67 28 30 126 -94 75 70 -122 -22 -9 -109 -38 23 75 -64 116 -79 35 106 109 83 -55 -78 -51 -90 74 71 -43 -101 -121 76 13 31 -82 52 -56 114 30 -110 -43 73 51 90 63 23 -105 -91 -31 -29 77 -87 87 -54 15 114 -88 120 -124 99 -107 -78 13 -107 -106 43 11 112 31 -97 -110 123 120 -61 -12 27 94 -48 -34 116 -111 -63 -71 113 -114 -119 14 101 -88 79 -126 -102 -40 47 109 19 -63 -110 -84 -21 75 -108 115 -54 17 102 111 61
-77 7 20 79 -16 65 -16 110 54 74 56 -7 -77 -77 -122 -118 -102 97 -45 -67 57 115 125 -118 18 -77 -47 29 87 20 92 -69 -44 118 28 37 23 -4 66 -117 57 5 27 -101 -96 -17 102 83 -30 54 63 39 107 104 32 -95 48 40 -96 107 31 10 9 6 -60 21 -17 -20 4 -114 -93 -104 -54 -87 -120 -58 112 68 72 -18 -60 71 59 14 107 19 -12 63 16 126 -8 -9 44 0 -105 -37 -116 53 -67 17 -122 41 -28 3 -113 -64 -56 110 122 -114 -92 75 16 81 -17 -112 39 -42 111 -72 -79 -116 60 122 -18 -120 85 -81 8 96 -89 -70 12 44 -15 23 124 66 -28 13 -52 75 96 -118 111 -68 -85 76 127 116 -42 104 -59 70 45 -98 22 -1 56 77 64 19 -21 -67 41 30 -126 101 -28 -30 15 -94 -85 110 -39 -126 -17 29 -26 -39 125 -13 11 109 -11 30 19 58 -23 115 33 79
-86 56 101 18 -6 -57 28 -106 7 -36 -97 -92 -65 8 -95 -85 -30 85 -96 113 83 51 -62 77 -2 -25 12 -79 -22 26 92 15 39 25 87 -9 -57 2 72 63 79 -69 -103 -115 88 76 17 125 -80 -32 -123 -109 -18 43 101 -57 -74 -5 -18 -87 99 78 -22 -22 -17 -96 -21 103 -50 68 -116 -3 -61 35 -40 104 65 23 -3 28 119 -20 76 -45 127 -62 -37 -13 -11 126 81 -108 -81 -109 -46 18 13 12 121 -127 -104 80 35 -49 9 79 -123 -22 74 -22 3 43 -124 -123 44 -88 66 -76 -51 -71 37 13 -122 25 35 -93 -125 56 45 120 -44 -16 63 -42 73 106 75 88 -94 -107 14 36 -100 -4 58 -92 -49 -19 -92 -64 38 -84 1 76 109 81 56 56 -13 68 -25 17 -114 16 59 3 14 126 34 -39 86 -56 -89 -33 34 -78 109 -65 77 -23 -48 105 -90 86 -89 99 30 79 92 96 -118 -95
75 -44 11 -110 -8 52 -125 -115 72 -25 18 20 100 45 79 113 68 -104 31 -43 33 -110 -123 50 41 25 83 -66 30 41 -101 8 -78 110 -101 -68 -114 -53 -30 -113 -51 -74 -121 -105 7 -51 82 -101 -8 -39 -41 54 35 -68 -116 12 45 14 25 -24 -31 -122 68 -70 -125 84 65 -14 113 93 -93 -123 79 45 -123 -44 -54 117 -87 -33 -63 89 -54 -57 37 -4 -17 -57 86 109 95 41 104 -60 34 109 44 37 123 -78 78 69 38 -8 -97 82 65 114 114 -79 -56 88 -26 -17 39 39 71 78 -21 -99 107 -122 73 -49 -6 120 -89 113 -115 125 -28 87 27 11 -12 -96 -89 48 63 12 -120 80 49 52 -47 79 44 -84 13 -8 -24 20 -7 126 -57 9 89 78 -55 -36 -51 69 122 13 -54 10 -57 112 -119 96 -47 -30 -13 -14 -14 -15 -46 2 104 -47 30 17 -76 98 60 82 -27 -6 -54 2 100 -58
-10 9 43 -6 -60 -55 -78 45 73 65 28 84 38 42 -33 41 23 9 -91 -83 125 113 -16 55 32 -32 118 -53 80 109 -49 31 -100 -58 -101 -15 -103 -57 48 -81 62 126 -72 -114 -84 -29 1 -21 -29 84 81 -3 108 -24 93 69 70 119 39 15 25 -88 110 104 73 -87 -15 32 -59 32 24 89 47 19 -1 -86 70 110 -82 -6 80 70 31 17 -35 -97 -90 104 -2 -73 -35 122 3 54 -12 -31 -102 91 -102 -10 82 121 58 -55 64 46 58 -26 -74 111 126 25 -62 23 -108 -31 79 109 -33 -114 36 -72 21 -47 -50 -19 11 -82 -41 -75 -59 -47 79 -15 -19 23 26 -28 -7 -57 -63 -4 111 14 124 10 -41 27 61 74 17 48 -88 124 -128 -21 -103 66 54 105 116 65 90 -78 118 -103 75 -104 118 13 95 -21 -61 73 -121 89 -15 41 -78 -48 76 -48 123 -84 -65 59 88 31 -114 -43 -88 56
-115 -5 -56 121 -52 18 -101 19 -116 -125 -25 34 118 67 -43 120 97 54 -52 93 -69 -52 -73 13 125 32 -96 -106 90 -74 71 107 107 40 111 -63 42 -88 119 -43 47 -22 -104 65 -82 78 53 -87 14 -4 -44 -123 -26 102 96 62 -56 100 43 -85 -3 -104 -111 -45 -97 -80 63 3 -1 2 -62 -61 72 113 29 -102 -26 -53 -83 -51 45 -72 -71 54 102 51 95 -122 -105 2 -7 122 -12 61 79 -125 -73 -17 -27 -79 -34 -25 44 -73 -124 -2 -125 -56 97 78 86 19 124 112 54 -87 -35 51 68 -113 15 -125 7 -81 -85 40 -77 11 -125 92 -44 74 -74 58 110 -60 -101 -60 -81 -18 -69 8 104 -1 -95 60 5 58 20 13 37 26 -4 9 22 81 109 32 29 44 85 76 -94 -114 121 45 17 89 13 -30 -87 -32 35 -56 13 3 -34 104 18 -89 115 10 4 -102 110 122 102 -37 -117 -13 -121 1
-67 -80 -52 -58 42 32 -67 -101 86 20 -42 1 -62 -95 -120 71 5 -39 49 -14 -85 -19 -1 30 -23 -121 96 10 107 -116 -1 80 100 -36 3 -113 97 44 -80 122 40 -38 86 -97 -15 -83 125 2 126 91 -16 122 106 117 64 40 55 -5 -6 89 -14 -19 82 16 -95 66 -103 -119 94 -37 24 76 -85 125 73 80 -30 -42 75 100 52 0 -36 -85 -77 -6 -67 -85 -52 25 -85 -29 22 52 -33 40 90 81 75 74 -21 46 -79 96 23 51 80 -48 -23 38 -48 116 -65 41 -17 -75 68 62 -24 -82 -71 -115 12 78 -38 18 -101 -76 -33 -84 -33 -127 -42 -96 94 45 18 26 48 -103 -31 -117 -128 23 104 -14 60 111 -28 86 -60 80 115 -11 7 -100 -79 8 48 78 -116 -41 -117 -111 100 32 -41 109 30 -7 9 -16 98 -3 17 29 -78 -29 -95 30 32 -6 -87 -77 11 75 -3 -76 -10 99 106 -42
6 -36 -58 -32 -114 111 -96 -19 34 83 127 19 -47 98 -33 -52 -60 0 -87 -23 108 26 -25 27 43 -127 79 11 49 -2 -67 60 -118 -80 55 -102 17 82 31 94 6 -40 -74 97 117 -59 35 113 -100 116 121 98 21 125 -80 126 43 17 -10 -69 42 -67 -90 -64 -61 -11 -43 -119 92 74 104 -100 126 -66 1 59 -14 83 101 -10 -97 35 -94 -58 13 -88 64 35 -34 14 -121 30 8 59 22 89 30 -28 -66 -16 105 -38 -100 -13 -10 0 -42 -63 -26 86 -78 79 -56 -33 -18 -45 83 -50 -94 43 -15 54 -96 -28 -74 2 1 -103 -6 46 -61 101 -98 -38 74 -52 1 56 -50 86 -81 126 -118 -86 -7 89 -14 -18 -124 98 124 114 56 73 -56 93 -52 -58 -39 38 -11 71 81 125 42 -36 18 78 -121 -121 -110 -21 -89 -119 -47 82 6 104 -105 5 116 26 12 -115 52 3 56 -21 -107 -95 -58 16
93 -120 127 62 -44 82 -8 44 -63 -106 -78 -118 -99 -57 -57 -124 123 89 79 117 -4 68 -11 36 -23 6 -120 -20 77 35 89 -12 -3 -1 127 62 22 21 -123 -78 -76 -31 -106 7 -95 4 -85 -66 105 -13 59 87 -92 52 -77 -79 -47 79 99 -108 96 27 82 89 -31 -12 -77 50 -37 -126 -9 98 8 -27 37 113 53 65 -126 -102 -51 49 112 49 -11 66 -78 -102 127 35 11 -31 -11 -32 102 111 32 81 -127 50 -22 118 -123 -10 -82 117 -48 -24 117 96 41 13 -128 -24 -26 -44 -15 -123 -58 63 127 43 113 68 50 -120 -39 20 -75 31 -60 -21 84 -92 -36 62 -74 -35 16 4 44 31 78 8 -85 0 -41 -4 -25 -24 -94 -55 -95 -67 32 109 -46 88 -2 0 -23 -95 118 77 79 86 63 -92 25 -111 -43 -80 -41 56 52 -27 120 14 -18 -19 119 -48 -30 -113 13 -13 124 -81 -37 -111 66 -114
-19 89 26 115 59 -32 29 -85 -102 46 93 9 -6 102 -63 -117 -25 -98 105 21 105 108 -125 -78 34 88 -96 -87 29 4 24 -14 -68 -12 91 9 42 -118 125 -53 -24 108 11 4 118 -12 5 -28 59 -37 -1 119 -80 -46 -64 104 -66 -127 34 109 -66 -39 121 -127 5 94 -24 -23 71 -23 62 -41 -89 91 90 -4 -73 -16 19 63 50 -55 -54 9 -13 -52 -26 -18 28 -123 17 -27 -41 62 83 -37 -94 -43 22 -96 84 -39 34 27 18 -11 30 -127 -39 -29 -9 51 -107 -84 91 -78 -77 -85 -111 -87 41 76 -113 -18 95 119 80 46 -109 -38 26 87 35 10 126 20 -78 65 8 96 42 -30 -77 -72 -83 -78 23 -117 67 -108 -59 -106 74 88 6 69 14 100 -46 41 -121 -118 6 -60 -103 -28 10 89 -112 -53 -21 -3 73 -19 97 -59 -35 -16 16 47 -105 40 116 -125 -16 -45 90 77 -46 -42 83 58
1 -75 -108 -74 -60 104 -125 23 -77 -104 -95 11 -96 -25 -42 -50 22 12 37 -36 115 -91 -69 -107 24 -102 125 -56 43 -28 -25 -92 70 29 108 47 96 116 69 -31 -26 -21 1 53 104 60 30 -52 -125 94 12 -109 -19 108 -94 -41 79 -43 -118 -109 -65 93 -67 -50 84 -68 -110 -113 73 -1 -98 -124 -67 91 -23 -80 55 121 -39 -78 -72 33 107 70 -78 11 -11 5 87 99 104 -17 92 100 53 57 -127 80 42 127 125 -96 123 105 67 111 14 71 -98 -12 13 25 78 31 -65 -3 -128 -123 34 -44 -69 -127 -112 -118 -108 25 -48 -95 -66 -121 14 9 18 8 25 92 28 -64 -108 96 85 -35 -103 11 -36 -93 99 -59 -98 64 76 -58 -85 -28 -49 48 75 -78 -95 24 59 19 75 -25 -7 25 90 -56 -55 -72 30 -89 -3 79 -103 42 -112 105 -104 -99 -66 119 -49 -82 57 112 -51 -92 -53 43 42 99
106 -90 -66 29 -92 -28 71 -63 58 71 -105 -51 -106 109 -58 60 54 24 56 40 -56 23 -87 -107 81 -56 -75 -56 63 77 27 -101 -37 38 -23 17 48 19 38 41 31 -93 59 -99 81 -60 65 -100 96 3 25 -54 -38 -111 -32 39 -33 -24 -17 44 43 118 -99 -119 103 -49 -51 29 18 -27 101 -38 -7 -73 127 -17 -47 13 -120 -88 127 -102 -57 22 -48 83 46 -75 18 -98 -75 -103 -116 -123 -102 86 -121 -51 -29 107 87 20 58 76 -119 -91 -104 0 114 -34 114 -111 -67 64 42 4 32 -79 45 -94 125 -9 65 -70 22 124 126 -77 -52 45 94 -84 -92 -116 -64 32 -102 -51 26 37 -2 -117 -96 84 -118 40 -80 65 127 93 83 78 -98 14 121 20 -126 -49 -103 -105 -18 27 113 3 82 -31 -9 -68 67 124 95 -65 29 -95 45 5 -17 -14 -114 9 118 -59 120 -115 -56 64 -7 -28 54 -120 -76 39
98 57 -97 -17 102 35 55 -82 120 86 -99 -46 -76 109 -31 12 10 71 89 -76 -123 19 105 71 4 61 -111 -99 98 -101 50 92 117 0 49 110 53 -126 85 11 -24 0 -71 -2 117 119 -57 116 93 103 -77 -15 -53 1 -90 107 116 78 90 50 -42 -94 44 59 -22 -36 24 82 12 18 -119 76 -121 71 109 -85 -101 14 76 -46 -61 7 33 75 -98 -28 42 120 116 114 82 -116 -74 95 -109 44 3 93 -54 63 56 63 -127 57 118 -100 90 80 -40 -86 10 -13 56 -35 76 57 14 -42 2 102 -5 -15 62 -14 -93 -40 -7 -72 -50 40 5 49 -87 -33 -15 -55 71 12 -20 -26 -65 -10 13 -67 -30 98 -123 -107 29 83 -30 33 67 -121 62 -98 83 79 84 -67 30 -30 -4 -38 -69 -125 90 59 22 111 -102 12 36 -103 -64 102 -89 -78 117 -42 -79 55 -54 81 -45 -74 122 -71 -128 -35 -90 33
-125 74 -36 -111 -84 -85 -39 92 -75 -114 -15 89 -53 -38 -34 97 -58 -125 -35 51 -73 98 -72 68 44 -96 76 -30 -80 -76 26 -79 -114 -12 102 -98 59 79 -91 -73 30 -128 -29 -77 41 -62 -86 -39 64 17 10 -83 -51 -20 24 110 -71 -118 -57 23 -18 56 34 52 -120 -16 -79 -117 105 95 -96 -8 -74 44 -22 79 -82 65 27 20 -112 67 31 87 -1 -16 27 104 23 -107 -5 -66 67 -124 -35 -41 -59 98 19 -23 101 0 3 70 70 -76 2 120 81 -125 66 -86 -81 -125 -8 -52 -8 126 34 71 -26 -5 126 23 57 10 38 33 127 46 -55 -117 48 60 -9 16 -10 -50 -92 9 -49 87 -79 30 -116 38 -43 31 37 -25 115 63 74 -107 75 117 122 -42 22 35 -92 -8 100 98 84 -66 -107 -88 117 -42 -127 -21 0 -15 -106 54 -52 32 -109 -116 118 68 40 17 -121 -126 -42 13 94 110 -113 53
121 67 -79 -35 77 -22 -123 43 86 -25 -26 -5 69 67 -27 35 -62 -42 -63 115 -50 23 44 -66 -86 -78 18 -23 49 -79 -85 -85 -36 -74 79 101 127 77 7 96 -85 -58 94 29 -101 124 -90 2 117 -99 56 58 -22 24 -109 -14 -79 5 -4 -47 60 -99 -15 53 -71 -72 -19 97 41 44 -90 45 75 -64 -72 104 -52 -98 8 52 -39 -43 -50 97 0 125 -23 105 97 102 11 100 -79 81 116 -108 -109 119 124 57 7 14 43 62 -71 -70 51 67 -31 -46 8 56 111 -54 47 49 -77 -123 14 -31 -89 -87 -23 -90 -13 -2 -109 -33 74 -13 78 43 32 -36 106 -61 25 -2 119 -16 7 115 22 19 74 35 -74 -109 -15 41 -105 -105 -53 -99 42 -121 93 14 -49 -93 -112 -15 -114 25 -106 -116 82 23 112 77 2 -30 -6 29 22 -1 89 -116 20 -29 -87 -27 -84 96 -78 -53 -44 117 -37 -20 120 -84
-54 -91 -36 -92 78 -62 -58 -10 -36 12 110 -60 0 6 16 70 9 -75 109 -117 71 -90 109 -22 -47 47 33 63 -111 -38 122 -114 2 -57 -13 120 31 10 -66 56 56 125 -61 -60 -60 41 25 -26 62 71 105 -121 -57 105 -92 -97 -86 58 -47 -72 -15 93 -17 27 119 -115 68 85 3 28 -111 98 -49 30 -102 -10 -59 -92 -34 -1 -19 37 5 98 0 8 -87 -122 58 12 44 61 21 59 44 53 -61 -84 -117 22 93 -60 -13 -30 -19 -60 17 127 -127 -56 -101 108 120 -57 -96 47 -105 83 78 -38 6 4 68 109 39 -22 22 -56 51 16 -9 -58 -10 84 8 98 -119 -87 5 -50 -5 -99 -23 -85 -127 -68 73 -110 -48 -42 -35 70 -96 44 18 6 -114 17 -84 -30 91 39 -116 -13 -93 73 71 -77 -72 -91 -38 122 13 -94 123 -97 -66 119 -50 -78 13 -70 -102 -73 82 43 -74 -60 -105 -91 -89 -100
-86 42 13 86 -73 -16 -27 88 76 -13 119 -48 -13 32 87 19 2 7 84 5 17 -89 109 103 -85 24 -108 -10 -15 -56 -72 79 37 -80 101 68 -116 -34 71 -84 -85 57 112 -104 9 77 -66 84 -4 -3 -10 -67 59 2 -123 102 -81 100 -107 -88 91 16 108 39 -70 -18 123 -14 -85 -8 69 -5 80 14 74 -76 -62 88 96 -117 -116 -55 8 122 69 45 -33 -111 29 -100 -89 32 -16 83 11 -60 -4 22 -29 57 -29 -73 -116 61 70 76 62 97 -126 -111 -19 126 -78 -52 12 18 16 126 32 -99 64 50 -8 109 -60 -122 -80 -46 -41 -80 -65 40 76 3 65 86 87 -101 -19 113 122 66 2 76 82 83 14 -84 16 47 50 109 -45 -25 -51 -98 -73 13 -75 29 -94 48 -57 54 -111 -24 19 -8 -113 73 -92 62 93 -55 -5 112 126 -118 -119 77 -58 -128 -128 5 56 85 -75 -90 97 -2 90 -102
41 39 -64 94 84 57 94 121 75 -8 -42 -32 56 117 -77 71 118 66 64 -115 -123 21 79 19 14 76 20 -100 -118 -85 71 -2 -108 114 -60 -57 -121 -91 -113 103 -72 15 -16 22 25 -12 114 64 45 -103 -3 3 -30 3 71 -117 108 -61 -68 -81 -60 51 116 105 113 -2 74 -53 4 42 -119 -84 8 -68 -77 59 -39 -88 -1 2 -81 121 87 49 31 -88 36 33 17 -126 -76 119 34 77 -121 -52 -63 -41 113 -41 117 34 63 -82 42 108 -39 36 56 111 50 60 -95 71 25 52 29 -63 67 112 53 -100 54 -6 -56 125 39 31 -21 85 120 -121 52 -96 -1 -90 108 26 86 127 82 -52 -123 -96 -5 -31 28 -32 -25 101 53 126 121 -84 74 -88 81 84 -61 113 -103 -18 -81 -107 110 10 52 27 87 46 38 -30 52 -103 -55 -125 52 -114 106 -116 -113 -117 -17 -104 -70 67 16 115 87 63 96 23
-56 42 -39 -36 -74 -7 95 118 3 -40 -6 122 -84 84 100 2 -4 -88 70 49 54 2 102 -104 48 -53 -112 35 -96 37 118 -25 -45 24 -90 2 -68 51 -26 60 96 12 -25 16 5 108 -62 0 1 -122 -75 -121 114 -112 84 50 77 79 -80 -89 -34 -7 9 114 33 20 69 -70 -18 100 1 32 83 96 -69 58 72 122 -112 101 4 -89 -125 -109 120 98 -121 16 -86 41 -110 -125 -45 126 -14 -90 123 -35 -106 -67 -52 -120 19 -75 -34 13 -20 -125 53 -92 -100 -87 67 -56 -105 -48 -56 -110 93 51 -28 51 -74 126 -61 -3 116 -12 46 59 -49 81 -80 120 121 -103 59 -34 -46 -18 15 -55 -48 31 -48 28 55 -19 49 -46 45 72 4 5 107 51 92 -8 -100 -72 23 -60 -38 -18 85 -47 24 98 -98 -41 -104 109 78 97 -124 99 71 78 45 -41 -18 -22 57 -127 71 117 52 -1 20 8 111 -104
-14 37 71 53 98 -29 -103 117 8 97 79 -21 86 -111 95 -43 -4 24 -32 92 -33 -15 74 57 103 90 -21 -91 -45 -83 -65 -48 118 63 100 -123 22 59 -53 57 -30 -123 -106 67 70 -88 -121 -21 -21 -119 -54 85 50 -44 122 9 22 83 -56 72 -116 -83 -30 -58 -10 -62 -59 -60 -40 -55 120 16 121 95 -35 -76 73 -77 -83 76 13 -105 -25 -56 14 -117 -123 70 -35 64 -40 33 -127 -53 11 -21 77 -21 74 55 -87 -94 -83 101 -126 -3 99 -90 -30 83 -67 -16 -35 -96 -25 114 -56 1 -96 -92 -54 30 -40 -48 -87 -106 23 62 -55 31 51 44 -83 82 -128 56 -104 125 125 12 82 -22 -33 -121 -102 15 -96 -12 -4 -42 -8 47 53 -19 0 -21 -59 -112 122 -48 0 33 7 2 56 90 -69 80 118 115 77 -126 68 91 112 5 -87 -95 10 -17 -62 -44 -52 -100 95 -28 39 -9 14 7 78 99
-8 74 114 -49 -86 109 9 -18 -111 123 -86 30 99 3 -40 -69 -117 -41 -33 10 1 -34 4 47 -60 -104 -95 34 60 35 51 -11 -54 108 75 2 -77 20 117 65 -70 -51 -89 71 72 -10 -77 20 -72 -7 -8 54 57 83 109 -9 123 -20 -34 94 8 -21 109 28 127 50 66 -61 -50 13 -45 78 14 -81 69 -54 -3 -43 53 103 -80 -87 19 -123 119 -26 -49 -87 -24 -53 -1 -67 76 -79 -38 -48 40 86 -56 -121 -85 52 106 -70 63 -11 -111 -95 74 51 63 114 -47 58 -50 -53 14 -22 -108 -55 12 -93 117 57 -123 116 50 51 -4 -94 126 -8 -128 -84 -50 -55 -20 -98 63 81 -105 -48 103 19 48 20 -128 80 -91 125 -61 80 71 -49 -120 -124 -127 -61 -101 -115 -114 32 -117 -40 -77 -102 -118 -3 -42 -18 17 -23 51 71 111 -122 -35 67 93 97 10 56 -61 50 90 80 91 -57 -27 110 46 56
13 25 -37 45 22 -119 -9 88 -36 80 -62 -22 -126 -55 54 -27 -36 -124 34 30 -47 108 64 82 9 -108 -123 29 -93 -127 -38 8 79 -66 10 75 -56 126 73 -77 98 31 -72 -71 117 -16 36 -5 -94 74 62 3 -76 53 -24 -14 1 79 -82 -64 28 35 51 -43 14 3 -120 122 -76 -29 -29 19 109 70 35 -56 -35 -83 -124 46 35 -62 117 6 -62 108 114 23 -19 111 90 30 59 7 88 -7 -128 -128 76 -58 28 100 117 -119 -27 -4 44 -64 -73 80 -104 -8 124 -49 64 122 -51 124 18 33 -3 106 2 31 89 1 -76 111 2 -45 21 15 0 -64 -10 -128 30 76 -11 122 -127 49 -42 102 5 -121 -127 -39 -119 -73 80 -61 -92 88 -35 124 61 42 69 21 72 -114 -25 -42 -90 -28 25 -71 -34 119 -8 -90 -124 2 -4 62 -62 98 -98 -15 -124 26 108 -35 116 29 10 -128 20 78 -25 116
-57 -25 -22 25 -109 -49 16 -10 93 -40 -103 113 -67 50 123 74 -94 -5 -122 125 57 -94 -79 101 10 89 -54 -69 125 66 -32 90 -24 -22 60 -122 68 -96 -40 -22 74 -57 1 111 21 20 103 29 -91 -30 -113 -14 74 -72 -17 76 -27 -97 -116 -100 -86 82 118 -48 -71 -110 -111 -86 15 122 72 -1 -24 122 -102 113 84 -86 -77 38 -93 81 -94 -116 -119 -24 -40 -85 -83 111 -128 20 1 -65 -107 58 47 -98 29 93 6 83 -27 -119 48 52 -21 42 7 -107 89 -51 44 17 44 -92 -30 39 -8 25 -87 -111 -97 110 68 -4 -13 21 -20 1 -113 -43 -24 77 30 94 127 -78 -106 124 39 12 -115 -63 51 -53 35 -2 65 -2 -1 -9 -66 68 45 79 -12 -41 -63 21 -40 -56 27 23 -33 -24 101 -76 50 60 9 -42 -122 -29 -66 -9 39 29 -77 74 -5 -21 -67 -84 74 45 97 4 -12 -42 55 28
-65 79 114 -59 27 99 -121 62 -91 -86 -68 -89 95 -102 122 37 4 73 50 69 107 125 126 -12 2 -78 9 48 -45 112 -10 -102 -6 117 83 -74 -66 -71 -37 48 91 64 -47 -69 106 51 -115 38 -54 -28 -114 63 6 43 -118 6 109 58 -95 -126 -58 -126 107 -71 124 19 89 -75 33 -101 94 29 47 -121 -54 -80 -46 102 -39 88 -67 -103 -37 -108 -3 66 -42 81 20 -9 10 114 -55 84 -21 9 80 101 -127 -112 -27 65 20 -85 -4 76 -128 52 103 -99 -91 49 108 -26 -55 -122 -14 -62 -117 66 6 7 113 121 119 -31 88 -79 125 44 -78 -61 17 103 -87 25 71 5 -76 -40 -29 -112 -1 108 -122 123 67 -27 121 8 -107 -118 0 71 40 9 74 15 78 -10 -14 61 -38 -6 19 106 79 50 -73 -93 -107 -95 28 74 -121 15 -39 53 29 37 -97 -95 -83 -88 64 118 29 -119 -69 -27 31 -56
80 -37 127 -123 -10 109 49 -57 31 78 -5 -111 -11 -19 -75 -38 43 100 -104 112 -108 58 -86 -20 -22 -120 -92 -90 -104 -13 -11 -123 72 98 20 -96 84 -8 7 -78 66 21 -43 77 15 9 35 -93 123 -10 8 -120 7 -52 6 -128 -92 -44 83 -105 -91 20 113 -82 89 -70 63 37 46 -92 48 -79 -115 -37 2 61 -106 -96 -113 -88 4 28 -118 -67 54 -81 121 83 38 111 -119 117 112 -52 45 -113 -53 37 -125 19 125 -91 -117 -78 12 120 -100 -126 -69 -12 -66 -82 -15 -30 8 -110 13 16 115 -91 0 -10 -22 73 106 -84 116 110 -98 54 53 25 22 26 -41 -77 48 57 -85 99 -88 10 91 1 54 103 -115 -25 -63 -61 -26 -77 80 68 -14 -76 -61 -2 122 73 -99 -53 -101 -41 124 62 50 45 65 -101 -20 -34 46 89 -18 -17 -111 -4 63 -111 -108 -53 45 37 -126 27 35 76 -46 40 -96 19
0 -63 -100 -4 -90 27 88 -102 91 -119 45 63 -7 4 125 114 -17 -86 -52 -109 26 34 -19 82 122 -88 98 -88 31 75 -25 -89 -110 -27 119 -8 -93 -98 33 63 39 -23 21 68 -84 -67 -102 -34 -83 -29 -49 -89 -127 -45 91 -78 -6 23 59 108 67 99 -16 -104 6 71 46 4 -119 -3 79 -11 -48 40 -77 -20 -87 -42 -112 63 20 -78 -72 93 -99 -5 19 64 107 -13 29 -92 -14 -116 -20 -70 -22 -95 -101 -49 -94 55 -5 -85 1 -83 72 -38 -101 -95 -15 88 4 85 42 92 -12 -18 -65 15 -79 -67 19 -7 -5 -121 -94 -38 26 59 -54 -24 110 -19 -65 19 -70 -5 -76 -9 112 71 84 -24 -25 96 -118 -88 -47 70 37 -29 -48 114 -75 105 -117 -116 7 58 96 47 97 -68 98 -112 69 -120 126 21 -18 -46 -124 -125 -83 -69 125 -43 -94 -54 -10 93 63 65 -91 47 97 -13 83 78 47 28
-123 117 -53 7 -36 59 46 47 95 57 85 -60 -31 -106 -87 -26 121 -77 -122 92 -77 -33 91 -126 82 14 103 -1 81 39 119 -12 -87 18 0 -107 32 20 15 33 -4 26 -61 20 64 31 -121 119 121 -28 -96 -68 87 -57 -65 -26 32 -2 -43 -108 24 118 -127 9 76 67 -2 33 -88 13 33 30 -96 97 -22 74 -10 -68 -74 -19 12 -33 30 -74 47 7 53 109 104 -22 -63 -28 -2 58 -101 -83 -79 -27 14 108 53 124 -62 50 42 -12 -76 -123 41 14 -3 107 -41 28 48 87 -112 46 -124 84 39 -19 51 -23 105 51 34 -24 -54 -56 -70 48 123 -108 -64 113 -61 -16 125 67 -57 -55 -22 -15 44 -10 13 31 -10 -113 -21 -107 -48 -58 -128 -35 -97 104 91 -48 -77 124 -77 -75 -30 -117 92 110 17 -54 79 -83 -45 -118 -49 -26 -89 -49 -40 94 -111 15 36 88 118 125 125 -37 28 -36 -8 -42
-125 114 -84 3 -69 127 -40 -29 -86 -58 20 25 -104 -23 21 -107 27 65 -102 -78 -93 -87 -33 -69 -31 -84 18 107 -66 95 76 -54 111 117 -48 17 104 49 18 73 -40 39 -36 -35 -82 72 11 60 -59 -127 -67 121 74 106 20 -107 122 -9 66 34 25 6 -114 58 119 -60 46 -87 -77 91 40 -117 -4 -65 21 47 -84 56 -43 6 126 -104 83 -66 -41 115 -79 82 43 -110 -100 27 26 -108 10 125 -105 59 117 56 -80 118 123 -49 -94 -18 -25 -113 -104 -107 127 31 18 -15 27 124 43 -51 126 -53 9 126 -44 -113 -30 100 -111 -69 73 120 -64 -15 -54 77 -96 85 52 93 -39 89 63 43 47 -53 91 -22 26 36 -54 127 117 111 -7 126 31 51 46 -23 -10 -37 -111 108 -79 63 9 46 -98 121 96 80 -46 -3 80 54 -52 79 125 64 -81 77 23 20 -48 48 75 53 22 -79 -71 -69 36 80
-58 -84 100 -26 26 61 -105 55 -120 99 33 -60 47 64 -23 -33 94 93 51 46 -45 -59 -71 -23 -22 -122 -96 102 75 47 -55 92 25 -5 45 -72 91 -74 105 -52 52 -47 2 42 -112 25 -86 34 -64 -80 -1 74 -66 -20 -46 104 68 -30 -24 -13 16 -111 75 10 -25 1 44 -119 102 112 117 -93 -104 -101 -37 -39 -73 -40 -121 -61 -38 -6 -50 -107 -101 92 -49 -2 39 3 8 85 35 -118 -96 35 124 -33 113 24 -62 42 9 -120 -38 -67 48 -30 60 -44 -69 -127 -4 36 2 -103 -124 104 63 21 -6 -60 -49 -33 -75 122 83 50 124 66 81 38 29 90 -8 57 25 58 -55 6 57 42 63 -65 8 -107 83 -1 13 28 4 -109 108 -6 -31 -7 -90 79 97 -5 18 92 30 -113 123 -81 61 123 -40 67 -33 -86 127 35 -3 -114 -112 -62 -14 -108 -97 -40 109 84 -22 -62 -17 88 -23 -41 34 0
-104 -50 127 99 -60 103 43 -22 21 12 -70 -52 -75 40 80 50 127 -60 -82 -69 63 -69 118 -74 -50 72 -38 -2 -18 28 -66 40 -100 -98 -32 -81 85 10 113 3 0 115 -32 -64 70 -56 32 -10 105 31 4 1 33 -105 -42 71 -96 -45 -120 112 -65 6 125 -6 -36 -100 -94 -79 -55 64 61 -63 -86 -74 82 101 58 11 98 -56 106 -31 -106 99 -27 -70 -50 -102 27 -90 104 49 -45 25 88 -36 20 -45 40 98 -126 69 -22 -111 32 93 43 -1 119 60 -17 -35 119 92 -73 -83 -1 13 75 44 -85 38 -19 -123 109 13 -40 -92 100 -26 52 27 17 123 3 -41 81 86 56 -48 16 12 -25 56 -117 86 117 52 -13 10 -72 30 -128 119 -16 82 -73 66 -10 -85 23 -25 1 -87 -86 -84 -116 -3 -47 91 -12 -7 -39 4 74 -5 5 35 -50 -59 112 109 84 70 111 -62 -95 -108 34 56 -24 -103
21 -38 -128 -60 -113 100 -22 48 -45 75 -88 -16 117 12 -122 -48 -69 96 114 105 16 -46 93 37 105 20 -81 126 -113 -105 -31 48 -84 -127 -28 32 43 100 12 -64 112 29 -30 -45 -99 7 -36 21 113 58 26 -103 80 -124 -39 -125 -63 -81 3 46 59 48 41 -119 -48 87 116 42 37 51 -107 -68 -78 -100 -121 -96 41 -71 -100 -117 -93 69 -106 97 23 -31 -87 7 79 -116 67 28 95 -107 -75 53 59 -121 27 93 -110 -69 -62 32 -22 -79 -82 -101 68 123 -47 26 -6 -66 80 86 43 101 -37 18 -55 67 25 53 -21 -21 -104 6 -4 60 -70 -86 8 -96 -105 88 -105 -51 94 38 117 41 98 -45 -44 49 60 60 18 -3 104 78 -65 -60 -65 10 30 -1 56 14 -117 90 -28 39 -101 -124 1 96 -32 -11 -72 -113 47 -70 -116 -5 21 -88 57 -89 123 27 98 80 8 -114 91 80 69 -28 84 114
-118 -44 13 -47 81 -83 -121 74 -36 -54 47 83 36 -84 -88 64 32 -5 3 -88 110 -79 98 -83 -62 -114 75 -85 73 104 90 -95 44 70 43 36 72 -18 -116 -35 124 30 114 28 -65 64 -116 121 68 91 -57 -10 -125 5 -27 100 33 73 21 84 -55 -109 -113 91 42 119 12 93 -16 -23 30 8 50 -52 74 11 -60 -9 111 -4 -100 2 -55 57 -65 -89 -64 -41 112 63 -3 -127 -25 101 -108 -71 -94 -102 77 28 -30 -14 -106 -13 122 -74 -69 94 17 -94 50 98 27 19 -96 99 66 95 117 114 85 120 -119 -94 -25 -41 -96 -52 14 52 15 126 36 -98 -39 -76 118 55 42 -16 87 126 57 56 83 44 -58 119 -7 -125 -79 -40 -39 -93 8 -50 -46 43 10 2 127 49 1 -98 -75 -37 -53 -60 9 86 32 -2 -24 36 24 4 95 25 27 -6 -83 -85 -71 94 -17 -6 -57 9 -2 57 -50 -120
-119 72 -16 105 -20 124 -97 26 -50 -69 92 -86 65 53 72 -117 58 64 -107 -122 116 106 69 -37 82 -74 -84 -124 35 85 -4 56 -90 33 19 -84 -108 -115 35 -91 -46 79 112 65 -58 93 112 103 -14 -46 -21 -46 -17 -8 5 49 85 -91 123 -118 103 -38 -83 -20 77 -32 60 -27 87 47 56 -35 -69 117 0 12 61 120 80 -31 -45 115 49 28 -84 -30 40 -120 91 -124 109 -81 21 34 7 70 62 62 -59 -127 -5 -3 -31 94 -127 115 60 -103 -41 -6 -87 -11 73 10 -97 24 -120 -70 66 46 69 78 39 -17 108 12 -55 38 45 -122 97 -123 113 35 -81 11 66 -111 98 -128 66 -38 23 -32 54 -1 86 11 -15 -103 81 -36 -23 -97 106 118 -39 7 95 -93 10 123 -122 82 30 -24 -102 -87 -68 50 62 -11 109 -21 62 107 -31 -93 97 112 49 126 35 58 -98 -115 -13 -40 -84 25 79 -79
-16 -53 54 126 -30 38 47 -28 -93 125 3 27 -113 -16 -54 120 2 24 -44 53 74 30 120 8 112 -69 -22 -118 -88 -5 -114 -75 43 -102 48 -20 55 -20 -10 85 121 -104 -16 -107 29 20 65 -99 -82 10 -23 3 51 -66 40 119 122 124 -118 100 94 100 86 -57 -87 -38 96 -34 -39 48 34 52 -100 32 -93 -38 44 -6 -124 -79 -17 48 122 34 85 114 71 26 -104 9 3 28 -43 120 -85 -82 -124 -2 109 -12 12 94 58 -25 90 -81 1 72 -116 -16 -56 -78 72 -128 22 111 -49 -26 120 -101 22 79 17 -23 74 -19 86 71 -9 75 -50 -31 86 -46 43 -99 90 68 -72 60 14 110 0 -89 -78 -35 -76 47 10 -49 20 64 51 -31 47 -21 19 -36 -110 -89 29 -74 93 54 -41 125 -18 -48 86 -95 -91 6 -77 -16 -30 -64 68 22 -74 -4 -62 123 -51 -77 -100 -41 86 -127 6 -32 73 86
-114 20 87 -81 16 103 53 -76 25 98 -34 16 118 -97 -81 -115 4 -32 -38 -60 -31 77 1 -117 -61 105 56 23 48 -74 -96 -102 22 -111 -60 3 116 -66 79 107 65 122 109 -58 48 110 98 -42 -109 -31 -104 -22 88 -119 27 -24 102 -25 47 3 -31 30 7 103 42 -110 -101 5 60 87 79 76 101 69 106 -2 -9 74 -128 104 45 81 118 18 57 -86 98 31 51 81 56 -102 65 52 96 -84 51 -74 -8 8 47 -71 18 -91 -17 -56 84 -91 123 -8 24 42 -20 -95 -36 84 69 -39 31 115 72 -38 16 -110 90 14 46 125 -85 43 28 19 -15 58 25 36 90 -12 -55 49 48 17 29 -65 -55 83 -64 121 -102 107 114 93 79 10 -6 -77 -2 99 -72 99 64 42 9 4 -92 123 85 -61 -97 67 18 93 116 116 83 -89 41 5 90 -3 8 -38 -3 86 -21 -52 -13 102 94 -111 -81 -14
-55 113 55 -50 33 -80 87 27 54 -71 -76 -24 77 114 100 -117 -126 95 -128 -3 37 -120 92 90 -40 88 -32 -38 81 -55 26 -116 16 51 -90 70 104 -14 -78 85 59 108 90 116 -27 -53 -58 19 -1 -12 -37 76 -88 26 43 10 34 -88 126 77 17 -24 -30 -31 122 -47 18 -14 5 39 -10 41 47 86 117 -11 97 45 -46 0 16 -26 -49 -44 -42 -94 -17 71 -107 -31 53 40 -64 -76 113 -19 -1 -18 -16 95 -19 -72 89 126 -89 108 -45 65 91 -95 36 3 33 5 -30 -109 -108 34 -77 80 56 85 -128 19 119 52 -89 9 25 72 121 52 -92 -75 -44 104 52 85 -100 91 105 106 -45 -48 16 19 -1 -8 55 -52 -66 15 -88 -82 -100 121 37 -4 56 74 81 98 -27 50 83 -34 -92 20 100 44 -73 -102 93 38 -67 -128 37 104 6 -118 122 65 40 -34 -80 -7 27 -41 58 117 59 -20
116 56 -28 3 91 -74 34 -46 45 -124 99 -103 33 -105 -4 -11 69 -124 38 43 1 -112 -63 -6 -44 100 109 125 -66 -112 -67 55 -46 94 85 -93 29 44 -81 -57 90 -101 110 -127 97 38 12 50 3 76 -102 -116 -50 31 -68 -113 -57 -121 -90 -47 -58 106 -89 73 -65 94 -43 -105 -95 -117 96 96 93 90 56 -28 69 89 21 -94 -75 62 64 83 -41 55 74 116 64 65 88 35 -82 -14 50 -29 8 -47 67 -16 24 -12 32 62 5 -122 -88 2 37 -81 31 115 28 -63 36 13 21 117 -64 -75 111 25 3 119 38 -76 15 -111 -3 -7 104 71 -41 65 40 -4 -25 30 -59 -45 -22 28 -50 42 -11 -3 -64 110 -68 -2 122 68 25 109 33 23 -35 123 -26 -53 -10 -49 -26 11 -92 44 121 91 -47 -52 66 79 78 12 80 -106 100 -57 -13 12 60 57 -71 107 -3 -6 26 50 -53 38 106 35
101 -99 -125 123 85 108 15 43 59 18 103 -81 115 60 58 40 -60 -35 65 -98 20 67 111 21 -107 37 104 -45 18 49 -97 -36 -127 72 89 39 -94 8 -39 -91 51 -113 -57 -25 -29 80 -5 -74 -74 75 -71 63 23 4 48 1 34 -4 -79 109 40 43 -48 122 97 54 27 17 -24 47 -114 -50 94 -70 -112 99 -102 75 -21 -88 39 56 -121 77 106 -77 124 31 -89 49 4 -52 -2 -48 107 -51 -27 -97 -57 -75 39 -7 -76 -40 40 -8 -87 -102 -40 20 120 -103 -108 126 -90 -65 68 23 -69 107 -29 80 33 -28 -4 -10 -100 -75 32 49 -125 33 50 -12 -87 107 -80 -94 -29 -115 85 -72 -56 45 -41 -120 99 -63 124 -18 42 -24 -54 97 -6 -41 -93 -118 14 -84 -65 -4 61 -69 -17 31 79 79 -7 -52 81 -25 47 6 -58 -57 -124 -45 59 49 2 -40 6 -24 -66 -33 29 -99 27 -93 -72 114
-125 25 -52 118 -21 31 -16 124 4 115 75 118 121 32 -68 25 3 44 3 101 -75 18 -89 -76 59 -14 -109 7 -94 46 73 100 27 -93 -51 -53 104 -106 83 -27 -67 119 -33 124 -122 100 -83 19 55 -97 127 -41 -107 103 98 -38 -14 30 -114 121 83 -73 -49 0 103 -19 -21 -33 -35 -106 -120 126 38 -30 -64 5 17 116 28 -120 -3 -34 -68 126 104 -96 42 117 68 96 105 -123 -103 81 76 80 -63 13 -65 -113 -22 -82 -64 -97 -11 -5 8 -62 -101 99 -102 -76 -84 -27 12 106 32 -84 58 37 49 -102 52 110 121 -109 -97 57 -114 -114 -72 -94 19 -46 67 -15 9 -127 -2 55 -84 -17 -44 120 -29 120 -105 -43 99 24 -99 -21 105 -62 -89 101 112 21 63 -90 18 -5 100 -3 62 -78 -45 -8 -97 31 121 -114 81 -26 75 74 72 -82 -3 -105 23 -85 -90 5 1 -121 2 0 13 -119 -15 -44
-63 -7 -112 -41 110 59 93 -109 28 93 3 -48 21 -11 63 -103 -26 76 66 73 24 7 -33 118 -101 -58 -54 46 -113 -50 48 -76 -27 -68 68 -103 100 -90 -61 98 -51 15 -115 82 -34 -107 -75 100 77 111 81 113 82 -50 74 -90 84 -75 -91 -103 125 -97 -91 -34 98 -45 -10 110 94 -8 -26 -20 -115 26 24 -60 -30 -88 69 -13 -97 86 89 -21 49 75 4 -113 -110 24 -107 94 -52 -21 -108 104 40 24 -94 -89 -35 101 -112 37 -49 -121 -41 46 -105 53 14 92 -74 83 103 37 -73 -23 -42 7 -81 3 -40 -95 -9 -119 5 -115 -20 92 -83 -126 -91 65 69 -35 101 -50 20 87 90 -23 63 -126 -28 49 17 -27 124 37 -100 -107 106 -73 -119 -4 -17 -96 81 -91 38 37 37 113 25 -123 75 32 -69 -84 -35 -65 24 2 -79 97 43 97 -17 59 -19 -113 83 25 -8 -54 59 -91 -12 11 -53 87
-75 38 -59 112 -115 -18 5 -36 -18 51 28 43 -42 -68 8 126 -54 -75 115 -47 -75 123 -111 36 16 -89 75 -96 55 127 44 70 -45 -5 101 18 -31 22 30 -60 90 -41 73 118 53 -49 -36 -80 -50 105 30 2 68 119 -104 -100 -53 44 -105 101 8 -77 -124 10 99 85 127 -28 -101 -58 11 -95 38 81 -29 -54 -47 -43 123 -38 46 -113 48 94 -2 81 123 112 103 -86 -84 -113 -104 -32 38 95 -41 -88 -113 -127 -22 -12 89 40 97 -25 -55 -84 10 -109 44 -24 -20 -92 -120 8 22 -126 -128 -90 -7 19 -58 118 -103 -29 33 -53 -127 -28 -120 83 -6 117 -102 -118 -90 -44 118 -16 -77 -126 92 -50 28 -50 -119 101 79 -23 22 97 112 26 -1 -124 120 -99 12 -113 -100 68 93 28 56 -42 117 -14 -23 -36 40 92 -120 123 -24 -18 -45 -102 76 -37 -92 -61 -117 -60 16 102 123 -124 -31 -36 -38 -109
5 -65 -118 91 6 47 -72 -59 -70 -93 44 -102 -79 81 79 65 -114 58 -48 77 -95 -78 -106 -91 90 -50 34 -4 -102 -128 -83 89 -43 -125 -7 67 -34 -28 -115 -116 5 53 32 -8 7 -80 -114 33 -51 -60 -95 -99 -90 10 52 -3 -27 -76 87 -94 -117 28 -53 3 1 112 92 -114 31 -98 122 25 9 -118 -104 -86 51 -110 -117 -100 56 -24 63 119 -16 -87 -39 101 -112 -12 -88 104 12 47 33 98 92 -108 -16 113 -63 -97 85 -76 -55 -46 -113 38 104 -127 109 111 14 42 83 -117 -97 87 -10 -103 -15 79 -55 74 -83 108 41 -23 114 -118 63 97 47 77 -113 -52 62 -11 -121 -86 -83 -17 -92 -29 -102 -17 10 26 -19 -53 -115 -24 -19 40 -111 -65 -37 -55 91 126 69 -12 -37 -95 -106 55 0 -2 117 -30 -57 -111 -34 76 97 29 -123 -30 -96 18 -28 -121 -80 80 6 12 -100 27 68 102 90 43
-118 -115 -93 40 -108 -108 -39 90 -122 -84 -33 116 -57 114 -91 -35 60 -68 63 -53 57 124 -124 -38 70 -41 124 -111 102 -46 93 35 -17 43 -71 -97 -24 -40 -59 43 -62 -89 89 43 -41 10 -31 92 -51 -115 14 89 90 76 -32 -70 -125 -78 126 31 -51 -24 -7 -63 -119 12 -128 -42 -31 72 -92 24 -102 83 -22 52 -71 57 -17 -97 121 46 33 104 30 -114 -93 16 73 -72 -37 22 -87 72 53 97 -14 -27 -99 -127 -74 15 29 -70 -77 -112 99 34 -9 -99 82 -124 54 -120 -71 -86 23 45 -54 -24 -52 17 43 0 -34 -116 -65 -48 55 -70 -92 -9 117 117 -26 69 -100 60 28 1 -127 -46 13 110 82 -68 -105 15 -18 12 5 -57 -94 73 20 118 -16 52 -76 -44 -107 -35 33 124 49 102 127 103 66 -4 70 -64 -53 75 -118 -128 38 -110 -127 -123 108 78 -27 -18 57 -101 -72 89 -98 -76 91 88
102 34 -2 54 16 19 80 80 -96 -3 -91 -101 -64 -64 116 113 -21 127 108 -6 69 -45 110 -84 -40 25 119 -101 -83 48 60 113 -101 5 -116 28 -120 43 100 35 -53 105 1 116 -81 26 -90 52 -116 -53 -117 -102 51 -65 2 -91 112 60 64 -16 -34 -44 127 62 23 -16 77 -115 47 105 -52 96 -34 -33 36 20 62 -75 -81 106 75 -86 41 -104 94 42 5 89 72 -61 45 88 0 30 121 -122 -83 7 -81 -78 9 44 31 125 33 120 78 -90 43 64 8 75 -110 78 -120 61 -18 50 75 13 23 -99 85 -103 31 99 8 -78 47 -123 39 -86 -102 50 88 47 120 86 -61 26 -95 111 109 -66 -6 96 20 -38 34 120 108 -5 -65 16 7 -82 -34 -67 -121 -103 -45 -84 56 114 -88 5 -51 -92 -74 -104 99 -3 114 -103 -94 -65 58 -109 -93 -74 -6 -20 -105 104 30 4 -48 109 29 47 21 107
-50 27 126 101 91 -40 120 -41 43 32 -105 -18 116 11 -30 113 10 -84 -71 -124 -63 123 -12 71 2 -88 54 34 -28 -16 -19 -121 -125 -46 -7 -62 45 -12 85 17 -83 99 87 -101 57 -11 85 -117 -122 25 -124 58 -61 63 87 46 71 -125 24 -2 -85 26 -85 -84 -102 92 -26 76 65 60 -19 -77 -107 -84 52 88 -74 -13 61 -60 -14 66 66 -28 -85 -33 -19 13 -56 -58 -19 -82 19 -116 59 28 -13 -86 -61 -5 34 95 70 94 34 104 -114 -23 0 -79 -73 -96 97 -110 121 79 115 115 108 55 4 21 90 -13 42 -42 81 102 24 -109 -47 -57 -111 110 -30 -97 34 74 73 1 -5 17 -30 93 -35 103 47 13 73 -49 34 115 111 115 45 116 12 -89 21 116 -39 -1 56 74 -88 -76 -109 28 -103 7 81 -27 -109 126 -79 -1 25 -71 113 -54 2 65 -41 81 -53 -40 56 124 -99 -94 -102 73
-59 -18 20 85 88 -57 90 35 -93 -21 -116 107 18 -27 -17 29 38 -26 -67 64 -24 -32 73 31 -117 53 43 -18 46 -20 7 61 119 -63 126 0 1 -97 -56 65 7 123 121 12 68 -43 -109 68 25 95 59 11 121 105 -128 71 -48 -100 16 10 55 81 23 -98 81 -36 -31 -91 101 -68 -10 -120 57 -13 -9 -27 18 -9 -46 -38 -30 -47 39 93 -39 64 99 123 -118 -102 -80 -102 84 -4 -101 42 5 28 -37 -59 21 25 58 45 -106 -31 -123 24 117 -118 37 -47 109 68 57 -103 -58 -55 56 -82 117 -44 6 -53 -112 -61 4 121 119 -120 70 -77 43 -25 62 -55 -64 -8 -26 53 -103 -3 -98 -17 -27 -93 17 -114 -13 -6 -37 -36 -73 -107 -12 -10 -80 -101 113 -51 67 -95 36 17 -72 64 93 25 14 0 -113 16 57 126 113 10 7 -104 119 -10 -68 90 83 -17 -118 64 80 43 -51 67 7 53
-127 -5 16 94 -40 31 -23 -124 94 -95 46 23 -122 56 -68 48 112 118 -19 73 9 -61 101 6 25 -25 59 35 -105 117 -122 52 -95 41 -86 -90 -49 -103 38 -92 114 33 11 54 -13 18 -6 -18 -96 46 84 51 77 -27 -30 -85 102 22 99 -92 107 -45 -43 99 10 -67 3 -34 89 -105 -77 16 -30 26 49 -34 7 109 -38 125 -5 90 -66 67 37 -22 -57 88 -73 -126 -64 8 33 48 -124 4 -43 27 21 59 -57 -19 112 -74 -59 4 -67 88 -87 97 -45 52 -21 -55 45 40 11 43 -32 -56 -122 9 -16 81 14 -84 100 114 40 70 -106 -102 63 -75 -85 7 -11 96 -124 -79 -69 49 29 -113 91 -17 57 -25 -8 118 -3 6 -61 -75 -22 -24 -119 84 102 -86 -16 -103 49 -72 95 -86 -94 -78 85 -38 109 54 93 49 93 41 56 37 20 -91 1 -74 64 -46 53 -114 112 52 -71 -42 -9 85
-20 -87 -65 -83 95 -19 59 -93 -37 58 25 -114 32 42 -125 -100 -100 -80 118 35 -6 -71 14 -50 -112 -39 -48 96 -5 26 -112 2 93 -112 112 -106 -7 -14 15 30 -70 -95 108 95 27 80 39 -106 -19 -44 16 -88 -66 -16 -23 -52 -28 -59 -125 76 -31 -61 95 6 37 47 1 -9 122 -72 43 -67 19 -62 -39 81 -122 -97 -54 116 39 -13 -83 -27 -92 -13 -107 45 55 -50 34 -101 -109 -19 121 48 -115 -116 -20 -24 -60 45 75 125 78 -126 -108 48 -70 -56 82 -116 17 -59 -27 -128 102 16 69 -50 97 32 23 -15 -28 -80 90 -82 123 9 127 -63 30 -60 81 91 7 -71 -89 -13 17 -61 51 29 -107 114 43 42 108 -117 9 -81 117 -107 -48 -93 -128 -72 44 84 -83 75 -32 83 39 -81 77 48 91 36 24 0 -70 -33 -12 -49 36 -91 41 -40 -119 -43 99 54 -125 112 7 -124 -24 14 -21 23
53 -45 18 2 -124 -91 63 -10 -105 65 -51 13 86 -96 96 112 -59 -85 13 106 -1 88 5 -28 92 28 -81 -126 -16 -124 33 -6 32 59 -109 53 115 27 -77 123 83 -92 37 58 -6 -42 120 8 -74 -86 51 80 84 57 125 79 61 89 66 17 66 -63 -75 -25 -49 45 -55 24 -47 -57 48 -99 83 55 44 -40 -104 14 63 105 -68 -86 59 117 -34 -78 -57 -103 -93 -123 84 -125 103 63 -51 -4 -128 99 -85 68 -93 78 -89 92 1 68 -62 -63 -104 92 -108 -5 60 92 105 -42 16 -53 96 -25 83 89 124 2 111 40 -65 -26 -81 57 96 93 60 -101 -48 20 93 53 71 -8 -29 -94 -4 -122 -90 -123 -20 -117 -11 3 3 7 -49 54 61 82 -113 72 62 119 -126 -13 -113 57 -88 7 23 -34 66 -14 -78 -62 6 -114 15 125 -8 33 66 -127 -54 47 -14 86 -39 61 100 50 64 99 -110 -50
-89 -98 93 -104 88 -64 49 -77 127 -65 -110 120 -13 110 -108 49 -47 35 -99 30 -115 -102 -111 43 -44 126 -97 91 55 -94 -31 -38 46 -38 71 27 60 -115 -17 -71 -109 42 -48 101 -83 80 126 49 -55 101 110 70 -63 -5 120 22 -5 20 43 -75 31 -28 -79 82 -93 -94 7 7 93 9 84 59 85 -6 -54 -15 -75 77 72 -78 -54 20 -24 24 111 114 -125 -108 -15 91 -96 25 39 92 76 -18 53 122 39 -49 -1 107 -91 -29 -97 -25 38 126 -5 63 -110 -19 81 -75 -76 -20 -31 -86 -62 70 -32 1 7 34 23 61 -125 8 -74 112 82 -34 -48 80 97 2 14 28 115 78 118 -40 -65 13 -5 -18 3 6 72 19 94 -39 -40 -20 81 102 4 33 76 70 116 -19 -57 -120 123 54 -86 62 124 77 -112 -118 -2 103 53 -24 8 78 127 72 99 -124 -48 113 11 48 -97 -41 -28 -90 -32 6
109 106 52 -120 118 58 -63 68 -119 27 36 -127 81 35 -103 95 6 100 97 -4 -62 36 -37 34 64 -128 38 17 -81 -118 -15 114 -1 45 -1 -35 113 101 94 -83 -44 -109 45 38 30 115 -98 107 -114 17 78 -24 19 -20 -114 -34 21 -1 122 -51 -1 -6 -83 42 78 -6 49 -20 19 3 -122 43 -128 105 63 -14 119 -126 56 89 -107 -103 -32 -78 -70 85 39 72 125 -114 43 56 56 50 69 108 0 -52 -80 62 14 -87 9 -51 -65 -73 38 -52 -90 56 123 -106 6 -55 49 109 -120 78 78 -128 29 54 71 -96 108 41 91 54 -73 -117 -14 18 -71 123 32 -23 -74 -80 -73 -71 -28 0 -29 122 -1 -68 21 -92 34 119 -106 -58 -70 -63 19 68 -37 55 121 42 -42 12 -75 -58 -65 108 5 -112 69 -32 -78 -43 -63 -107 -118 -106 17 31 105 -46 1 29 -116 -35 17 -16 -76 -13 -11 -90 -54 112
113 47 66 96 34 0 -100 -74 -82 -58 -13 -123 -63 -126 -73 5 -35 81 -126 -77 55 23 13 72 59 96 37 -87 17 20 -64 52 -61 -59 35 -125 -63 41 -27 99 -55 -74 17 124 -54 60 -49 -52 -117 -123 -72 -77 -72 -39 -106 -52 -54 84 106 75 52 9 -83 -99 86 5 -126 -118 -95 83 86 29 9 73 -113 60 -1 23 -12 -83 -89 48 -27 65 -17 -16 -65 61 -17 -101 -5 79 68 -128 -114 87 -100 -57 64 76 98 -81 -10 69 -121 18 55 75 61 -95 -43 60 -85 -108 -80 114 -70 -74 -35 -5 4 30 -55 83 -120 -17 11 82 33 107 89 67 95 24 -20 28 -121 125 -38 -81 118 -25 -50 -108 -103 -6 -104 -57 38 -76 34 107 49 96 -119 -11 -8 36 63 30 -94 120 -19 -64 -105 -78 110 106 -91 -25 -28 -95 -106 76 98 -17 51 47 -125 120 -110 -74 -83 -112 23 -4 -15 91 -31 92 -102 37
19 -99 17 -68 -77 -34 -18 -120 -22 -59 50 -6 121 24 59 118 -99 -111 48 -125 -16 58 26 -48 -12 17 -97 49 39 56 123 -37 60 -22 -44 16 56 13 6 40 82 49 114 -50 -12 -97 -92 -94 -14 110 -38 -22 114 111 -13 85 -14 105 -109 -77 -50 -14 15 111 7 -28 54 22 47 125 94 43 58 46 -55 -52 -79 -38 58 -94 30 -29 66 88 -66 92 -82 83 54 -117 -63 68 63 -95 -59 -106 -120 -10 58 82 -4 67 105 7 -108 -125 84 47 -63 -12 7 40 59 -61 48 95 41 -41 -112 -14 2 -105 -47 70 40 -91 92 -81 -119 30 -15 28 116 51 -17 -36 118 -75 6 -76 38 4 -19 -5 -29 -17 -68 47 -124 -37 22 -6 -29 -8 -120 33 -66 -3 22 75 118 69 84 43 16 -81 1 13 60 -14 -68 -101 -109 71 -70 -69 37 33 -119 32 -92 -4 -22 -5 -57 115 46 -24 99 -16 -5 113
100 -26 117 -122 -90 -90 62 58 -24 103 72 -102 -35 -95 -52 -67 43 38 -69 70 76 78 -42 12 -126 -43 -70 -20 -9 -16 -103 120 110 -66 -109 -115 94 28 -5 -99 73 -43 44 -118 106 0 -36 -31 110 -39 -7 92 17 -38 -36 -53 9 -24 27 52 -55 -87 118 -4 -79 49 108 -89 54 34 -64 -21 92 -107 -16 -121 63 -26 -63 25 -8 50 105 12 -87 62 -15 83 100 -107 -30 123 32 -3 -45 67 -106 -4 71 -65 -77 108 86 -7 -6 105 121 65 23 63 -91 114 85 24 41 73 45 9 3 -43 -80 -114 76 -33 64 123 -98 -46 35 -79 10 59 70 -59 -58 -41 -88 34 -74 -30 65 -44 -107 86 113 -36 95 109 -7 118 -59 117 -53 105 -64 -13 -45 -111 -57 -117 108 15 -102 61 -105 -42 22 -90 -2 -50 -28 94 -27 -5 75 -27 78 -62 -66 -26 32 -1 28 -54 125 -87 -33 -2 25 113 112 -97
93 107 79 35 74 -26 114 -49 104 -108 113 39 -21 9 -90 -44 -101 48 -50 22 -17 19 110 -68 28 -66 89 37 -102 101 10 24 -17 91 107 50 -39 101 -83 -92 18 -104 41 -44 -100 -77 -119 127 63 -8 -81 -76 -37 113 -124 1 26 -58 92 -112 -106 38 54 -20 -75 -112 115 -46 -6 69 -64 -128 -9 -77 123 -12 44 -36 -54 57 -99 103 46 35 -13 80 44 -54 101 123 -120 125 10 30 -34 104 -13 92 16 2 -101 -99 -8 -60 -78 30 56 -47 -68 -78 83 -19 126 35 -119 45 -20 -8 83 39 80 -128 70 -72 68 -119 -5 83 48 89 105 125 29 -23 -102 90 69 68 -7 25 -4 -40 33 63 14 86 22 15 42 72 -17 127 43 -65 -37 -28 -124 69 -47 32 112 -56 -108 89 -107 114 87 7 -92 104 -5 -106 41 -109 -114 -111 18 112 -116 -29 -110 65 11 -103 -115 -120 94 -61 124 74 -66 52
29 -50 -12 124 -64 101 -90 110 19 -119 -42 -45 111 81 114 63 -8 -75 77 33 55 67 35 -40 29 20 10 -48 25 41 1 -56 -52 50 49 21 -48 92 43 24 60 -39 -52 94 108 125 75 -5 -90 80 68 10 10 -27 -40 125 -41 -115 2 -55 41 0 40 -4 -114 -42 -51 -38 -56 -72 -33 40 24 -38 82 -51 67 108 96 -127 114 123 5 1 -85 49 -121 89 -78 124 123 3 -56 -33 37 -66 -87 121 12 101 -18 46 -117 -126 0 12 117 -124 80 -51 10 -107 73 -122 82 -55 119 -71 -66 -102 104 30 -77 69 -73 -100 51 -6 -55 -50 68 -108 -47 -41 105 106 94 113 -20 7 59 -59 89 -23 -6 45 -75 120 85 -71 -29 68 42 39 -81 53 -55 -45 121 101 -108 79 48 -7 -114 6 55 -36 -28 26 72 35 -5 -62 -111 -74 -33 48 -96 -4 12 55 -18 -98 -80 95 -14 -76 -59 -45 120 -111
34 4 -79 105 118 77 -66 -43 -83 -18 72 112 -75 125 27 -47 60 72 -59 91 29 -86 65 86 45 -82 -126 45 61 -68 -66 -128 -47 73 120 -67 -39 47 -1 92 -126 6 91 -115 114 -75 120 -22 -98 -10 27 -80 -3 -28 65 -38 -101 -47 -43 45 -60 -121 -113 122 -118 45 -30 108 -92 5 93 14 86 -120 -21 -60 -22 -67 -31 -25 -90 14 -13 63 99 95 46 -108 63 30 58 27 -29 -80 24 86 26 -15 58 -26 25 -35 109 -5 -20 4 -44 -19 -101 -3 14 -21 -6 -60 119 -37 13 -30 -110 119 -16 93 99 22 52 -7 49 -59 -54 17 22 3 -44 -79 81 -52 -50 -64 18 -52 41 -53 64 -120 -20 -4 -106 83 -69 -29 103 71 87 -63 78 29 -75 101 -128 7 58 -15 -94 -61 -4 14 85 7 -103 -17 115 -96 17 -13 -20 -115 -100 -61 118 103 -2 -54 -118 -74 44 86 -42 -18 41 -123 -91 120
25 -42 -95 -28 -37 62 -77 116 -19 -67 66 108 -12 -65 115 -11 89 -11 -117 -115 -72 58 -35 23 -91 44 -49 -70 -48 4 -118 -2 48 -19 -78 12 37 -89 -19 59 -76 -117 -7 26 -3 113 23 -65 -46 -97 -116 56 10 92 -35 74 84 68 116 -15 42 5 56 -6 111 65 -105 72 57 96 98 113 116 -38 -94 -23 41 -44 -49 15 80 124 42 7 -84 -75 10 127 -65 0 -86 122 -39 71 -110 102 -56 -69 -112 107 7 20 -59 104 77 -56 -32 115 80 68 52 -34 61 79 -127 124 -5 27 -116 -9 -82 -125 -74 5 116 -116 -44 22 -22 -50 -36 118 -100 109 -114 121 -84 -39 -88 -119 91 -54 -110 -116 37 -61 -21 -67 57 -69 -59 10 -108 -102 -67 -45 -99 -117 -31 -105 30 7 -78 18 -95 56 -6 24 57 -116 77 74 -59 13 85 90 72 111 78 55 -10 119 26 -105 58 40 43 114 -42 68 -44 -107
40 -78 -76 -24 63 -72 92 42 -29 -9 -95 20 37 -84 -85 50 7 120 25 -53 126 -20 61 -106 92 37 -111 -57 -18 -5 87 -115 60 -23 103 74 -17 65 71 -62 20 -105 -100 89 113 9 -56 37 50 28 -59 -5 -56 -75 18 4 107 -99 107 -33 -8 -116 77 0 -82 44 41 -33 74 -79 77 75 -12 116 -2 -7 79 40 -126 27 -81 85 -69 -14 -87 68 -111 70 -68 -79 -95 37 100 -51 108 74 -91 11 88 48 -33 100 2 -85 -93 -68 -9 -1 -116 -61 -54 -125 48 -14 18 2 50 78 18 95 -108 46 32 37 -28 56 -9 114 120 39 -112 -78 47 67 94 -101 110 -114 15 -99 -105 96 72 49 56 16 -19 -86 75 -89 -10 67 117 22 94 -5 21 -77 76 -74 -12 97 55 109 -12 14 -20 66 -12 108 -105 -29 7 -101 79 -42 -7 -56 -90 -51 97 78 120 -24 53 75 94 -112 103 -13 -37 -79
-79 28 126 72 -2 9 -12 -35 -3 94 58 61 -59 -11 123 73 127 -118 -83 70 126 -123 -103 -9 127 84 -34 90 -19 -110 -87 25 -41 57 -99 -110 6 6 6 -76 -53 -53 -127 8 -98 -105 -116 8 -117 -12 124 27 -65 -47 -72 -92 114 -14 -18 -31 80 38 -41 70 -98 -12 -83 51 24 -82 75 -14 -112 -47 -27 -126 -49 -96 -67 -107 29 69 -3 -8 53 -92 54 126 102 -4 13 -83 122 28 -111 -12 33 -111 100 29 -106 -73 81 -96 63 -8 49 78 -110 -30 70 90 -45 71 -20 31 36 94 19 -67 -105 79 -90 -64 -52 60 126 9 -64 -90 3 20 -46 55 113 22 103 77 -59 14 -84 -117 116 -114 90 -124 38 -118 13 -123 84 51 61 -6 38 -104 19 -117 46 85 -50 50 80 124 39 109 -20 117 19 -63 121 21 -15 117 -127 29 -35 -104 -42 102 63 -95 52 72 -89 7 88 -12 109 -65 -38 1
-61 87 120 20 14 -24 -97 -13 -90 -51 21 21 -128 -29 84 41 -5 6 17 96 1 -86 -114 13 -108 51 82 -63 112 -47 95 96 -112 -65 -13 75 -81 -22 -63 -32 -15 104 -20 40 -5 -93 -91 94 19 -80 -30 -23 0 124 94 -34 71 -10 -9 83 12 123 38 7 -67 2 98 -19 -67 99 0 69 -83 -69 3 116 -36 -81 -92 -57 -96 -91 -18 -105 9 69 59 -122 48 117 -63 14 14 33 6 118 22 -40 -72 -54 18 8 -76 -42 -49 -59 -45 -30 123 107 -59 9 -1 -5 123 -65 127 48 8 18 47 9 -75 -96 -6 -126 -70 17 78 12 66 -16 117 59 43 4 -34 -110 -67 -59 -89 -100 74 -5 100 -63 -12 78 80 59 -2 -80 108 -48 125 56 21 -88 48 2 -87 -28 -89 119 85 91 -81 -75 -1 63 -126 -75 -46 -55 -72 20 66 -70 -37 90 -39 -25 93 -22 -122 122 50 57 19 83 -3 -50
-20 -66 93 21 57 -19 -35 104 -75 11 -124 20 -41 107 121 84 116 -80 31 -3 67 -93 -111 -75 95 64 -5 -62 -41 -117 -120 125 40 -63 -84 -62 -54 89 45 -108 -127 96 100 112 71 -9 -79 45 -119 53 -42 -7 -88 19 -114 119 -63 127 125 44 89 -81 -105 -88 -79 50 -15 -89 -3 74 66 25 119 29 100 -14 -108 -116 -35 18 -54 63 -103 -81 -109 -63 -32 -1 -9 11 23 18 -73 48 -47 86 -64 77 -95 -58 -2 -12 35 63 -91 117 43 -34 79 -23 -105 53 -115 -44 80 -123 -38 53 16 -47 -46 8 -14 -57 -27 -73 -84 -102 121 29 -20 40 -37 -69 86 12 73 -6 29 -122 57 84 -85 25 27 33 -46 13 62 -50 102 -21 64 71 -92 -105 -30 -101 -111 -15 -103 -50 -126 56 -16 40 57 -87 -95 92 -114 -116 95 -59 40 -35 49 22 -3 -53 -97 78 16 -101 -3 -19 -70 -68 -21 53 19 28
8 -114 102 70 -119 2 114 -121 -39 -75 47 -73 -9 49 74 -82 -64 20 22 9 107 -22 36 28 -9 8 51 -28 -4 -41 7 -3 -2 67 123 -47 -81 71 34 -115 79 84 -81 83 120 -79 -5 73 85 59 102 -128 -6 56 -43 -8 97 -32 19 48 -89 36 93 -12 -89 -4 116 35 -39 75 -70 -89 106 57 -26 -12 -84 -26 -15 14 114 -111 -26 -118 -59 13 0 -23 -13 7 -73 -11 -72 -59 63 114 83 40 97 -64 -30 119 -19 -93 6 -104 78 73 71 -24 -109 59 25 -101 117 -95 108 -101 -46 98 11 43 -13 81 95 -50 -88 25 123 74 -14 47 6 -108 9 -14 117 46 86 66 -116 -70 64 -86 96 -40 65 57 111 -30 -29 108 86 -4 -73 72 -106 33 126 110 112 9 -61 42 -21 -105 97 -43 127 -6 53 -104 27 83 108 93 92 -101 -47 67 -14 23 7 51 68 8 65 -59 -13 -38 -16 7
-126 -87 8 -37 52 -88 81 -40 -34 -97 -93 -49 -100 -31 -9 -42 -63 -8 18 39 87 73 -118 18 33 79 9 30 73 7 1 -109 77 -115 -13 56 -75 -31 -99 45 -104 44 125 -27 -106 -26 42 -121 73 70 11 -95 -35 105 117 -12 -126 0 -89 11 43 73 124 48 -49 -8 -85 -69 39 85 -24 14 -38 82 27 -10 122 84 -29 -37 43 60 -105 -38 -87 -59 -127 -46 125 -111 -122 35 74 -78 -15 32 89 88 66 116 -55 -90 2 -10 118 -120 120 93 -108 -8 47 102 -93 -53 -49 -27 19 87 23 25 108 0 78 107 -18 29 -113 103 41 -81 -106 -116 69 -106 -35 -27 -120 -63 107 52 -113 -88 31 -86 -117 -78 43 127 -84 35 -57 16 20 39 48 -111 -6 -88 56 -107 -48 8 -18 88 97 36 -80 -118 -98 117 26 90 -62 -100 -31 0 -47 10 -19 19 -32 -8 -49 122 122 -4 118 -100 50 -46 -36 93
107 66 -97 -113 -74 79 -98 -59 -111 -47 78 -62 93 13 115 98 28 -71 124 30 9 -110 39 -121 -18 -58 111 -101 -32 -98 50 44 -117 80 -86 -60 -65 106 -83 -8 79 -27 -3 -91 -15 -76 28 -26 18 90 -8 -106 84 -6 -72 -65 -21 -103 -44 -30 -58 -124 -42 -51 115 -98 75 -94 -46 -47 30 -98 106 -20 5 -12 -42 -59 -94 89 96 -108 -103 -18 -16 103 81 -2 21 49 13 16 12 -98 33 -44 98 41 51 69 -15 14 -63 0 -128 92 -82 -47 97 94 62 -11 -21 -79 -105 -10 -74 33 80 34 -49 39 -90 -43 -103 89 31 -103 -60 47 -96 41 6 -12 95 119 -100 98 3 66 -79 -68 107 -46 -127 2 114 72 25 36 -27 15 -58 -47 56 -123 35 -77 49 40 53 28 105 -123 15 62 -110 -78 125 -52 0 -19 -54 44 20 61 -113 101 -65 52 99 28 -95 -98 -8 -60 35 -110 -54 -88 -91 103
-30 -90 -112 -68 -33 -120 -8 -34 30 54 -124 18 40 76 65 -71 33 -103 -8 16 -38 31 -7 -61 41 55 112 97 117 -46 -115 9 -80 2 115 55 -41 79 -75 105 23 52 111 -107 56 18 53 -32 109 -79 65 65 -83 22 11 36 -30 51 -48 52 40 -108 -89 -38 22 46 68 33 -39 13 45 -89 57 43 6 85 -111 -36 -99 78 85 116 -66 -79 -28 -67 -55 -95 -25 -99 46 -9 -64 -38 95 -43 -78 49 -4 -81 116 67 77 -41 -29 -37 96 -25 -116 3 97 109 54 -103 110 116 72 -71 100 -117 -63 -2 -49 10 30 -15 -119 26 120 -108 57 19 -108 63 -72 26 106 -21 36 -39 -44 -41 -113 22 -55 9 26 -15 -49 -96 -108 4 76 55 -63 -123 37 -6 -126 121 91 -46 -87 -126 89 -27 108 -118 98 1 -106 112 -57 36 -94 47 20 41 126 -89 43 56 -39 -16 27 120 105 84 -43 -109 -23 -47
70 -112 124 100 -99 -10 127 -25 -63 97 -120 -14 54 13 -25 -99 44 85 32 -104 49 -70 -13 -60 -67 -46 -9 -8 42 39 -124 -66 17 87 81 98 76 -45 -23 -121 -65 32 2 -72 31 -24 -45 -75 3 64 112 90 77 -90 83 52 70 50 127 0 55 -24 -59 -61 -74 -53 2 -95 24 82 79 38 -101 2 -120 -46 85 -94 1 72 65 49 103 -35 -106 24 -123 -82 -32 -117 35 40 31 -38 -85 14 60 -47 -114 -122 -22 18 123 -2 -100 -46 -109 -37 84 -16 -76 72 -2 72 1 119 -122 -8 -94 90 47 -28 106 -115 0 -16 -121 62 -68 76 39 -126 -125 111 81 51 -33 -17 -2 17 -94 -35 -6 -63 103 55 33 48 -70 119 6 -33 116 -16 -120 -22 -80 -28 -103 45 121 34 -40 93 119 -3 -78 -66 -82 7 39 -99 91 -107 -113 118 -64 -36 -4 27 -32 78 -108 17 73 47 59 37 -32 -11 -54 -81
-12 -37 126 -58 -98 127 -119 -112 -45 20 32 -106 -87 7 -16 95 -109 -94 28 73 106 -20 55 -70 -123 4 -30 42 -56 -42 -17 -11 -82 -72 -81 -88 -58 21 39 -119 -105 10 98 -14 -65 -30 -117 104 -120 96 59 53 -9 -42 -127 35 -126 51 -12 -37 -56 -92 39 -51 18 83 -15 -49 27 107 -20 87 -28 -74 41 -31 -89 51 -34 -46 -27 -6 -49 -16 107 102 10 -20 110 110 -35 -87 -78 54 21 -48 75 33 -114 -16 89 -54 -92 103 -119 78 111 30 -127 -124 30 97 -28 86 44 5 77 106 -42 -45 9 53 3 -53 -45 17 -44 -56 98 13 96 80 13 -52 -111 -43 -91 -1 34 70 -66 -83 -33 111 67 41 115 4 -123 -71 -105 110 96 -117 -114 -2 -73 -95 125 9 1 35 93 -52 85 -61 -87 95 57 -34 31 121 -87 109 -117 28 42 -55 100 26 -106 -88 89 64 90 -85 -51 -98 19 -87 -73 -8
-53 -116 22 95 68 -34 1 -52 -16 -48 19 22 116 -78 -47 -70 -31 29 -29 110 107 -65 83 -91 41 42 -43 -47 -59 -86 -120 29 9 89 34 4 6 -39 -57 -43 55 113 -118 29 126 10 57 116 47 -50 75 80 122 58 11 -3 96 107 44 100 85 -4 -16 -41 -78 127 86 12 -84 121 67 108 -61 -77 14 -11 -111 11 50 0 89 52 3 25 -21 64 22 -75 -47 65 97 -112 -120 115 97 -34 -16 105 -18 9 -65 -81 -89 -67 53 -44 64 -38 18 -49 44 109 123 -39 -98 95 -93 -18 17 -73 1 7 27 125 -104 -96 11 66 -92 -16 89 -88 -108 32 98 -94 36 10 -120 -99 -128 -19 5 -41 84 122 -84 -125 99 -84 109 51 63 19 58 -99 -63 -63 -6 11 -4 -15 -123 -118 -94 -16 -43 -73 -13 -14 73 49 13 61 17 -113 -99 -68 -52 60 112 92 1 -30 82 47 31 34 28 -43 -72 77
93 -40 109 -7 59 -39 99 -23 80 -104 -48 -26 84 93 -82 -94 -119 -46 -64 -72 -71 -76 75 -75 -35 8 -80 50 -36 -60 123 -96 42 -79 35 112 -21 -59 116 95 21 20 111 83 59 9 -122 -93 27 -14 -30 58 -54 48 17 6 123 43 -87 95 -1 -65 56 23 29 67 -2 -58 18 38 -1 -51 -108 -118 10 -21 -31 114 34 -113 114 -93 -56 -110 -77 -115 -87 -36 115 -102 -98 113 -68 38 -40 -75 -11 -128 104 20 63 -18 16 -115 98 98 110 -21 59 1 -15 64 19 39 18 0 -26 70 -119 4 -74 -30 -18 -107 87 -62 56 120 -88 -75 38 1 50 -2 47 -58 -125 -51 -100 -61 120 -108 -68 64 -19 -23 -58 106 73 118 -97 115 113 -106 -59 33 -29 -81 23 -55 -116 -123 -66 125 -109 -66 -62 3 -68 4 68 2 76 95 -53 -26 20 -73 -88 -42 -98 30 36 30 111 -48 -97 -102 -84 -50 109 65
84 22 63 94 -89 57 98 118 -32 -70 56 -42 99 24 108 23 -89 4 -20 56 112 -2 46 -25 -75 -82 67 30 59 105 67 -28 -2 -9 108 -55 74 29 -121 -41 -111 -93 -74 20 -76 -40 93 44 -60 -35 28 -47 29 108 65 91 -55 -78 100 117 89 94 44 6 -24 -42 -33 9 -102 107 -37 3 -12 51 -48 -68 100 -32 -101 35 -119 -75 -115 -95 27 75 46 61 79 80 -24 6 2 -5 -6 -93 -81 49 48 105 -109 -50 -42 101 94 109 42 70 -96 98 -42 118 -125 -36 -108 47 26 -66 54 32 91 -111 -65 58 101 38 -44 -101 -108 -119 86 -50 45 -54 62 -13 -72 16 54 70 120 32 -112 -110 86 -83 -122 -103 116 83 -26 35 59 93 35 39 -59 -118 -36 73 99 -116 -52 126 97 -44 105 42 -49 -86 4 -61 36 -50 -26 -20 -60 126 -86 -124 1 78 126 -82 -45 -70 62 -61 16 -66 -93 -75
69 -86 79 100 -47 -51 -1 -91 -28 -12 -105 -38 121 62 62 -75 -79 64 -77 8 1 -55 70 7 79 22 37 29 -28 -32 -52 -97 -26 -89 -86 -46 87 120 -74 -78 19 109 -46 23 -117 -15 -8 -23 -36 17 -103 62 -90 -77 48 118 -127 121 46 118 63 -120 -16 2 7 27 -126 53 -72 -124 -16 -79 123 -28 -49 -34 -73 108 44 -64 -23 126 25 -67 58 -77 69 46 -20 47 116 102 14 99 67 -82 44 57 93 -89 11 -60 -43 0 -47 100 -40 -86 21 119 -78 -91 -62 -38 -95 -101 -127 -92 27 -62 -40 24 18 22 -74 -62 105 -10 -123 -8 55 27 34 96 -114 28 -100 -2 -85 70 -93 111 -85 -94 8 -54 -74 95 124 123 -38 -36 -46 63 -21 50 -18 49 -9 102 -91 50 -25 -124 -8 -43 56 13 -66 -23 -125 127 -68 90 -108 68 68 22 40 65 -23 -107 -22 -35 117 85 -116 -60 -11 -54 -70 -127
120 -93 34 6 59 -30 -40 55 -121 50 -69 96 31 -36 56 54 -30 -54 -34 -25 71 99 -20 -64 57 -40 -102 -125 45 11 -82 -72 -67 -11 -23 -90 13 -83 71 -83 33 62 9 10 64 -117 -28 82 55 -56 95 13 39 -41 -21 -96 5 1 -120 -62 18 121 12 107 20 90 -15 -98 26 -126 -33 -56 46 30 -89 -103 -10 -99 -17 -83 7 -68 -32 57 -67 6 110 53 -36 66 -114 67 92 -110 -77 -105 74 69 -32 -65 45 44 -36 56 41 22 -75 -120 73 -108 -10 -57 -116 23 -7 -90 -116 -28 38 -54 106 -127 122 40 -120 51 -86 -5 80 110 53 -24 76 -109 90 -25 -121 -107 -101 -75 116 -97 15 -124 10 20 -24 -36 -92 119 -10 0 -57 59 105 -43 -35 118 61 122 46 27 -62 78 80 -107 121 -127 119 -109 88 -70 123 126 -80 -60 -22 10 -54 -108 127 115 -31 -20 -36 -30 106 -61 -87 -92 102 -31
63 -104 -40 -55 87 -58 76 126 -85 13 78 -46 -76 97 -66 -46 -112 61 114 77 28 -46 4 -110 -109 33 67 -42 -6 -32 104 37 60 35 -34 -70 -107 -84 5 -57 69 9 84 46 28 -43 126 83 87 -107 51 99 -11 41 92 24 -101 60 -59 69 15 126 91 -56 -62 -28 -35 24 -21 37 -91 -54 -69 -121 -61 114 -71 112 115 -102 44 -23 -58 -62 -24 -68 -60 63 52 -46 82 -112 -86 53 -55 -84 -96 55 -7 38 42 50 -69 12 -8 -52 -97 97 64 17 -95 -124 -123 -23 -36 -62 113 88 105 63 -72 24 -94 84 49 -115 25 85 -39 101 -78 -70 88 49 -57 -43 -41 2 23 -76 113 86 14 -14 45 -23 25 -5 -20 -62 28 -15 -92 82 -124 111 9 -77 -69 94 -6 -27 64 95 61 -2 -90 -62 -102 -107 51 10 73 37 70 13 -116 -8 -20 33 15 -23 -100 -99 -11 -59 29 45 -124 89 115 -80
-122 -98 -90 123 -100 -77 -101 -37 -68 -46 14 34 61 49 -65 1 6 -58 -3 -87 -87 -75 -108 57 -112 16 -83 -91 85 -88 24 113 99 28 -33 12 107 -124 47 22 105 -121 91 24 -52 18 103 -43 69 96 26 -64 90 93 109 122 -80 24 -46 -27 -47 -110 -37 -69 -24 44 -88 20 124 106 1 -37 90 85 -46 -59 -43 -113 0 31 -71 71 126 72 -41 89 13 16 -94 -46 43 43 47 -68 27 -21 100 -48 99 -36 -113 -127 59 59 -67 18 -42 28 125 -58 -52 19 -5 -91 -53 -84 -59 12 -47 -88 26 80 113 -31 -124 -39 -111 61 -67 33 -23 80 11 8 78 48 -91 -24 -30 65 -12 -27 47 43 63 33 50 20 -54 -31 27 -61 127 -71 106 -50 121 -67 -49 -5 106 119 -64 -13 109 -94 -101 23 36 11 -114 19 93 26 -28 -6 22 -57 57 -20 63 69 53 17 72 5 -74 -109 85 -48 88 118
-66 77 -81 83 -109 28 -106 -30 116 42 -67 -23 -12 68 -41 -69 -110 -42 -40 55 8 -126 105 9 -66 16 -53 -101 -26 -121 125 89 -39 9 97 -48 126 -117 -25 -84 9 -13 -96 42 -92 34 23 36 -65 -85 89 -104 82 71 -52 -48 -127 50 -78 30 107 66 17 -36 42 -21 -9 50 -68 -21 29 -40 -110 -14 51 -115 46 120 -101 37 57 -38 67 -34 -98 -60 109 69 -44 -49 -44 83 -124 -83 -115 63 -100 43 -67 67 -94 -26 21 97 115 -16 -118 -96 108 -106 43 68 -103 -36 -10 -68 -56 -92 68 74 74 -49 -93 118 114 -25 -123 14 -13 -91 -84 -66 21 -117 109 -15 51 68 -44 22 34 118 23 88 0 48 43 63 2 113 -107 -72 48 -76 -65 -13 97 -83 -23 100 -6 -117 56 -1 82 -70 -11 10 -27 -89 -31 -97 -2 95 -20 96 -77 78 79 -37 -103 -80 94 85 -104 -35 -123 -37 -67 -56 47 12
-103 19 -121 -118 -122 88 -36 -66 15 79 -29 80 6 32 57 -45 -76 -84 -28 -40 16 -11 -35 -24 36 89 39 42 -76 -95 -87 55 44 107 -108 -29 109 83 54 74 43 68 63 -67 -94 70 -70 66 0 36 32 84 -77 46 -91 94 -52 101 48 51 -69 -14 122 -43 -61 -105 -126 -77 81 -28 94 44 -115 -59 -20 79 -18 108 81 -128 33 -55 31 -103 -41 70 78 46 -23 96 18 58 -102 59 -36 107 -119 -92 -81 19 4 117 92 -111 119 100 -48 5 -71 -62 -32 -50 110 -26 127 83 -97 88 30 64 11 26 -125 28 119 -31 -63 102 37 -62 93 117 1 -123 89 74 118 66 -57 -19 -2 -122 -75 -73 -88 12 103 -74 99 -111 -14 -44 -17 -81 -124 -102 -74 64 54 -113 -118 119 -19 -95 -114 8 56 118 107 -109 28 84 26 -54 109 121 -16 -92 50 -64 69 -33 28 73 -34 -2 -35 -16 26 -21 -89 -30
64 127 68 54 -46 -119 94 -62 -98 110 -72 -126 87 -5 1 77 61 101 37 106 111 72 106 -67 61 120 52 -30 -63 -49 1 -52 127 18 86 96 -92 92 5 98 19 32 22 60 -120 -12 -73 -63 71 -12 -89 43 -109 -68 -22 -115 -103 -54 104 -128 92 9 -54 24 108 123 25 -88 -103 -128 -71 -90 32 -66 78 -26 68 -50 -102 -32 -61 -40 107 68 124 94 -74 7 -122 57 45 7 -74 -114 33 -69 18 56 -71 110 68 69 99 -86 6 -95 49 -73 -92 -10 90 22 -86 -107 -7 35 124 20 124 58 -34 -68 -31 84 47 53 3 97 -104 -39 49 -67 -45 84 33 -3 109 54 -94 -50 101 -61 -16 -4 47 -128 25 -128 -108 -18 76 -104 -19 -52 -101 7 96 -35 33 111 47 126 -26 64 -48 -89 86 -115 -96 -120 67 92 -45 -6 -105 48 -74 -107 18 111 -76 16 -46 -47 37 -114 58 -42 -61 -36 -66 -116
26 29 -7 -25 -40 -17 53 -66 94 24 -110 -11 89 -19 -31 47 65 58 42 -107 -15 -22 109 70 125 -46 -35 -113 19 -13 52 -72 -13 80 85 -89 62 71 -3 121 22 107 118 -4 -95 42 94 -120 -87 -64 104 15 -17 -26 -52 64 -110 100 -119 -45 -16 67 -28 81 45 -38 23 -87 -126 -3 -87 13 25 108 -11 -104 -92 60 -45 -86 -128 81 47 23 36 -53 94 -58 -94 102 53 28 -45 32 -67 27 116 -67 71 89 20 52 67 -29 -43 -119 -53 -18 6 -29 106 -124 -44 28 75 82 -15 -50 22 -94 27 -17 70 -71 -52 43 -85 -114 -51 99 -76 -33 101 -86 94 118 19 -78 -127 58 40 1 -49 107 71 16 2 -82 -28 55 -108 114 -83 -102 102 -117 32 25 13 -9 -95 54 100 119 124 85 82 -15 -10 127 -77 33 -78 -1 -51 -82 -49 1 103 3 -74 -51 92 -16 -120 -18 32 -41 22 -106 -88 94
-2 73 -83 -6 60 -115 -94 -109 92 -107 76 116 -72 -9 110 48 -115 37 56 41 -91 36 98 -75 -41 -86 1 8 120 -98 91 -76 45 127 114 -26 95 31 -126 -83 36 -42 112 -18 52 -86 46 5 49 96 -89 -88 -105 -49 -14 -91 18 -98 -62 34 47 -60 43 -126 52 -49 46 -122 127 41 26 -108 -117 84 118 34 -57 -118 -110 -103 38 71 123 118 9 44 67 108 91 -13 -39 -35 87 -94 -25 -4 -51 -24 -70 -39 -12 2 96 -18 -47 18 -106 -89 -113 121 -89 32 -30 -43 -69 -82 -28 -37 80 -125 116 -60 98 -55 28 -99 80 -84 -23 -70 -110 36 -1 28 21 61 -45 98 55 -88 -35 -19 -60 -73 -21 13 120 -64 -13 33 -109 4 6 -3 -76 -117 124 -109 111 -86 111 9 -128 -119 51 32 80 112 -84 97 42 117 -90 -74 -28 1 -111 89 -114 112 46 12 19 96 -120 -74 108 121 81 89 -92 -36
-39 59 117 -62 -122 -100 127 79 17 44 -64 -69 107 8 -73 41 62 29 29 18 88 90 -16 49 -83 -33 32 -18 -80 21 55 90 -72 70 -1 -6 21 -93 -127 71 12 -96 -71 -16 -128 61 -12 110 106 24 99 -61 17 -18 -110 92 85 31 53 18 -27 33 -39 -91 -38 -98 -38 48 75 116 3 57 -104 -61 -14 86 -69 48 74 3 -8 90 119 52 -114 47 17 101 -95 -40 -73 118 30 48 -122 44 -79 -69 64 -101 125 71 -30 -19 83 -92 60 45 89 78 -61 87 102 -61 115 87 -6 125 46 -79 23 -64 117 -3 -71 -10 -74 -48 -105 52 -113 -10 110 -82 -12 -14 -117 -80 4 -91 -89 100 -26 118 -11 -74 6 60 -106 39 103 -55 -38 12 -3 -59 85 -64 -104 57 32 -43 2 -52 102 6 -16 46 102 -79 77 -92 -50 127 109 -50 -13 92 -71 -94 119 81 7 -64 100 48 73 -107 -107 106 14 -40
-67 8 0 -51 5 -29 95 80 -51 87 -9 -74 -112 18 103 52 70 -121 107 -112 -104 41 87 21 43 119 -54 -81 -70 -78 -25 21 -25 44 -47 41 43 40 79 27 -108 20 24 -35 4 41 107 51 11 61 -75 -118 71 71 2 8 116 118 -39 47 113 -104 -72 9 -46 -97 -27 -81 -53 59 86 3 115 100 111 -85 -34 72 -121 -6 49 60 -94 127 45 -75 -54 -25 -8 -95 42 -94 -13 -4 -14 23 -84 63 -64 -81 -88 4 -103 -119 90 12 105 -19 13 -103 -70 126 -99 -34 -128 58 15 -70 -61 -72 74 83 64 81 68 -32 122 127 47 -119 -98 -96 -114 -62 -72 -5 -91 -24 -63 -104 0 16 -115 -111 88 88 59 11 -41 85 13 -80 -77 -105 -119 -85 -53 29 -89 -122 79 33 86 -114 -22 -82 -30 -67 -68 -30 -47 65 36 -108 109 91 -110 127 60 87 88 -51 115 83 12 13 84 -94 56 -7 124 31
-76 -78 40 86 -113 12 35 -11 -108 53 -111 -82 54 111 15 -64 70 -69 104 51 73 -77 82 -19 -12 -93 47 102 -45 90 -82 -78 61 46 70 97 111 109 7 5 -61 123 45 -75 -117 46 -78 36 67 -6 13 69 50 -43 -60 -57 -33 94 -110 -58 -89 30 111 -118 46 -100 12 66 -87 94 47 107 30 -122 72 -79 9 -92 37 77 44 -115 114 -103 118 -56 -123 -83 -60 -12 -14 63 -19 122 90 4 -18 -47 -6 -99 -85 25 86 -49 -114 40 57 99 -122 -128 -111 -76 -109 30 1 -83 44 52 -24 69 -35 -68 -14 89 108 -83 121 -99 -82 63 102 -21 31 -20 120 -34 -22 33 -68 -60 118 -123 33 115 70 -107 63 95 80 -47 -9 -74 86 -4 -20 -18 -83 62 27 22 104 109 87 101 -107 84 -43 93 59 -119 116 -107 -122 127 -46 -43 -123 33 56 63 95 35 31 -53 42 -112 -11 127 -128 -26 -114 -121
-114 -98 118 66 -84 78 24 44 -5 124 103 -104 59 108 52 116 -16 16 -56 88 -2 -49 90 99 -10 86 18 68 18 -47 111 -88 -122 -9 -124 -113 43 -1 112 -73 -87 -104 -115 83 76 113 -33 97 42 47 -112 28 -90 -105 -48 123 -78 -12 96 14 4 1 80 -110 63 -96 8 -75 -105 96 -74 7 64 -25 -29 35 107 120 42 -36 -9 96 -107 -53 38 -117 35 -33 19 -39 -43 5 100 -117 68 95 -21 -120 -119 111 18 103 24 7 44 1 127 110 -4 80 94 -114 28 -18 55 90 80 54 121 71 -62 -95 81 48 -102 108 -3 53 -27 -25 -42 -90 -16 -60 -96 -123 80 -92 8 123 -43 61 19 80 88 85 1 104 -14 14 -60 -63 17 -58 8 -84 -125 90 50 -89 80 83 -69 99 116 93 -73 -19 108 -100 -119 40 -102 -9 73 75 24 81 18 46 58 -85 105 -109 1 -87 -48 0 -13 -112 -86 8
-91 -31 -67 -74 -42 -1 56 -71 103 58 -15 71 19 0 3 97 64 99 -1 -47 -115 109 97 96 -74 89 -109 -98 10 48 -125 -33 42 -82 46 -83 88 -3 -76 -100 -34 74 -60 -122 8 -78 -79 69 7 -79 113 6 -60 55 35 -13 5 -115 8 96 101 -115 126 -92 3 30 43 103 -91 98 -77 94 0 80 -34 -102 105 -57 5 -116 -42 30 -122 -105 -36 124 47 -12 105 73 -119 105 65 88 120 -11 -79 40 -11 -89 90 -119 55 51 -40 -11 36 -108 59 64 -56 124 -54 93 -100 -51 76 -35 -36 55 -70 86 19 -120 117 34 53 -91 -54 -68 -5 73 -36 4 25 56 -96 -81 75 -89 78 65 -123 28 83 23 67 -5 -49 104 -110 -16 40 -55 1 -100 19 50 -66 28 -109 54 102 114 24 -18 119 5 9 6 27 106 0 2 -90 -39 118 0 54 -73 36 -8 29 -30 -88 75 86 117 -21 -81 -1 107
8 -83 11 -13 -23 12 -44 -87 17 -25 -102 67 16 22 15 4 -56 -39 90 42 103 98 -57 -4 -36 74 103 -59 -108 6 -106 -21 -98 -54 117 -20 83 -122 -98 -127 94 38 12 -118 23 -115 -50 91 -104 -45 -21 49 -25 23 107 86 -84 67 -41 -39 124 -47 126 -26 51 -70 -127 -83 -67 -35 -5 -56 -9 56 24 53 -93 -2 -9 -63 51 118 -97 107 6 -9 -1 16 74 91 -48 59 -57 11 -95 76 -73 -82 -71 -123 4 -84 119 27 -65 2 -90 -85 -57 81 -27 83 -42 27 3 34 41 -27 -93 116 -36 -59 48 -77 -52 42 84 -93 48 55 104 20 -85 -42 54 19 101 127 -9 26 -11 -3 -38 -37 -92 42 -111 96 94 -97 -64 59 29 78 -118 -125 42 48 40 -89 99 -104 105 100 -49 -62 -109 29 -69 43 -37 -109 94 115 -44 74 -60 -113 -48 -21 -69 -120 101 -41 -80 68 10 61 11 -72 50 -113
125 -83 -95 39 -116 -29 123 1 74 -63 -99 3 -3 -109 -49 106 -105 41 -57 -50 105 43 -33 114 -66 -15 115 55 -128 45 98 15 -6 -126 24 -118 24 -98 -12 66 -75 86 74 118 102 -21 -37 122 -6 -38 -63 23 70 -23 -31 56 61 58 -79 7 118 59 45 -123 41 116 -1 -99 -19 11 -126 20 82 -120 32 -5 -22 -38 -43 -103 14 -87 -55 -6 -42 82 46 38 -95 -51 6 -21 -75 113 124 26 -108 85 -124 30 64 -97 3 90 -1 -28 91 58 50 -74 -84 37 -44 30 42 -112 -65 50 -120 117 -46 64 32 57 37 -62 -109 -38 -32 107 -123 40 -13 94 -72 80 37 70 -60 25 0 68 16 -49 32 101 -62 -5 85 3 -39 51 -116 108 -33 66 54 73 -63 39 61 -40 46 -92 32 -109 1 28 113 -35 72 -101 -115 -112 -51 118 -12 -62 16 -24 51 -24 -73 -128 127 -87 96 -90 3 118 -53 118
23 40 -78 70 101 60 -25 -99 59 82 85 113 -67 -34 22 -80 68 -63 -111 -41 45 -14 -46 -48 -120 88 -128 -75 -66 120 -56 3 -37 65 -20 -103 112 -58 -73 111 7 -53 -79 99 -27 -101 114 -13 -82 25 -55 97 -61 -68 118 58 68 -90 125 15 -69 -51 -127 -118 -118 -127 -42 -66 43 113 -62 -62 -10 -11 70 -39 53 64 83 -21 -23 -35 40 103 15 -41 3 -113 127 -44 112 18 101 127 -83 -116 -55 -104 -35 -29 10 -85 109 111 6 108 62 -107 -114 -19 87 30 -94 94 -64 -114 -86 -87 26 -73 -107 115 62 -113 105 36 28 115 -42 -12 -94 -80 17 31 -96 -39 61 115 103 -86 53 11 16 -13 -86 -29 -30 78 -23 -72 -31 -31 -21 113 6 -12 -33 93 71 87 -123 -29 -108 -109 121 -11 -100 -117 -55 116 101 -43 83 -50 -112 -51 -119 43 -67 -103 -103 -46 -120 21 -19 107 -65 52 -43 49 -39 71
90 -31 -96 26 -127 -78 -128 -32 -35 120 -18 -29 -105 -84 -45 -112 32 -95 -118 7 24 -2 97 58 -83 80 -96 57 39 -108 -8 20 -122 -96 -88 -19 71 67 120 -79 25 -23 -102 -95 -82 -57 -70 -115 16 50 91 30 -97 -68 46 -103 73 64 48 120 -85 -113 -84 38 74 105 -121 6 -113 -30 5 37 52 31 121 69 69 39 84 72 -26 30 -42 -41 100 113 106 -46 59 102 88 -118 69 14 78 -5 0 -5 16 -26 15 77 4 2 110 -70 -36 35 -31 -25 -65 82 -53 108 108 -1 -101 -75 32 -101 -93 23 29 -106 -36 -88 -31 -110 113 5 -18 -57 -1 -98 4 -66 -26 62 -31 -42 121 112 -62 -120 -73 -4 -91 -102 124 -77 -29 -123 -88 -34 43 31 -100 -90 113 92 53 -24 43 -82 85 95 -30 41 34 -103 47 84 -15 75 21 -101 -41 56 -116 -30 -78 -1 95 59 68 -86 -4 19 15 105 35 99
-38 78 115 111 46 108 -112 -5 -81 111 -90 91 114 18 -45 -100 46 -114 15 50 11 111 -16 103 -55 98 -26 -23 81 -64 -88 76 -106 -34 -10 -22 -46 45 124 71 115 77 -73 -21 -104 -41 -77 21 20 59 56 -114 55 -6 36 -98 25 107 98 -9 -99 106 27 78 80 115 -110 -63 -11 46 40 7 98 -57 88 5 -59 0 -49 34 124 -123 38 76 34 -72 -2 -29 -102 -4 27 34 34 -86 72 108 -96 -57 89 -16 105 -73 -98 -91 82 -25 -14 -14 20 -81 40 -24 -99 68 107 75 -120 117 36 -31 -44 31 77 -95 87 -80 100 -115 -59 -61 -112 31 -16 -56 -113 87 -114 -3 50 99 -8 -42 -64 -22 56 29 88 -70 34 117 93 89 -88 103 -127 -58 116 8 115 -94 -52 88 22 115 -109 -127 -63 90 -46 109 81 7 66 -42 -72 -26 113 98 -118 98 12 -113 13 110 -59 110 -63 45 93 92 2 -16
-73 20 -104 -111 67 -26 -118 -35 -65 -111 29 42 -30 -80 109 -82 -86 -6 -81 -21 111 -85 -24 75 105 25 97 -58 -48 -18 -65 24 62 -104 80 99 -72 -30 12 116 12 65 17 40 -120 -57 -46 -120 64 20 -104 -61 24 -81 -124 -14 -27 -73 111 -92 -7 -40 12 -35 -14 -87 -103 -16 57 126 -10 -91 121 -109 46 -111 -42 14 -84 -4 22 101 18 29 -105 -122 8 37 -122 21 31 -30 -8 -109 -97 116 33 10 -11 -53 91 -77 -14 0 64 87 -40 -106 -57 54 -28 119 -85 -91 117 110 -9 108 41 83 49 33 -122 -10 -71 79 -114 94 -116 -98 -74 -13 123 120 -116 -38 7 -87 -2 -69 -49 -64 41 56 -101 -67 -35 36 117 -118 121 17 -106 -37 99 -93 90 -38 -62 -83 57 6 -105 37 41 39 32 44 -24 91 -108 103 28 1 103 104 -76 96 106 114 45 113 -80 109 48 43 120 -59 -87 100 31 4
123 121 -118 37 -78 -8 -70 -42 -81 34 96 65 75 -9 89 -70 -80 -110 -57 -91 110 19 74 47 -46 -33 -75 63 -48 -18 -120 -40 -35 -49 -105 -65 117 -79 -22 41 -58 -64 -120 -100 74 -99 -29 100 74 31 -9 95 42 10 55 -89 53 49 38 -118 -127 -52 -102 13 10 13 -99 19 -43 9 -56 3 67 63 -51 3 100 -63 44 -23 74 -2 64 -54 -47 -35 -13 50 93 -114 2 -104 -16 -86 29 -7 54 -15 16 -87 -43 83 110 106 -55 -51 -22 92 33 91 69 -72 104 -106 -128 54 66 -72 64 50 -50 -51 -2 80 81 105 22 35 -15 -36 71 73 -97 -44 6 102 -63 88 57 80 93 -8 -112 -63 -55 -49 -47 -11 -63 125 103 81 -72 70 -10 -105 32 -62 -46 -119 68 99 -122 46 -65 45 24 -16 41 -58 48 68 102 -103 -24 -87 98 79 -125 -21 -2 -55 -30 -11 -73 93 67 127 47 59 -86 -41
-4 -84 88 -111 -44 -44 10 -111 35 89 -82 66 -31 -70 -9 37 -120 -120 -58 109 -69 -127 48 109 -18 56 1 25 -32 46 2 3 82 118 -107 -15 65 55 46 -70 126 117 -127 -115 69 20 90 -78 -103 -20 85 -25 58 -107 103 -25 -6 -46 -41 -126 83 -21 -5 93 -53 -77 61 115 96 -117 25 -74 103 122 -51 -69 -29 -15 71 -72 -108 -94 -25 17 123 -1 -4 -120 -15 53 -65 115 -126 21 -91 -90 -83 54 -83 -57 70 -60 -102 -18 -103 -20 -114 119 114 87 117 -68 -1 -77 10 -114 -112 106 -83 27 85 -76 83 -53 -76 118 21 96 25 0 32 -21 105 21 58 106 17 -118 -55 -126 -63 98 100 -30 82 68 -100 33 -59 75 -27 -13 -54 -72 126 -60 -8 -15 -2 -43 43 -96 31 -123 81 -28 -6 62 100 119 -125 -90 -101 -82 44 83 -31 -124 -108 39 14 -97 -125 -29 52 -37 106 77 90 33 97 79
-56 -46 69 81 72 58 22 -77 39 62 -127 -114 -42 -100 2 -8 39 -91 -48 31 -99 -90 35 -114 46 97 -15 -25 -18 57 -82 119 23 66 48 -81 81 -104 81 29 83 -9 -84 12 101 5 -97 -37 25 120 45 84 -118 -45 -44 48 -24 78 -29 47 -25 -62 127 -66 91 -109 80 -105 82 109 48 -104 125 -94 -2 74 119 -31 15 100 9 88 -127 43 -4 -3 42 -124 -7 -23 125 29 -19 -97 36 25 -108 48 -33 41 -2 59 -83 76 34 76 -45 63 -86 80 -82 26 62 -65 -121 -30 50 -50 59 107 56 89 -119 -34 106 -65 -44 32 53 60 60 -41 -77 -48 -22 -127 6 -28 103 27 114 70 64 117 -107 -83 32 15 108 -91 -66 -92 91 -114 29 -91 -11 -69 60 -15 -119 -15 64 -81 125 -32 102 -94 78 -69 -60 -12 -118 78 100 17 -22 -29 -43 -25 -18 39 32 -122 63 65 116 -124 -121 96 -26 -39
-95 69 -86 -93 72 -100 -45 -2 114 118 50 -87 -15 -54 68 -111 -37 -5 20 -122 54 105 59 -17 -76 -48 5 -4 -83 41 44 88 42 73 -32 99 3 76 -52 -43 109 105 30 -86 -27 56 -84 38 -98 24 -46 -41 123 -86 86 -69 -69 21 -109 11 -82 -7 113 -91 9 -36 15 84 83 -29 -79 40 -108 -45 -6 -123 -93 -103 -26 120 18 3 66 70 66 119 92 -49 -73 -74 11 65 -60 117 -25 -64 55 -120 -111 -29 -20 -106 -35 -56 -1 -61 -9 -7 24 -105 106 101 -2 21 -92 20 -20 97 -71 31 41 37 87 126 -45 85 102 14 -43 -110 119 24 -14 106 66 -21 -107 20 -113 -23 103 -42 -90 -6 103 -5 -55 -5 81 17 -19 -120 -90 39 -117 36 -63 -36 58 -61 2 75 -93 -70 64 16 96 -120 126 -126 1 -95 97 -110 -99 24 49 6 64 -16 -96 -16 -86 -5 84 105 30 67 100 12 55 -78
-35 -78 46 74 -51 102 110 -1 7 59 91 -38 22 92 71 -24 -116 -77 89 66 -67 -77 -85 -116 122 -72 -68 50 2 -30 -109 89 62 92 65 105 -41 30 -127 -35 110 -64 83 27 -123 91 -59 76 118 -54 -84 -12 -100 -48 -10 60 -84 -108 -78 10 -39 41 42 -51 12 -86 -126 120 -123 -104 101 -61 -110 -23 78 37 20 -106 22 -107 -113 90 -120 51 -78 -29 1 -117 121 27 -45 -22 75 -41 61 15 104 -84 23 44 60 -67 34 -1 -44 -84 24 -86 81 108 -3 -32 35 79 -28 98 -57 -93 -95 -35 -86 -66 62 71 -91 7 17 -119 -90 -57 42 102 81 47 -78 -2 -23 -39 71 15 -103 37 81 -116 -83 100 -41 56 -49 79 -128 40 76 -75 -56 -56 10 -55 -52 13 32 123 -115 20 -85 -57 43 -46 123 23 67 -62 52 -84 15 -97 -73 87 49 -103 -118 46 -125 95 -103 -65 -20 47 9 69 -13 -64
59 97 87 -17 -82 -43 96 45 -111 110 -110 -63 -107 -68 19 42 -86 88 98 21 58 90 87 -52 -88 104 39 113 -91 -77 -72 -22 18 104 70 63 -9 -51 -75 -114 64 110 -70 113 -122 73 66 75 -77 12 -2 -126 -77 -111 41 -47 -114 124 -98 89 101 -114 58 70 40 13 -88 92 28 -100 -111 -51 -104 -39 -97 92 100 7 -49 42 21 122 104 -124 -45 117 61 -52 -14 91 -109 7 -48 82 104 -78 -46 -35 37 27 -29 43 66 15 50 118 -19 -54 56 43 -116 123 5 50 -95 89 -54 79 -66 14 -13 123 87 121 22 39 -77 33 -43 94 60 22 -99 -70 -65 -126 -113 -10 -25 -7 30 91 98 22 -54 107 -17 59 58 37 -93 27 -124 -94 -15 -19 87 4 106 45 50 17 -60 90 -40 114 127 -13 -111 110 75 74 75 -45 -94 -20 30 -82 -116 87 -95 87 88 107 -19 -21 -86 81 52 125 57 -44
-7 -58 32 86 107 115 15 -102 -121 -98 39 27 44 26 -80 -11 55 -21 79 -52 74 -41 47 52 -37 -17 98 95 73 85 67 -114 -51 88 41 -86 -59 25 -112 70 95 -78 -18 33 75 -109 85 -112 -64 -19 90 -119 -105 48 -76 57 -57 101 23 118 55 -24 102 -114 -68 -109 -60 82 -26 72 57 -114 115 -128 17 -127 -114 -122 27 91 -47 41 11 74 73 -121 29 43 63 -43 -111 29 -67 101 -87 -55 8 -54 49 73 -43 -128 -43 33 85 103 -97 70 101 18 -17 11 -104 -79 109 -84 -112 119 26 -46 73 70 -95 44 68 -29 -124 -69 60 -39 -90 121 -49 -106 114 51 13 85 94 55 -60 50 -74 -54 122 15 -97 -122 88 110 -84 126 19 -107 124 81 -8 10 121 34 -4 -14 -116 77 -113 7 119 -33 -80 106 118 7 -20 28 0 46 21 -110 -87 95 56 48 -50 62 -122 -18 -36 39 -16 -98 40 35
-96 -20 26 59 -110 -77 105 -59 -7 83 114 -45 -54 -113 28 30 -117 -112 -32 -123 -22 86 -123 41 -43 17 -121 24 -25 -81 -110 70 102 -97 94 -4 17 -20 19 108 31 64 36 -118 59 55 -117 -124 114 9 69 7 10 -54 24 72 42 46 77 17 108 81 119 -82 20 -118 -17 -49 111 112 74 -117 -90 8 -28 -82 -46 19 76 -107 80 -16 -41 26 -127 15 -80 43 107 38 15 81 -64 41 32 26 -8 114 -118 -50 -74 -56 -17 -107 -79 -23 -121 -26 -89 75 19 -114 -89 -40 -120 56 -77 6 98 98 -44 -56 24 -64 107 -55 -65 -15 -57 -28 52 -51 62 14 -42 69 122 -66 51 -76 125 119 14 76 -122 -42 -122 -33 70 2 -104 115 -70 -17 -120 22 10 101 -29 -48 -122 -71 -62 17 93 61 -31 -65 60 -31 -125 -116 -76 -93 66 67 0 -1 -75 63 -63 120 -49 56 -73 68 17 86 -101 -90 121 109
113 -20 17 -92 74 8 2 121 -92 -98 -26 -47 93 59 13 5 -67 39 -91 57 39 119 95 -59 88 112 -46 109 -119 108 28 -60 93 -88 -33 -37 65 -68 53 8 -22 57 -57 109 -30 -99 -105 -126 -47 -88 -98 84 -23 -102 -109 71 -48 -117 104 -24 30 -48 -126 -11 -59 122 -58 -15 -107 -23 -56 -31 -29 7 8 -1 87 -73 84 114 98 -85 -76 53 86 93 18 57 -99 19 -99 -69 -46 29 68 -42 85 78 -1 -74 -27 108 63 -97 78 46 -22 83 100 117 99 -90 -112 95 -122 -110 -64 32 -64 85 -33 -55 63 99 85 86 -85 -13 56 104 -3 -67 -124 -97 116 85 124 78 -19 6 108 -5 38 110 -77 -117 -89 -65 96 62 -26 -90 87 -105 -104 -88 -78 -125 -90 108 -39 87 110 82 31 93 34 -46 -88 14 -76 -78 -91 -82 -102 -27 -45 -95 -119 -70 -119 126 74 86 103 -62 -31 108 -45 -87 -112 63
116 3 -21 -12 -84 71 -96 36 117 -113 -99 -110 -112 -19 26 22 82 -40 110 -90 111 -43 -51 14 -127 89 79 -83 18 19 109 74 13 14 70 -46 -24 -25 -125 51 37 87 -23 -124 -58 -114 -103 -4 -123 -118 -115 -6 2 -6 88 64 51 -68 45 -15 101 5 -126 -2 16 -5 29 -68 -92 -29 92 67 100 -3 -42 -81 -18 86 49 124 -45 43 55 86 -53 36 35 -11 33 57 112 -43 -28 -34 69 45 106 60 -34 11 36 20 63 -101 -94 72 41 29 -67 96 -11 -105 -5 54 70 -12 -7 23 84 -74 10 127 38 -113 -114 -128 -128 -8 -71 -75 -23 72 94 121 -118 -42 -104 68 -37 -78 20 89 -105 81 18 -29 118 -57 -101 70 109 60 -21 -121 101 44 -61 80 -115 -26 71 36 -89 -87 -46 -103 -102 -17 -1 17 116 67 13 -70 61 -60 -56 81 -49 58 87 103 -21 -22 37 -30 43 -38 103 51 -74 -128
-124 44 56 77 -45 17 117 -75 70 68 -10 -29 -97 123 100 122 118 16 95 22 -78 52 112 105 -101 -31 13 7 -87 -104 -30 -98 -105 54 16 -24 119 35 -114 -99 -84 123 71 -37 -25 -46 112 37 -87 30 -31 22 80 89 65 -80 12 53 -59 8 -41 77 96 -65 -57 -39 -89 -105 -37 113 -112 113 1 -115 21 -27 -31 41 -104 11 -38 -72 -66 -66 -24 -9 16 78 -82 84 82 -12 78 21 -55 86 -3 -115 -105 -75 72 119 12 -16 120 -3 122 5 -20 23 -103 88 18 118 -69 -106 51 81 -52 -107 106 -62 -67 -89 -125 25 57 -27 104 -79 117 -59 116 21 -68 22 -84 -11 -24 66 80 -108 -79 -56 -7 42 -11 104 -45 114 104 -12 -56 49 -46 -58 106 -73 -26 -38 34 101 2 86 27 82 71 17 -84 121 116 39 57 -100 92 -110 -128 -118 -74 123 25 -79 -84 -46 -99 118 8 -84 -126 -51 73 98
-65 -12 -115 16 -16 -43 -27 -50 -66 33 12 -50 8 22 -24 -78 -76 78 60 109 29 84 91 43 6 -64 83 -128 125 52 -115 -120 72 -22 -4 31 -95 -74 107 31 2 111 36 21 59 -81 61 90 -33 122 4 -9 -117 -122 -86 71 -61 -12 -52 -62 70 -111 71 30 79 93 -104 78 47 65 64 118 25 -66 -7 -93 5 -20 117 -36 -26 -62 -38 -51 -29 30 89 79 -101 -67 -113 53 -78 -112 -80 -89 -59 -73 -113 124 -108 -22 -110 -34 45 -119 37 -20 -78 28 -100 64 37 -104 11 110 22 -5 -81 26 52 89 -40 107 61 -51 41 114 -100 -60 56 -9 79 39 87 65 -7 -12 -92 -69 -87 48 105 -125 -52 23 125 68 -77 -115 34 -104 -59 40 95 45 -27 44 -96 126 -127 -67 -76 95 84 15 -42 -34 79 -30 -82 108 121 50 9 -7 43 124 72 18 -44 125 30 29 112 15 24 -101 34 98 -45 120
-33 -124 -96 119 122 82 101 65 -22 106 66 3 -20 0 98 -118 59 123 -6 -107 58 -48 -25 94 112 62 -28 -70 -76 39 -128 -78 34 -3 113 55 30 6 114 -33 101 121 -117 -38 42 95 15 -22 101 24 98 38 109 46 -11 -74 -125 82 82 -33 108 -106 76 -67 -28 -115 92 -36 -12 118 -18 36 -101 -28 -110 -47 -19 42 35 -33 -117 -52 82 94 57 20 64 121 -20 -13 -83 87 92 90 -43 55 -119 68 -115 -48 27 63 -31 -43 106 28 63 4 -117 -78 -24 110 -49 -63 16 92 -94 -2 -116 -12 -85 -77 -100 -100 -91 121 98 51 93 -50 107 -55 -54 69 95 -31 -78 36 -45 127 8 -126 91 39 -122 37 4 108 -127 24 117 -35 -84 -92 -88 83 116 -121 27 42 36 -29 105 108 55 80 -101 72 -108 -19 -44 118 -1 -122 62 126 34 23 24 -121 111 -85 100 58 -66 -36 96 -64 -114 6 60 82
85 68 -47 -111 40 -36 70 23 101 -109 -4 -48 -28 -121 112 103 118 -70 -58 19 -27 70 1 -20 -92 112 77 -15 67 60 -39 -87 69 67 -98 105 -101 102 -66 68 8 -48 -13 83 -53 0 -29 59 -66 -61 -61 88 79 -20 65 -52 -111 -72 -79 44 -6 -65 -73 -54 112 -99 -14 -117 36 5 -45 -30 59 -23 123 -74 19 64 -113 -16 114 -18 10 100 -53 -52 115 76 -117 92 -100 -41 -59 -120 -127 -71 59 127 -59 53 -59 15 -70 61 -87 62 106 -71 -16 119 57 -70 55 92 44 -126 104 65 -114 -64 -87 -63 -69 40 -67 75 19 -86 35 117 -83 116 59 64 23 -58 64 20 -25 -21 30 -125 -98 -49 28 -16 -59 -83 69 10 77 -120 -61 69 -8 117 -39 -6 -13 19 10 110 -88 77 83 78 -41 105 22 119 -111 -28 109 -16 -55 -55 -5 97 -101 -52 -89 76 85 -12 -61 -24 -18 -6 113 -124 5 124
-6 118 3 -67 -103 -31 57 -95 39 77 15 -100 -76 36 37 -102 -20 98 78 -100 25 -118 42 97 -26 7 13 77 19 -8 17 84 -58 96 78 -93 113 79 38 61 88 -9 86 24 31 69 -32 6 -90 -20 -34 5 -102 44 92 -28 65 23 -78 -57 -63 -101 -3 -99 38 88 34 -102 -108 85 71 103 85 -71 -62 -85 111 24 17 107 88 69 122 107 105 62 18 115 -20 4 -78 -75 -12 119 107 75 -94 -112 -55 -24 -11 34 29 74 113 92 106 92 -70 114 -14 -98 96 47 64 -126 26 -89 -14 -122 43 81 44 54 89 -81 -43 -90 -53 16 7 113 62 124 25 10 -102 -3 81 5 -62 -23 78 61 93 69 40 -23 98 -60 -44 -58 -14 23 -100 -108 81 -112 -58 -8 87 17 -30 -22 102 73 50 -18 122 -124 -95 30 -10 -20 -106 62 50 -119 78 -122 120 -13 -38 -68 -50 3 -89 -23 29 -91 75 95
-28 68 -4 5 2 42 -82 -77 -61 52 -13 -2 104 111 14 -43 -18 -39 -74 -90 102 -74 100 21 34 -23 -56 -100 -54 -75 33 24 121 98 -24 127 65 87 -115 74 117 -125 -43 -44 12 -96 30 50 -106 -35 89 -64 -12 112 -42 -115 91 -7 5 -53 -38 11 -19 82 -77 88 20 59 96 13 -113 -12 43 -86 -34 54 -72 -18 96 104 31 22 112 112 -40 -5 0 84 86 95 114 -40 -78 -41 43 5 30 124 -100 -111 74 67 -38 -107 -24 -4 -100 19 60 -119 -3 -19 -43 -68 7 72 47 17 22 -87 -80 -112 54 122 118 -121 69 -114 -34 88 1 17 -110 -37 120 6 -29 -2 -114 117 -103 -107 -63 -80 -43 -47 28 -78 -57 -36 91 -73 30 -77 -59 -36 -27 32 -48 42 69 16 42 -34 -42 -84 -46 -49 -51 -7 41 -7 63 58 -72 100 77 9 -92 126 120 -15 107 -106 -44 118 80 122 60 85 -2 7
-118 78 85 98 116 95 -21 18 -9 35 7 -7 -30 68 -122 53 49 -23 -39 -97 84 -75 38 19 -101 -107 -91 -107 49 31 85 98 110 99 96 36 127 -51 -54 -20 -13 -91 -94 16 58 103 33 -96 -75 -103 85 20 -97 75 -60 -121 110 -127 93 -102 52 -105 -16 -27 -98 102 8 -88 99 -92 16 -121 22 110 -16 -29 115 34 11 -127 12 74 111 107 24 -65 113 -3 59 -29 5 -90 110 -61 -11 -98 -29 68 5 -82 -24 -94 35 -72 64 104 -14 55 30 -41 17 94 110 -42 -21 -106 -94 -95 3 -113 116 115 97 -52 85 66 104 69 89 96 -49 -108 -89 -17 72 -9 -24 -113 36 -100 11 56 -48 39 104 -104 90 -116 -63 -17 -79 -44 -112 90 10 -95 -53 104 -107 -109 104 -126 113 52 111 16 -26 -109 10 99 -36 14 -93 -111 68 -45 3 16 13 103 -37 31 -58 -46 72 35 81 -18 -92 101 103 -79
-22 -88 -17 -79 -118 -18 -2 104 -77 69 91 -32 -78 -101 41 -96 12 63 21 -85 -14 21 39 12 -28 -66 -119 81 -18 -128 50 -35 5 39 32 -90 -22 25 -125 17 -104 -59 62 101 -28 9 -114 39 -33 -30 66 -115 -117 -11 33 -15 -89 92 8 -100 111 115 102 29 8 -121 51 15 -2 16 99 91 -102 -56 -44 -57 -9 65 -87 -99 -25 56 -42 114 -76 -116 -95 -40 -58 -43 113 -30 37 25 -79 104 -11 -58 114 -125 89 38 -21 -3 84 -72 1 84 -33 -63 44 36 -94 -41 -111 -8 127 -97 21 7 36 -103 -10 -58 -109 -19 113 -69 103 -9 46 -117 20 22 -1 -100 91 70 36 90 8 -54 69 -53 -110 11 -39 -124 46 119 41 92 78 56 -57 111 -44 -84 -124 114 -57 -87 -27 13 -16 -14 -73 87 -14 -95 13 -59 93 -118 98 -99 -30 -123 -93 -84 65 -116 -14 83 -50 -113 92 107 -25 -38 30 91
106 120 -118 39 -6 81 60 12 111 0 52 -123 -121 -16 112 108 -68 58 -85 87 120 100 34 48 -24 -12 -44 -71 -90 -73 113 1 94 -55 -17 -87 52 68 111 -86 98 26 63 51 -62 25 32 14 -48 24 64 -96 53 -32 118 89 -124 110 96 -122 52 7 -128 -35 -65 -44 -33 52 47 -18 118 94 52 -41 -105 70 73 -123 -27 75 -32 -10 71 87 50 51 23 40 122 -84 33 70 57 19 -43 -60 5 52 85 61 -33 127 11 -85 -59 -30 -115 52 -46 -29 -53 -72 -101 14 -114 -37 102 18 -91 -83 -121 -51 -115 -36 -126 -13 -83 67 -99 45 -61 74 102 32 11 72 -72 20 -72 3 -50 -104 127 -66 79 57 109 -50 -80 -42 54 51 67 86 39 -91 33 66 36 98 70 101 -107 59 -68 17 12 89 -112 126 -27 55 -47 -108 18 -42 -31 16 104 12 35 78 74 -106 121 93 62 106 -27 79 -100 -86
-60 86 9 34 103 -23 21 126 50 75 -99 -71 -90 -40 -62 1 -51 -50 -128 -49 -15 -76 -28 58 -3 -53 -82 -28 77 90 109 -13 -87 -45 -102 108 22 -24 41 -2 39 -59 56 -124 -42 -44 72 76 85 96 -68 -36 96 50 -21 -55 -98 82 -60 -73 98 1 34 -80 0 -9 98 -12 -8 108 -33 -69 -114 -30 37 -98 102 -81 123 -110 37 -15 95 -58 -100 -74 6 110 -27 -66 -46 113 -58 119 97 111 19 31 30 -76 53 -118 -57 25 32 115 -59 -107 -49 64 88 -100 -73 11 102 -106 -75 15 70 -13 -19 11 126 10 -33 -43 -49 99 -53 -55 67 -72 -68 -68 -16 -58 115 -65 -10 -100 -94 -6 113 117 100 89 113 -111 30 48 -55 90 75 -46 44 81 25 99 20 31 -60 4 -123 -125 127 10 -77 -1 54 110 35 -92 99 58 114 3 18 -26 -71 12 -12 67 36 -55 -83 44 -6 85 36 3 -41 -15
-63 98 118 -81 -9 85 119 -21 53 -116 52 -114 28 -49 113 -48 -32 -84 -55 66 -80 -71 71 -86 -58 -7 44 -122 6 -128 -40 -31 -76 33 71 77 -90 88 125 -44 47 73 -85 124 -95 124 125 -117 122 100 50 55 16 106 19 75 -5 -125 18 82 -65 96 44 8 -12 -100 36 -128 32 -30 -27 14 112 32 -80 89 48 19 126 76 78 35 38 -51 36 -62 -127 104 83 -81 50 19 105 23 -20 -20 -5 54 -102 111 -64 102 -101 -37 12 40 -112 -115 111 -121 88 61 -53 -6 -66 -110 -104 -12 -28 127 55 -17 -125 -42 -32 -4 76 12 105 66 53 -112 109 -72 12 27 97 51 30 -91 83 -95 -82 41 -17 4 -54 7 -69 78 -107 -26 -124 -125 -37 -4 22 76 57 22 -118 -92 57 43 -19 110 -36 27 -113 -32 96 -113 46 -55 -51 25 71 -102 4 -38 -114 -92 -29 92 42 -126 -116 -96 4 -119 72 -71
-60 96 108 26 49 46 -38 -38 -6 -49 -3 36 -122 35 -92 97 120 60 35 58 43 -68 33 -45 89 71 106 118 -83 -15 10 -102 68 8 -92 28 -80 -81 -22 49 89 -30 105 83 11 17 -58 114 -10 34 -9 32 87 -91 -114 5 122 -1 -104 15 86 -39 -12 57 34 81 29 -17 111 77 11 126 7 84 86 38 0 57 -113 -24 -117 54 111 14 -48 -102 -49 -73 -78 68 119 -100 20 -79 -106 -128 40 95 107 -118 79 -97 11 -126 -109 93 -43 41 -98 12 30 -81 17 -108 77 -124 -103 124 117 54 -16 35 -15 -1 110 21 111 124 -1 50 52 -82 -29 -13 52 99 -60 -87 -110 -36 -5 -118 55 99 118 49 -96 89 -127 -17 -47 -4 -38 -57 -70 -115 99 75 79 95 -28 -90 -52 -91 -102 -59 -105 71 21 69 9 83 79 -89 77 56 -101 64 -43 119 9 66 22 4 71 32 -114 46 67 -38 124 127
-18 -80 -33 -43 94 -29 119 89 94 86 43 120 99 118 20 -113 116 -69 26 113 -102 -110 88 103 -2 -5 -14 101 66 53 -27 -118 -52 -31 -28 -97 -107 -51 -33 -99 -32 -65 78 99 86 24 58 6 -121 17 94 -6 33 60 -69 -114 -112 -63 -91 3 66 24 92 43 -60 72 120 -47 60 93 11 -107 -25 63 117 -45 -124 -107 89 41 -63 -53 -9 -48 69 -119 -56 -15 -117 43 91 123 -112 114 -60 -82 104 -64 -2 87 -7 -45 95 33 -68 100 -33 7 107 -96 124 -12 -40 25 96 -34 -84 -2 -112 3 70 -34 -123 59 62 -95 -46 -44 -128 38 -28 -75 -71 73 -41 96 2 -106 36 -60 66 45 14 21 -73 95 -61 99 -74 25 -115 61 55 24 22 -66 35 9 47 -64 -113 -71 2 52 -1 59 -26 13 99 -18 -60 -105 12 79 -90 -110 75 103 88 -122 -8 119 79 -62 113 15 -58 -49 -76 109 -90 -40
-59 33 18 32 56 8 71 11 -18 38 -59 74 108 123 127 100 84 -87 14 31 39 -86 -119 -62 -106 -2 -79 -78 85 -122 53 -123 -60 3 -118 71 -54 -26 -58 119 101 29 24 24 -8 99 -61 91 53 25 39 92 -97 -86 -83 104 97 11 -115 -92 23 -86 7 23 8 10 108 52 -8 15 -69 -3 41 30 -121 41 -60 8 -119 86 49 2 -54 -1 -77 -23 -76 76 -32 -72 -105 32 47 -117 69 -16 -37 66 71 27 -46 -65 -100 -62 118 -71 -119 70 7 35 -42 -112 -47 74 -91 -86 -109 -87 -17 -30 21 -38 57 14 -45 94 -50 33 55 -8 -83 -57 34 -115 -118 122 29 27 4 46 21 -36 -36 56 -123 -44 -117 93 38 -67 45 118 -27 57 22 42 -23 118 -16 -69 47 -11 -28 -18 36 -91 -126 -55 -127 -95 92 -27 -3 -110 33 77 -116 -13 -34 74 116 -98 -12 106 42 105 -19 31 121 -107 -47 29
119 102 89 -44 -45 -64 70 -4 48 -25 -105 -12 56 69 69 -125 -60 13 124 -66 96 118 -59 48 47 103 -49 41 113 -124 -86 -33 -56 110 43 15 -62 69 -10 97 77 -9 97 0 29 35 -59 -82 -19 58 -57 42 32 45 55 121 63 -42 -85 -95 36 -3 21 -53 34 -50 10 1 -36 -80 35 -107 -77 -30 -19 33 -73 -75 55 97 -21 0 51 29 9 -67 -20 28 -65 110 -12 63 -5 66 -36 73 118 -14 94 -72 -94 35 78 -74 99 -8 -123 40 -110 70 81 12 30 65 24 -93 43 -85 -85 -85 -52 19 -45 63 77 111 103 95 -35 -31 32 -25 -113 92 -90 70 -10 14 5 65 45 -48 -105 -32 -5 117 10 -105 -64 -30 -22 111 3 -84 -84 -67 12 77 55 -42 -114 24 -36 106 -73 103 -6 -78 -68 -7 92 -62 -104 -69 -111 76 33 -124 92 125 -86 -42 52 6 119 97 87 -11 116 -99 109 -114
39 -106 -11 -66 -116 -101 103 68 -123 -125 40 -70 70 10 -76 90 88 -27 66 41 -96 -6 10 -112 -46 -20 -99 -128 43 71 -66 -9 114 7 26 -65 -2 -83 -74 43 -49 43 65 55 -16 56 -85 -119 -82 -123 -67 -81 85 15 -70 -19 39 -74 77 55 34 74 13 115 -111 -61 74 -93 44 -108 39 -80 53 19 -105 78 85 -103 -86 -66 -55 -35 56 101 111 59 -109 51 79 -61 23 -23 -71 106 -75 28 -84 124 65 38 61 -64 -92 34 -46 -45 -26 -78 -113 -30 82 97 -77 -49 119 -68 -45 -71 73 -29 -3 107 87 56 -111 -59 -5 -44 96 5 -33 75 -57 -92 104 -14 -90 89 93 26 69 -45 17 48 114 94 -89 5 -2 83 5 -52 -9 70 -42 25 4 111 -73 23 -46 47 -100 -42 -86 55 37 30 11 -29 80 5 -105 -52 -31 123 -127 -108 -113 98 -119 -66 -92 -5 -62 -59 -25 -69 -46 87 20 58
-118 -12 -30 23 6 -81 7 80 -14 1 65 -8 -115 -1 60 94 45 -126 -65 11 -52 -41 107 60 38 -39 44 -19 -39 34 115 -74 -71 9 -64 -14 44 -108 -88 70 22 47 -62 9 1 -127 -127 -52 -23 -72 -118 72 41 -121 46 -89 25 80 120 88 -86 -70 -113 99 -46 -113 -107 -97 50 121 41 92 -3 0 25 -115 60 59 105 -113 -78 -3 118 123 -101 120 -58 -50 -21 110 52 24 -59 78 83 -83 18 -48 127 -127 -88 92 110 -35 110 38 40 -59 -115 -55 12 83 -18 -6 86 -107 -52 -108 -8 -22 101 -38 2 -74 20 -58 -104 -35 -105 -102 66 111 11 -90 -23 -57 -46 61 -43 -103 -12 18 -43 58 -10 68 110 92 30 -4 59 -85 -37 90 49 -83 -123 -22 -97 101 -85 28 -100 -46 113 -38 -106 -128 125 -45 -3 21 -32 -29 13 -19 -17 -72 -67 106 110 -100 -87 -78 30 -85 97 20 -85 41 96 19
-127 -42 -88 60 -5 50 112 26 57 -85 117 -99 20 37 -107 -114 39 -123 -31 -58 114 46 15 -20 75 126 -64 7 -84 -106 -68 -72 19 -41 -17 -5 -68 -112 -109 61 -11 -57 102 74 75 -81 11 53 -96 -92 69 -110 52 -113 42 -97 62 4 41 -80 108 -4 62 -31 -41 15 -44 -104 -55 17 64 -88 -4 -94 124 78 -75 111 103 72 -49 91 95 51 -25 116 -60 -23 3 -4 -84 -95 81 104 93 -42 48 112 -40 109 -53 -66 55 86 86 37 -99 -7 103 -50 -90 -62 121 -64 27 -92 100 -87 111 22 -116 -26 -124 -70 56 -59 77 62 67 92 16 -18 -122 62 3 -9 13 -2 -48 -96 -53 39 34 76 125 -52 74 -80 -38 123 -82 -41 -89 121 14 57 68 -103 -19 118 80 51 55 118 122 37 -77 -22 115 7 65 -109 75 -96 9 -76 120 -31 -7 109 99 77 -11 120 83 118 33 41 -99 -85 -93 -72
23 13 -100 -80 -15 8 70 -86 -18 -65 84 -73 -11 11 -104 109 4 20 2 -77 -22 -22 13 78 -68 68 48 -80 -27 -56 -8 124 41 -2 -80 53 1 -57 72 -91 -27 71 -16 -29 97 -90 75 -65 -107 87 -110 83 93 -74 -96 -51 102 67 118 123 114 127 -36 -26 -55 -56 80 26 16 110 -59 50 54 -32 11 -97 30 -118 -2 -16 -103 -94 96 78 -61 -30 -101 -80 9 -90 15 -75 -8 -116 8 -54 -47 -3 37 -108 17 -74 -86 -66 -83 40 105 -95 -28 -40 -100 -14 20 -112 80 -89 -125 84 -94 101 86 17 67 58 124 49 -73 73 -58 5 45 -62 -87 88 -111 -101 -66 101 28 -89 9 60 -119 30 48 -126 36 53 52 37 -61 -22 122 98 85 -24 21 14 -29 0 -106 115 40 10 14 -67 -106 111 -19 99 37 3 -2 -74 -8 -45 95 73 -76 106 -46 -60 -72 18 -95 3 70 -106 75 15 56 98
100 126 124 -39 30 -122 -25 -41 -59 -7 -18 -124 119 -21 -76 82 50 115 18 -26 -64 -20 -83 -27 -54 92 -100 114 -67 125 -61 18 52 -128 83 -49 118 111 -119 91 -78 117 -61 15 77 30 34 -64 8 -112 -30 -108 41 36 43 -18 -62 -108 48 99 -44 -100 40 90 37 127 -61 40 50 43 -97 -61 -78 87 -49 72 51 -104 -2 -78 104 73 92 109 -80 57 -3 -110 73 77 67 -94 -17 6 -1 -98 -64 86 15 67 24 59 125 -71 -70 -73 100 -116 70 -11 -17 -81 46 112 -116 48 -33 -69 -31 -31 103 -81 -54 -55 -105 84 -116 -113 -73 89 -77 -107 43 -126 -63 -67 -121 15 78 -17 107 88 -87 -4 -80 34 102 19 -74 81 82 106 -113 107 -51 -126 -106 71 13 87 37 23 -126 -4 0 -86 121 38 121 -72 0 20 -3 -50 81 68 -56 -101 -126 44 56 -94 125 -80 95 -95 -104 100 -74 -32 13 -48
-112 70 -14 -10 73 12 -32 -22 -97 84 -3 92 103 28 118 -59 122 -60 -96 41 60 -42 -11 39 -76 22 109 -47 9 94 66 4 112 -67 -107 -103 98 102 -84 -85 82 28 41 36 -79 -7 -121 46 -112 43 -61 -77 -79 -63 -39 42 -17 123 64 -24 31 -3 -60 18 -14 8 -12 -92 -33 -21 -91 67 32 -12 -103 118 119 -121 -63 96 -20 -5 114 -110 -92 -10 22 110 11 120 11 101 -123 -66 15 -115 53 -114 89 -125 -92 -16 -63 -110 33 99 -105 -101 75 -60 -47 -90 -121 112 -34 107 38 -8 122 -70 -97 21 -29 126 89 -31 -3 -119 120 -91 105 -82 -75 -20 -58 -11 86 -63 -89 -60 -48 -96 45 67 67 117 -73 116 7 -43 -105 125 -21 101 -24 32 -10 -124 -53 -125 18 13 -81 98 60 57 45 -62 -14 -61 120 44 -126 -107 67 60 109 20 -49 -65 37 6 72 63 67 -69 43 53 18 -49 102 -29
-120 91 14 -63 -30 -79 -128 72 -65 -91 -113 -114 -10 -29 -50 78 100 -73 80 -118 30 -63 117 -4 -35 4 -74 71 96 -43 -42 49 -37 -45 18 -103 -7 -17 -25 81 48 123 -9 54 36 34 -82 9 77 -3 95 80 -122 90 61 -38 -83 -29 -54 83 67 -89 -103 55 31 113 -37 -110 70 -36 70 -9 -16 16 -99 -91 14 23 -32 26 12 6 -25 -104 55 123 78 50 93 -39 47 -27 42 -20 -119 46 -119 124 -21 -60 86 -110 97 -41 45 105 -4 -85 -99 -69 7 91 43 -13 -95 48 57 93 49 -12 -39 20 -112 21 -122 -60 -12 -97 121 -64 -21 31 93 82 -17 62 120 -76 -32 101 71 10 -84 -49 -86 2 -44 62 -46 112 -91 3 82 52 56 15 84 60 -68 47 -127 -43 40 67 -54 34 73 -64 89 4 4 126 -125 67 -55 31 60 79 -102 74 -100 -13 77 50 -75 83 111 70 -51 -117 51 -113
-65 63 -105 13 104 124 58 -53 7 -24 40 121 46 22 -10 53 79 9 105 -107 119 -100 -64 98 -63 83 -116 47 86 -93 -43 70 -21 124 79 -85 120 12 95 65 -15 109 -107 -107 -120 76 -92 94 46 -39 -45 -53 -40 90 -87 -37 -124 -65 -41 10 38 21 13 -44 44 47 34 104 47 74 104 110 59 26 54 48 -112 -75 -82 -40 -44 -24 34 -82 -40 88 90 -20 -40 -50 61 -35 -13 125 -11 -106 -104 25 -13 -85 -5 116 12 53 -74 -61 29 -102 -35 8 34 -33 -31 70 32 -56 73 36 -17 113 -94 -66 -32 -81 90 19 53 -57 -11 105 -39 -35 -106 -58 75 2 -120 121 89 -5 110 86 70 -3 80 -104 107 111 112 57 -107 8 17 96 -17 40 -111 -82 89 -55 -93 -111 -11 122 28 107 -96 84 -68 -88 -45 -74 80 -96 82 -5 110 -97 77 97 -16 113 -40 -116 5 -57 -128 -50 53 9 -58 44
125 44 122 43 -104 33 102 104 61 -89 -52 -85 0 105 38 78 97 -30 -34 -9 -100 54 -48 51 78 34 73 39 39 126 -108 85 2 79 75 67 -53 -88 10 114 -5 -37 116 -34 125 -19 67 86 23 -48 -22 -81 28 -4 -34 92 44 117 89 -46 -122 -97 -120 123 -99 -95 -108 -119 16 -3 25 31 -73 -87 82 -41 127 -63 -72 110 -62 96 -116 -49 -22 -118 -88 -87 -63 80 35 -42 126 -75 96 99 124 90 -3 -83 -54 1 88 -66 -8 -93 103 99 -73 -114 72 -83 -89 -107 64 -57 17 -97 -36 -30 -92 85 127 92 14 -90 79 -62 -124 77 -36 51 67 -55 -49 32 -41 -79 114 126 -33 114 -7 -70 123 -68 -75 119 66 81 -116 -114 -79 69 -84 -51 -11 26 -92 -38 -104 52 -89 -56 -2 -26 93 -9 25 -34 93 -110 -27 -56 -100 -97 -104 7 -17 63 92 17 -115 -75 -62 -37 -108 62 110 -25 120 98
-79 -66 -83 -17 -35 58 -113 -91 116 -57 -68 57 117 93 45 -72 -103 -51 -95 110 -44 77 35 -115 41 2 -43 106 -105 125 15 21 46 109 53 23 -53 -58 120 53 -30 7 12 28 -29 -116 -89 39 101 -53 7 -64 -106 123 38 -112 63 -2 94 67 0 74 99 -78 -55 -31 -78 -100 38 -48 27 60 -37 37 106 25 -80 17 22 33 -74 -25 -73 -54 76 43 -109 68 -92 -3 -113 13 60 -42 117 -66 11 -79 27 -106 -118 -4 -38 51 51 119 -88 -77 -60 -85 -52 -67 55 -67 -98 17 34 7 44 -73 -109 -72 67 29 -81 -51 71 65 -11 -111 -10 45 32 58 48 -78 -83 -116 -74 89 -28 -42 -120 103 -19 70 48 -109 -19 17 -29 99 13 36 125 20 -85 20 -17 -90 90 59 -64 -123 -28 78 46 -54 122 -16 32 -16 121 18 -98 18 -16 -121 -90 -81 119 118 -56 31 120 -14 -2 -36 -2 -25 -69 84
9 -35 -58 -78 -120 84 -89 118 -100 31 65 119 24 -19 15 94 -118 63 -66 -43 -36 62 31 118 70 -112 112 12 -55 81 -113 15 111 -54 -106 96 120 72 86 61 -9 -49 83 119 70 118 -69 -70 -3 49 110 -118 -63 -89 -72 89 -35 -56 77 -94 -43 -19 -62 -92 122 23 35 -13 68 -121 87 -104 -32 80 -8 106 -19 47 16 7 -42 -72 92 90 103 97 -52 -120 -91 34 -73 -104 4 94 -78 -61 92 108 36 -126 -111 -102 -88 122 2 -7 124 -74 47 -10 -109 117 16 64 -50 53 43 84 -77 51 59 98 19 65 88 35 119 -7 -121 49 95 -70 24 7 11 -98 120 110 16 58 -103 -106 115 10 -79 -122 -123 -103 99 13 0 -13 -75 -99 81 -53 111 79 -37 -14 46 -29 31 -99 -4 76 -21 44 -121 -126 71 5 -11 23 -79 -64 42 4 83 69 -4 -5 61 45 -54 -13 -45 -114 12 65 -13 -114
-58 -80 -121 38 -62 122 -7 9 21 47 -117 37 125 101 -78 -6 27 -40 -42 67 -10 34 -32 -12 -53 21 126 63 -117 -1 3 90 -11 -72 48 117 9 109 43 -94 -90 -33 -2 118 -123 -5 32 109 -2 -17 29 -99 -107 -52 89 38 -76 99 -90 94 -112 -109 19 -51 18 10 -48 -54 80 -36 24 66 36 60 69 87 82 124 -113 -102 53 -7 54 78 -36 -37 64 -46 74 -70 36 -56 22 86 51 -81 86 -124 -27 -41 53 29 -43 103 100 6 -57 9 8 -102 2 52 3 -6 -61 -118 97 42 21 54 -51 -84 -15 49 8 97 44 -57 -3 0 -108 -49 -73 37 96 -11 -83 -3 -101 -19 1 22 -66 -112 -24 -105 -32 27 -68 4 -16 -123 46 -43 -5 77 55 -99 68 -70 -62 4 26 56 -8 -75 -30 -109 66 -16 -87 -91 -41 104 -106 -67 16 -2 27 60 -117 -71 -96 41 73 106 0 -123 -64 -120 14 100
57 -88 -128 -71 -14 -83 -42 64 47 26 -56 -45 -68 -112 79 92 41 44 95 -90 -99 -99 -63 75 -103 -124 -93 -18 101 59 53 -28 63 1 -76 76 -28 -49 -111 1 62 11 -69 71 -86 14 60 -90 -52 98 91 -62 -63 62 -114 -15 23 -114 -109 68 -120 82 -83 -50 59 -49 1 55 47 113 -119 122 -92 -73 -32 9 88 -31 -15 105 -24 -70 116 83 17 -76 -3 19 -55 39 100 -9 99 78 -109 -7 -119 -99 30 -41 118 118 90 59 46 -73 107 17 -105 -38 -21 -38 50 -71 -86 93 114 -123 107 -113 -23 -13 104 -122 -86 49 -39 64 -97 0 31 33 9 -128 -41 113 -50 -105 36 1 -48 -51 -15 124 -29 -102 -12 114 -113 -23 116 86 -114 81 44 -90 -64 -117 24 89 100 117 58 124 -82 -95 -5 -47 124 41 -116 -41 -28 -55 -79 -79 -39 -79 21 89 -62 -30 -55 -100 114 77 -122 104 51 125 -123 97
-31 0 52 107 -128 10 -27 27 74 68 122 -48 20 1 -110 66 8 8 -108 11 20 73 116 -54 64 -17 58 7 107 20 -39 12 -83 3 -86 -86 85 17 107 -92 -82 -24 -84 111 -6 74 52 -79 5 106 -11 -22 78 -28 -100 -111 -4 88 -59 -39 35 -24 -36 75 108 -89 94 -81 37 20 -124 25 28 16 7 58 -87 127 -18 119 10 105 107 -8 67 97 27 11 -59 71 37 96 -86 -109 -113 11 -30 -49 113 60 27 -85 29 110 34 -39 -70 -51 11 26 -15 -96 86 122 43 125 45 -6 82 73 -54 -2 115 34 -36 64 2 -95 -24 77 -11 -39 -107 101 106 -1 -57 -28 -64 -61 -89 -8 -21 -11 -45 48 -98 89 -28 -118 -85 -40 -22 -108 -58 -87 13 -71 72 6 -61 108 -50 -4 12 -34 47 51 -76 -66 -65 90 84 32 5 -89 86 -102 62 71 -47 1 109 -72 -105 65 -26 -45 23 -42 120 5
-35 -122 -27 64 -41 89 -12 32 -33 -126 13 -12 81 113 -48 -84 111 77 60 114 -43 -60 -22 -62 -43 -80 -23 -55 110 84 114 110 35 28 122 75 57 -100 47 -63 97 85 -14 -33 -12 118 -99 -75 8 11 -127 76 2 -98 105 127 112 88 -99 66 64 81 -103 -34 40 -30 105 87 4 -123 -61 0 -118 -11 -114 78 -86 -31 -85 84 53 29 15 32 40 58 -87 125 6 123 -1 112 -49 115 -6 -21 5 116 23 24 43 -115 58 -91 -100 -88 -115 47 -52 -35 105 -105 118 98 29 -103 106 19 -118 9 -118 81 44 96 59 109 -18 -110 -1 9 13 -2 39 58 -91 28 126 124 -38 -110 -26 16 -117 26 91 22 113 -114 -7 -126 -118 90 -61 88 -19 -17 -10 19 -41 90 -24 107 108 -114 92 5 26 9 -128 -54 78 -50 72 99 12 -61 79 -62 -32 -68 102 65 -72 -73 -107 -114 111 -90 -25 24 -114 29
12 94 125 -53 -17 54 71 -33 -21 0 2 63 -60 -122 -16 22 85 -105 -72 81 -117 -31 63 -8 73 -103 -98 121 -76 -11 77 -101 -54 -87 21 -47 -99 -23 -98 62 -126 -87 -90 -35 10 80 71 32 -69 58 104 -6 -32 28 -83 -124 93 21 -78 6 99 103 33 51 -99 14 8 -23 95 -115 -100 -104 -68 -51 119 -3 34 76 122 -2 -74 98 -106 -82 69 26 -42 -118 -119 -55 -3 -104 -122 -37 -46 21 -50 -34 -30 -41 32 92 -87 -2 -31 -91 -4 3 85 63 113 21 -13 32 29 -3 58 -61 -85 -9 -108 69 107 -8 69 -51 88 1 36 120 44 -5 -63 -72 79 76 -92 31 -58 -108 100 96 110 -63 56 30 76 -56 115 -73 66 127 34 -127 51 113 71 -87 125 -37 126 -35 -3 -43 -128 -103 71 -82 -35 61 102 -44 95 -7 34 -71 3 -95 50 -26 -76 37 5 -85 -75 -112 -108 -92 -107 49 -113 -52
-90 115 8 81 -89 -24 17 19 -96 -122 124 106 -30 96 -19 -30 1 -81 -59 -81 23 -43 32 -15 -105 -88 -68 80 69 -26 -42 103 0 -115 -122 115 -68 -86 -78 -55 49 -52 -88 61 -105 -93 76 92 55 60 -91 -73 24 105 47 117 10 10 46 119 -68 58 -32 -88 -100 -96 -59 49 48 80 -62 88 103 -85 27 -5 101 63 39 -53 43 49 69 76 21 -21 -82 -71 109 73 8 120 72 73 -31 112 100 -36 89 -53 69 68 -107 -95 26 -87 60 -8 -6 57 -44 88 111 53 -110 21 -86 114 59 39 -53 83 -120 83 43 -40 63 30 -84 69 -13 -47 -67 -49 -112 98 -36 48 64 -58 -73 81 -6 -97 51 27 49 27 -53 65 -56 -106 -17 4 119 124 -6 98 -56 -46 91 -119 78 -71 -88 56 15 -90 48 110 124 -44 -85 46 -43 -120 112 7 -82 -62 102 71 37 -14 32 -70 -51 94 0 -127 -25 -59
-119 -120 125 -74 77 123 11 124 -97 -13 57 -9 97 -76 -47 -45 122 -7 -17 31 2 -51 -106 -83 -62 6 -99 -111 101 -58 -84 110 -80 29 56 -117 -78 3 118 33 11 52 -62 -123 91 14 114 -108 115 -88 69 -13 2 -47 92 -113 98 49 -49 127 -106 -8 22 -72 109 89 61 36 -20 -49 -37 -65 26 54 55 -115 21 -46 41 43 -88 116 38 62 -1 81 -77 -93 -113 98 14 62 25 21 -113 120 18 48 75 -52 -96 43 -120 -127 86 -68 46 -70 -71 -95 -99 1 -71 -65 -77 84 -4 -128 -112 127 111 -59 -95 114 -36 -14 -77 -66 103 -91 -63 -49 126 -98 -35 40 92 13 -52 -13 83 15 -20 47 -44 -58 -86 -17 -28 117 92 -45 -40 -116 -16 -91 60 73 -29 -22 66 106 1 -28 -79 117 41 -113 91 -113 120 -19 -61 122 -29 -39 -32 116 63 48 -23 59 -91 38 -109 124 98 45 6 76 70 26
-109 117 125 21 -32 110 38 -111 -42 -76 -122 -66 -79 -47 -82 -68 55 121 126 77 19 -61 -89 103 -113 3 11 -90 32 55 101 -117 90 77 102 59 -101 -3 -67 -29 -66 14 36 19 44 89 107 -98 11 -24 16 -17 -74 -38 114 118 59 56 124 15 -70 -39 5 -15 5 90 -93 -94 71 -120 -121 63 102 7 -101 101 -68 34 -119 80 -53 -83 -10 -11 16 99 60 -53 -68 -111 -8 27 53 -9 -61 -108 -79 -46 -111 91 -32 22 -72 -54 -37 -69 18 -16 -54 99 1 8 85 -24 42 52 58 -116 93 -46 45 38 20 -61 101 88 57 48 38 -87 -81 -23 -108 12 79 -4 22 -76 5 52 62 83 108 -45 109 85 -107 96 -68 119 41 16 -82 6 -127 103 -60 8 -53 -97 -28 -71 118 116 93 11 -47 87 47 32 -30 -16 -72 92 -10 -24 65 17 -79 -21 -68 -114 -62 -51 85 -6 35 -6 -53 -78 10 94
105 56 4 -77 39 14 -79 -109 -105 -11 46 -4 116 -66 -45 93 -106 116 19 -97 -126 -26 81 -15 27 -77 83 64 93 117 105 51 48 47 114 91 69 41 112 65 -72 92 94 -2 -55 31 97 0 75 -39 -27 66 -40 4 -24 -80 -122 39 -45 90 -48 -123 115 -18 -37 18 5 54 63 109 -10 72 107 -58 35 55 117 46 103 -16 -6 22 -83 -102 113 -3 -35 -74 -63 118 124 -108 -84 -101 -109 -108 -96 24 117 -10 -7 -99 124 -115 -4 61 -2 -95 -7 -3 -4 -35 83 -127 -82 -101 111 89 -61 -25 -9 97 -56 70 -32 -73 -97 -41 -81 -114 -85 59 -63 -58 -49 -94 -38 -91 90 -103 40 -66 -18 -27 25 80 103 -99 57 21 -114 -63 -119 27 84 92 -114 -50 125 12 -4 -87 59 -125 71 85 32 -112 -47 -103 -47 -128 -36 123 0 -54 -84 -26 109 -111 111 -14 -7 52 -116 81 -29 70 91 -104 40 6
77 -110 -113 -24 -17 -45 43 -54 -47 -114 -119 -24 -97 98 42 -20 -79 -37 -109 -52 0 33 14 -75 90 63 53 -88 -123 -57 114 69 46 -45 109 106 124 -112 -50 -70 54 -88 71 -96 65 94 84 35 101 40 -79 115 -99 112 102 37 91 68 -78 -24 -13 -120 102 27 114 -63 -14 -35 -79 53 96 -98 -17 110 -61 33 50 -87 41 58 -30 43 -59 121 63 -128 -110 -29 -58 -127 76 85 -17 78 -61 103 -9 8 72 96 1 -52 115 -128 -21 103 111 127 70 -38 -7 99 66 -39 -4 -98 -112 -109 -124 98 12 -39 75 -29 -43 21 -21 -72 -65 126 116 85 -69 -30 -42 -41 -115 -105 107 6 40 2 -28 84 -106 70 -39 126 -55 44 60 93 -94 42 -47 -10 -49 52 81 113 -117 32 -87 -68 -81 8 66 -85 -125 123 126 -50 -91 -20 76 -72 33 -83 20 8 73 -79 -92 71 120 122 -15 38 -105 6 121 -91
-83 -85 13 -122 -104 -9 -82 91 -50 54 22 110 41 -78 -50 -37 -116 22 -71 -34 -73 -100 -70 -27 15 -100 -57 -53 100 102 -85 99 -94 -26 78 29 -84 75 -114 -99 -82 -46 -66 -93 -106 -30 12 -44 -24 -26 20 120 -114 108 -97 -65 29 -51 -59 -26 80 81 -88 -59 59 -76 21 56 66 101 -37 -99 7 63 -82 105 -92 27 -67 1 -105 38 -21 16 -103 -122 107 118 46 -54 6 87 11 79 -22 119 -127 28 -74 -94 -108 25 -120 59 86 77 -20 -21 -14 -27 -5 -124 -32 -7 -18 -93 -116 -128 94 -110 38 -68 98 -39 -49 16 67 -118 -76 -47 -32 -24 -72 -73 26 -67 -1 -79 -60 39 -66 115 109 56 44 77 99 -70 -55 -122 42 -36 -8 -112 -42 -86 -37 -48 77 -106 79 -35 5 75 81 88 30 -19 72 -21 97 -39 -112 31 27 117 117 -102 -27 -35 10 -4 -85 16 -91 -3 48 -58 18 80 -62 17
64 89 23 -22 -123 37 0 -53 -11 -87 -44 -15 10 118 -13 -65 -123 21 -106 -73 77 48 -85 -101 78 -5 -58 119 -102 40 -27 122 -44 -18 -11 -24 -77 -42 -74 -72 -100 4 -35 -44 5 55 46 -74 70 26 65 52 30 121 -41 -80 69 94 21 -29 32 -116 60 -65 -112 -89 -74 -61 32 96 76 -128 -103 -90 -113 88 -53 106 43 52 28 40 11 43 -37 121 -31 -112 55 -29 18 -29 120 -76 25 -78 -12 -98 -57 -58 81 50 -84 25 103 2 54 -52 -41 -117 -98 69 -84 14 -35 -12 -62 -9 -4 -85 -103 41 108 42 70 -58 -128 104 -8 33 -55 -38 -121 23 -87 -91 70 -25 -48 -116 -110 -33 3 -7 122 55 -85 122 -41 50 -100 67 -1 45 -22 -18 -60 4 88 33 -48 3 100 84 -89 102 35 67 -19 97 12 72 97 -81 42 2 112 62 -3 106 -79 -8 43 57 -97 -32 -119 -95 67 82 -107 103
6 99 107 40 -14 -34 72 -20 -103 -39 31 -32 -11 -62 118 -125 1 14 -97 -14 88 -115 86 -57 -113 93 92 -74 -101 75 49 58 119 74 -99 113 -10 -54 -57 87 -102 -28 3 -97 -10 26 43 -85 28 4 51 -127 56 122 68 37 -15 89 -50 47 32 97 -8 31 -33 72 4 42 -97 38 22 -14 108 20 43 -56 4 65 99 27 -4 74 65 -10 -88 32 9 -5 46 74 -69 -110 112 -37 46 66 -88 69 27 102 79 -32 -65 -59 -70 109 -61 71 5 54 -23 107 -123 40 -78 71 126 95 39 84 74 112 33 -114 71 94 -23 -64 44 121 -27 -55 -8 -125 -22 125 108 -79 -59 75 -125 -110 -101 23 -114 127 124 74 89 115 -92 23 68 -4 31 -30 102 38 114 98 -113 119 1 82 92 -37 -3 35 -74 97 -16 -98 -66 86 21 -73 -117 -59 10 106 49 60 -83 116 117 52 98 22 -69 -122 64 -112
126 -27 56 16 -9 76 80 112 -39 -19 -9 -82 -85 -55 -51 78 97 121 -12 113 27 -4 -36 94 58 13 87 -50 67 -27 -35 63 118 4 -97 -44 -121 -8 1 91 3 106 54 -34 -79 105 26 84 20 62 111 110 -29 68 116 35 -89 11 11 24 40 79 -3 -64 83 -81 -75 -56 66 94 64 -64 100 114 33 21 -100 -2 29 112 -14 -98 -61 100 48 -41 69 -47 12 59 -71 -96 -61 -109 115 10 43 -6 43 90 7 -38 -107 -87 -63 -93 12 39 -22 14 58 57 -13 16 -67 122 -10 123 -103 -44 -22 14 -86 -58 -76 -18 96 -72 -15 51 102 -70 -101 -102 27 56 109 -15 -61 127 -69 35 26 -128 -48 5 -105 -111 -53 74 -65 -75 67 58 -64 -34 35 -64 103 95 -104 62 94 6 -46 55 58 -61 14 102 70 -39 26 -25 -91 -128 -62 -20 2 -40 78 -113 -117 92 -116 -109 10 6 -42 87 -99 -8
93 29 0 63 16 102 82 -95 -78 -23 7 -76 -65 -62 -49 119 -64 9 49 33 -30 -15 90 69 -38 123 -107 -48 21 -28 73 73 125 -101 -85 53 108 46 -75 62 -76 100 4 -121 -8 40 -37 50 23 125 -118 -62 81 87 -62 -78 -113 -37 -47 -103 -115 121 31 -30 50 88 -118 2 -115 113 100 115 -106 14 -66 -7 33 -114 -128 -108 17 -27 -52 111 -103 -11 72 -98 -107 5 -81 32 77 4 -55 -102 -92 64 -114 72 23 24 82 91 -70 -36 -85 104 8 109 76 102 108 -70 57 -126 19 19 -27 79 18 108 101 125 -32 -19 28 -94 -35 72 27 80 22 -64 107 101 25 -24 -104 7 24 68 29 77 94 -45 90 28 43 58 -33 122 -81 87 29 -61 104 -46 -61 11 105 -39 -54 87 31 -28 -52 59 -98 89 4 91 114 -126 -26 -23 -6 1 -59 -78 -25 1 53 -26 97 37 -91 81 -67 114 -80 -68
-103 29 -17 54 -119 -51 -82 74 7 -22 -2 51 -29 -2 -54 126 -31 40 -45 75 34 127 48 -58 46 39 -26 -69 -23 82 98 10 108 35 20 47 11 -37 -109 11 102 -94 102 89 92 -37 124 54 -118 -91 -120 97 -10 -38 114 111 95 -109 41 80 105 50 -68 -24 -40 101 -21 35 -69 -80 80 42 -59 37 28 -53 -126 -90 124 -78 -63 93 -43 56 -93 89 -18 -63 68 -26 -95 -124 124 -19 -99 51 -101 2 4 49 17 28 -20 42 -4 -118 22 23 28 66 -80 -73 -16 -39 -123 98 -112 -17 -93 85 51 -52 84 120 -49 -58 20 28 -4 -59 77 19 110 -116 -114 -128 -90 95 106 -37 20 -123 -81 9 -96 22 -1 -4 108 -18 -87 -33 -86 32 77 -26 -42 -35 -7 92 -49 68 -106 70 -7 31 -122 -109 -74 115 43 -58 -95 2 23 -14 -41 -81 -102 38 -81 -105 -92 108 27 -47 19 -49 42 94 26 -49
-46 -32 -61 -46 32 -99 -50 65 79 69 19 -1 -107 72 -26 10 96 41 18 -35 70 -68 83 12 -69 55 -34 -67 102 -46 -39 87 -36 19 101 -36 -122 -107 27 -2 104 111 62 12 59 -43 -1 116 49 118 9 -40 123 69 -124 2 63 -45 -29 44 95 35 27 -53 8 -93 105 64 -10 5 -114 -27 -97 121 -115 -81 -66 -128 98 57 111 88 110 48 -91 -75 -72 44 84 -85 -54 -90 -10 15 127 -26 121 73 51 -6 125 53 -100 -62 -68 60 -62 -110 95 -6 -121 98 98 112 96 66 -2 -109 -122 65 -86 -120 -60 48 95 -114 118 -117 -76 32 -95 -40 40 -77 6 -104 -22 -50 26 1 -47 10 57 -19 126 114 110 54 21 -58 -64 120 123 126 118 33 127 -97 73 29 -108 20 32 69 20 96 95 -22 65 100 -94 33 -25 -21 83 -28 96 -60 28 0 -84 77 119 106 -12 -126 -25 -84 122 -113 44 71
79 -22 -1 70 87 -98 -99 -58 107 -120 -116 107 83 20 61 -96 -2 -1 -10 122 -19 -76 32 -64 -43 -41 48 77 72 20 83 25 105 16 57 15 76 22 -107 99 107 15 -19 118 -3 70 -5 -121 52 -81 -89 104 -19 -78 -80 -17 47 100 119 -117 -30 93 77 56 32 -58 58 -111 -95 -102 82 127 45 0 -69 -30 -6 -81 7 108 -123 44 -51 90 -6 -34 81 -86 -33 -55 53 -52 -70 -111 -19 -12 92 24 0 -116 -41 12 76 -99 -2 -85 -71 127 65 -68 12 116 118 71 55 124 126 36 -41 2 16 -67 104 -19 103 -51 -3 15 -99 33 -110 83 45 -82 -110 92 80 -28 42 47 -96 -110 -47 44 -5 123 -101 51 6 -92 99 48 -112 -112 -52 82 -63 -103 22 -19 -46 -101 40 34 21 -96 89 71 57 -90 -31 55 16 7 1 -64 -5 -111 76 73 -94 13 30 -114 53 92 72 -54 -6 -118 -17 -2
69 55 98 79 -63 117 8 -44 -53 -51 99 2 -82 -36 -118 30 126 92 -36 -109 -117 -104 -97 -12 4 109 17 71 6 101 31 -12 31 -107 59 74 -34 -26 -71 8 -41 43 -62 -116 -48 -3 -78 -65 -78 5 -69 -101 -39 -22 17 85 121 33 -37 -99 -24 31 46 80 122 12 70 100 40 -74 -106 45 107 -35 52 -62 -8 12 -2 112 38 -68 15 -107 -45 50 72 -126 0 59 -93 122 8 17 -68 65 -61 75 54 -71 91 -42 -55 27 -51 69 -15 -4 -54 88 61 115 77 -93 123 8 15 119 -7 -61 -84 -90 67 105 -20 12 60 26 115 -55 125 117 -79 54 -54 -125 -50 -117 78 0 -57 -127 -37 3 -14 -128 73 -25 40 67 33 -79 -104 -21 -118 46 66 -16 119 82 -19 109 16 -70 -76 126 -48 113 90 -29 29 39 127 26 -103 54 122 118 -94 -43 64 -13 20 -115 -101 -75 -72 101 -50 86 2 -124
-41 111 92 -71 -75 -44 100 -63 35 97 -92 48 83 -30 117 57 1 48 -103 -124 -85 27 42 69 55 -20 -95 111 -54 -1 -5 -24 70 -9 105 7 -27 2 95 -13 124 23 19 23 -122 -6 -105 -51 90 99 28 65 -40 -54 60 -101 0 -116 -10 -68 45 -109 -92 -90 -7 -106 33 70 -114 36 39 -68 -95 -16 22 48 -51 -58 65 65 36 22 59 95 79 25 -48 -87 -17 95 53 -76 -52 -115 107 -16 104 77 -58 51 -100 -25 -50 -81 94 37 -7 -50 65 108 22 2 11 120 -93 -74 -37 91 -62 57 -53 115 116 66 114 -15 -115 2 119 123 66 83 -106 -118 -70 83 -4 -124 -89 9 -90 -11 -90 103 8 91 -33 7 87 -116 105 108 78 -58 52 97 51 -108 106 -90 -101 99 -52 49 73 -1 -104 71 -68 95 46 38 -53 -120 -39 47 -104 -30 -41 -90 114 -7 110 -47 -53 -38 -100 -46 100 80 -89 -76
1 48 58 102 48 -4 -108 72 63 61 -22 17 -9 29 85 3 46 98 -16 -8 -107 121 -82 -50 127 15 -96 -97 -42 4 41 6 -106 -49 31 20 -9 -54 3 82 72 -62 98 0 -99 56 -108 -74 -41 -105 104 76 -89 -33 104 -100 69 119 -73 -112 -58 -31 100 -96 -93 113 113 4 -4 -76 -128 -66 -7 42 -28 86 46 23 40 -14 -76 -36 -87 -90 100 116 -80 -56 123 19 -18 -30 95 79 -103 -104 -117 -24 92 -108 80 16 -43 -122 -25 -123 -50 -42 -66 -29 48 9 -59 -91 -78 49 23 -88 -79 112 -101 -75 -47 102 76 78 77 87 89 -37 -47 25 -18 -85 18 -126 -61 103 78 25 -76 -97 -6 14 105 78 -104 123 -37 121 113 38 13 61 14 -83 120 -57 -38 -12 50 -65 -98 67 -56 -114 -10 -52 16 50 32 26 -117 26 -92 -124 73 122 90 -99 34 -35 18 109 -112 -90 -77 -103 -65 -100 -45 26
-120 -18 -93 111 80 30 -53 6 122 74 -64 -35 -17 59 30 -68 17 116 7 60 -21 89 -80 42 58 -115 93 -82 -73 -83 11 119 -97 -16 23 38 -57 -103 62 -44 10 116 -93 -126 29 34 -55 7 35 -83 -125 -7 -87 92 3 24 -99 73 5 13 -65 41 -46 101 -39 -95 45 -20 -101 -16 40 2 -7 13 -114 14 99 -4 -86 -32 110 -75 97 -99 78 116 2 46 -128 -126 32 119 -93 -25 -90 4 -2 -101 80 32 15 -112 -126 51 -73 -13 61 64 11 15 -124 -64 -24 8 30 55 -54 -52 -34 -102 -116 91 -110 -58 54 -96 -40 -71 -42 23 -28 110 -85 2 65 -27 -94 -75 -121 5 -25 115 38 108 -74 92 -2 -39 126 -126 -127 62 -41 118 95 34 119 86 -99 22 85 121 -22 -40 107 52 -78 105 9 67 99 -33 73 124 96 39 59 -58 105 102 -77 -26 39 -73 -80 11 6 -118 -89 -44 100 101
-115 97 2 99 75 11 97 -102 110 -22 50 96 -110 91 -12 127 32 -123 8 -27 -112 71 -106 -91 -41 64 23 84 -98 -95 -86 -41 -28 -99 20 -68 -36 -72 -114 -101 -85 45 8 21 -98 -63 -113 44 60 -56 40 -93 -121 -23 -98 87 86 -100 -91 -52 -37 -22 122 51 -43 86 102 -94 42 6 -29 -82 107 70 -125 -87 56 -88 8 -10 61 -70 -57 41 -2 -96 4 -66 127 -16 49 116 107 65 -45 -120 -62 -9 -83 126 31 -121 113 -44 45 -51 34 -12 -17 11 -83 37 -19 -13 -45 -95 3 -118 -66 94 -36 -39 86 -27 -119 -108 34 37 37 -55 30 98 18 -38 60 -73 -72 -108 -49 -74 -65 43 103 40 64 -19 94 88 123 100 39 28 123 -104 32 120 81 -16 -73 -114 -57 -29 -11 34 77 47 -64 -84 -24 -23 117 -37 -103 -79 96 -81 111 -25 93 61 -68 -62 -88 99 -12 -115 4 43 106 66 99 -65
19 15 -102 1 -37 12 81 -24 -89 55 108 1 -9 125 -42 -65 1 40 -49 93 78 85 75 59 -55 7 53 61 42 13 -22 -125 -26 -18 -58 120 28 -102 -27 -62 -1 -12 96 -34 76 105 -13 -78 -35 78 12 37 114 -127 68 -68 41 -112 -87 -36 16 -45 93 -32 -58 85 -48 -91 -103 126 7 -114 -50 -61 -71 -51 124 -45 44 -22 -76 96 -107 -89 46 -80 -69 -121 -11 89 -39 -11 -107 74 77 12 90 -18 25 38 40 34 75 87 45 -57 -127 -95 -122 37 -21 -105 39 -6 19 22 92 77 -95 19 -21 -128 -84 -28 95 -51 21 -115 46 80 35 -39 123 25 68 -34 -60 -9 62 4 89 -5 53 47 -2 -54 108 -20 36 94 -27 44 55 94 -65 28 87 53 98 -4 49 57 13 -39 65 0 80 93 60 -80 123 -115 -6 -22 25 67 68 7 15 93 -85 -89 -7 -55 35 -71 97 -13 51 71 110 30
70 127 14 72 -85 -128 12 -128 -123 78 114 44 60 -125 -87 25 -113 60 -20 10 -109 51 -63 -37 64 93 35 -57 19 -47 -91 -39 93 108 -31 11 117 -75 70 -96 101 116 74 -26 121 -23 17 -65 49 10 4 -83 104 -38 -54 64 -26 98 -98 -23 118 23 -49 -18 -89 20 -108 -97 -10 -81 0 -53 -62 -20 84 -66 -40 41 -87 -85 56 44 40 -86 96 -112 -95 104 -74 92 -51 69 -77 95 -7 -80 51 99 109 83 -56 -75 124 -113 -94 74 63 0 -126 -111 -10 -16 108 -65 -124 54 11 52 -76 66 -26 -54 -65 -18 -86 121 -111 5 93 -28 -3 28 50 -78 -72 -84 11 108 -106 -88 31 42 55 23 -19 94 68 -14 122 -118 45 -117 -106 -33 88 18 -32 0 126 -20 -77 -84 -103 -96 77 -49 124 6 86 -125 -77 62 -42 37 114 108 -124 -81 -47 -69 -97 -125 -38 100 18 -15 13 -42 45 17 -16 31
67 -89 120 10 84 -44 52 95 78 -127 -34 -22 118 -98 -124 -24 -62 -93 -76 19 91 95 87 -30 -57 -24 -78 -73 103 105 64 -19 52 87 -7 87 91 -13 10 51 20 -128 -14 88 92 71 99 -62 124 -36 -93 -73 34 114 -94 -20 73 -80 -93 -34 36 45 95 -66 -39 59 76 99 -91 -88 -90 -90 -76 -15 23 -82 -56 -75 -9 -111 -78 76 -70 -36 -124 -49 -110 -119 67 123 120 114 -66 7 43 -100 -81 107 -52 103 -13 58 -100 -90 -108 -27 115 -93 81 42 -106 17 -8 53 -86 113 -59 2 -88 -118 123 32 113 -75 8 -118 16 -22 77 77 31 -19 57 55 51 -89 -27 106 38 106 1 47 -47 -106 19 -23 -28 105 97 30 -90 -58 -98 -37 -49 -19 -4 94 -104 104 76 -24 126 -125 -13 76 -102 -55 -97 62 25 105 124 -68 59 36 -112 82 -66 84 -69 -80 -52 -40 -54 -112 -11 57 -118 23 58 -112
11 -76 58 -18 -115 38 112 -49 -82 -66 51 -15 -7 97 84 118 -34 29 -69 -112 -65 8 7 40 83 119 -123 -101 116 83 -113 -83 86 -85 124 5 10 -127 80 91 -120 20 -78 24 121 55 40 48 89 -102 -72 102 77 -82 56 31 -67 -124 -97 114 -109 -33 -3 -17 28 12 4 -12 40 42 34 -106 -60 -24 76 -52 18 22 6 -124 -22 89 1 94 -56 100 -75 -110 7 -102 54 -99 -30 -50 70 -72 89 -98 72 -96 -86 59 -78 38 10 -13 50 -89 -26 44 52 42 -91 -127 89 -38 -39 41 32 127 14 -6 98 -121 117 -9 -81 -55 85 76 -28 -10 -19 -28 62 41 110 -107 -42 -51 114 46 58 -16 15 18 43 -57 -118 84 107 125 127 -35 -88 -59 51 111 -18 -27 75 -51 -59 75 30 56 -59 -51 36 -20 69 -83 -2 -87 74 -12 -118 -127 5 110 76 110 -97 -52 110 -86 97 -110 72 49 -72 59
55 13 -115 40 29 63 -118 -22 -122 -42 121 -102 -78 -53 -64 5 -74 -113 74 -111 109 37 -29 102 0 110 2 -114 -22 74 89 -85 -117 -103 -117 47 -93 81 68 80 -18 -37 -3 -90 3 29 2 -102 -123 -94 41 62 -123 -94 16 -75 -12 52 -30 -76 -80 87 37 -37 -124 -14 45 -41 -116 -99 49 -13 -80 18 21 -85 26 77 -53 42 -72 -15 14 38 105 -80 124 61 -13 -41 101 -18 17 90 -25 50 11 -3 -77 79 -40 -19 -95 19 -62 99 5 -35 61 -65 51 10 2 -15 -46 -72 -62 108 -122 -93 37 -65 -7 50 34 109 -65 34 -58 96 64 53 75 -97 -122 28 -113 84 115 -35 102 -95 -9 75 -99 92 -65 -94 -35 38 -125 -30 -9 60 72 96 -95 11 -117 27 10 -56 -127 -10 -106 67 44 110 112 74 20 -61 -81 77 -60 -65 -76 -35 6 19 -106 -28 45 -83 -25 -5 12 98 87 -38 124 94
60 25 83 -86 106 -84 77 -57 115 113 -66 102 -107 110 10 -25 14 -69 65 28 -102 100 91 -103 104 -17 68 27 20 91 52 1 53 -87 -14 -111 -116 75 -20 -53 -18 -91 123 119 115 83 -101 17 -85 95 -125 -31 93 88 -120 -12 34 -78 125 12 82 -96 -22 55 -128 99 43 101 -17 -77 -116 -21 -2 -95 60 -37 -124 -95 92 -25 94 -99 -53 -14 57 87 48 -66 45 69 71 84 66 -21 43 -34 61 97 -107 60 17 -108 -109 114 61 22 -1 92 90 44 43 110 -11 91 7 109 -7 36 -41 56 -106 -8 102 81 66 -41 -67 -53 60 -33 116 95 95 102 92 65 22 -92 62 -3 -103 -48 101 -110 118 -79 -43 107 125 -72 98 28 37 93 45 107 -14 -25 77 54 62 -9 44 114 42 84 -99 -31 -23 127 -76 -27 -64 -58 32 7 -81 96 -17 -1 -112 54 45 -29 65 78 117 -11 -81 28 -128 -62
-90 -36 115 -81 -38 66 86 -70 -46 107 -8 53 105 -125 -17 122 -109 -48 -87 2 -110 122 -87 -50 -126 77 -22 -54 96 -21 -11 -53 99 -12 115 -31 72 52 44 -10 -20 -26 -85 61 80 30 111 101 -66 41 108 -74 -83 -113 82 44 -116 81 -53 63 74 19 -64 -88 57 108 22 123 66 43 107 -114 56 77 -75 -99 -111 15 -4 -19 58 -86 23 112 90 119 -36 106 -33 -126 -2 -26 -83 -1 29 -109 -110 -11 -82 -2 67 -97 19 -116 -104 -92 -32 122 -90 100 110 -99 -59 85 -3 -20 106 112 72 -89 -18 56 30 49 42 15 -34 83 -108 85 116 101 -16 -53 -9 -26 94 99 20 -79 -43 -128 -35 -34 -110 -66 42 20 -17 -115 92 -55 -32 87 -114 63 -48 -97 87 83 -59 -55 21 126 50 28 -18 22 76 2 106 -13 -31 -36 -55 -51 -126 8 119 124 84 -94 -114 -95 94 56 76 -62 88 -12 -112 30
-10 97 13 -9 114 -105 33 -62 -16 41 -112 -116 -106 -72 57 116 58 23 57 -81 123 74 71 45 -40 -32 125 -45 127 73 21 32 -14 15 -102 -33 58 -92 -73 79 -46 41 -74 -42 72 -117 -104 33 -53 -100 30 65 -89 90 -45 -48 35 12 -92 119 58 62 -125 -8 -82 -83 -78 33 109 -116 11 -99 -123 74 -22 -38 -55 64 -53 -104 -15 -29 -101 126 -57 -47 24 42 115 78 -67 -99 -19 -20 -8 98 84 -126 108 -106 103 -20 -1 -46 6 -67 63 -30 -99 14 71 96 112 -3 -94 -117 -90 -30 -77 6 -61 57 -40 -113 -111 120 67 -29 -67 58 109 107 62 -125 55 -18 14 53 -41 -15 76 -46 -32 -121 -101 37 -91 46 -68 17 -9 -61 -97 -37 -73 60 -74 -27 45 -111 -5 37 70 101 13 50 -63 94 81 11 95 -78 35 -25 3 -74 -15 -88 -3 -32 6 8 72 90 59 -89 -6 -48 -114 0 -12 -47
65 -33 84 18 82 -14 3 2 -110 -122 46 77 -39 -22 68 0 -41 55 -94 -30 -6 -67 37 -110 116 105 -43 -73 14 0 84 94 3 -60 37 73 102 -107 7 -93 34 -125 -102 -124 25 -119 39 -15 67 -16 53 46 -42 -112 -49 69 58 112 -35 -93 -42 71 100 -124 60 94 84 24 -51 36 -21 -44 -1 -11 -93 -93 -103 27 36 -54 109 -96 108 -51 -71 113 64 -13 127 -62 26 -56 -65 -61 -87 -19 59 -27 -122 -46 -48 -114 48 -8 106 -6 -27 18 71 -13 93 63 23 76 12 112 111 -67 -43 13 -96 -115 107 71 -58 40 1 -104 -122 71 16 -39 -91 -16 112 -73 98 20 35 -47 -96 83 -100 64 101 -51 62 -61 -77 -14 -50 106 -77 -6 -34 74 10 -105 -88 40 31 -55 94 -121 105 71 51 64 -107 6 10 108 -33 -27 -47 13 -46 -102 -32 101 17 43 -75 -17 96 75 115 -31 21 -99 -116 -41
116 116 -57 -120 43 -50 5 41 95 -117 12 63 71 -67 -33 83 -92 88 -77 -86 94 73 111 56 -89 88 -19 -7 -63 3 81 116 -63 -113 117 47 2 -91 20 112 -116 25 52 -108 100 64 -96 23 61 47 18 120 23 127 79 110 25 -32 -109 -76 -58 10 107 37 -62 98 75 -126 -45 85 123 -29 62 41 92 -98 -39 -48 -113 3 0 27 42 -49 85 -30 114 5 -104 -13 44 20 -75 -91 -20 -105 12 -35 -27 -3 -59 28 32 -53 85 -73 -1 -29 -55 -80 110 8 -126 28 -20 -67 -25 61 53 -23 95 -3 27 86 -14 -21 29 77 -104 -2 21 -91 -106 -25 75 64 107 45 -45 -116 -67 -1 28 80 103 -37 23 56 27 -91 -75 78 82 -84 -123 -5 -119 -74 43 109 -110 -75 120 -64 -115 -29 -100 -75 30 -85 -78 55 34 16 -113 39 47 64 -20 60 -19 -114 -52 -95 -15 -126 -33 -104 112 -36 -90 -31
51 -61 -39 -37 108 -24 103 71 99 109 -45 35 30 70 -10 96 -73 -43 51 -91 18 -113 67 99 117 71 -69 -56 126 -110 54 -32 26 110 -67 48 76 -100 -109 106 -74 72 -32 -29 11 -82 92 111 18 102 45 42 -112 45 -14 62 -74 -39 24 -54 116 -58 -81 48 39 -43 30 71 96 -51 68 -121 -100 39 -90 87 3 -106 -13 121 63 -123 -11 -32 -109 -58 100 0 -12 32 14 -23 -73 -31 -107 -76 -116 -57 -34 -50 14 32 -24 60 59 101 -37 -51 124 39 102 5 -111 -69 -108 38 97 -121 19 -89 31 -114 -89 -85 101 -13 106 -84 -52 115 -39 34 -114 -50 70 92 -47 95 127 44 5 34 35 100 97 -65 -70 81 15 85 -5 -77 -120 124 -91 -75 -14 56 95 80 -128 7 -61 -43 60 -96 57 125 -54 60 0 22 -68 21 69 -107 40 94 -41 120 -122 83 -20 -44 -25 -100 89 4 -62 59 -52 -52
73 -59 39 108 3 -113 123 -125 89 -74 -118 -22 -109 118 -124 -119 88 5 -122 49 24 -99 10 -72 -10 88 78 -26 -95 17 103 -75 -28 -98 -44 125 -27 -61 -89 78 63 -121 -56 51 42 46 -79 99 70 33 59 -76 -122 79 -54 45 28 88 78 24 105 89 108 80 39 -98 36 -20 -75 -127 -44 8 23 100 22 42 -39 92 -57 71 72 30 -49 38 98 16 108 -103 99 -48 -61 -94 -122 78 71 102 104 70 -128 -34 -89 -104 48 77 -85 -35 -33 -101 -37 14 -105 -85 -51 83 22 -117 93 -99 69 -51 -61 31 85 18 -115 -90 86 -101 -90 98 84 -59 -41 -11 -119 54 -62 125 -17 -16 30 81 -89 -109 18 3 -26 -20 -67 80 1 28 52 51 6 2 -112 -28 81 126 -80 -112 -65 -81 -73 56 -43 15 26 34 -12 22 -93 71 45 0 -57 -63 -40 -109 110 119 -33 -80 35 -118 11 -4 51 29 -32 -2
-114 -18 84 47 28 -85 127 20 69 -43 0 21 57 48 -96 4 -44 -63 -115 73 -80 93 107 21 111 108 -85 27 4 16 14 44 40 -25 -117 -102 -65 -20 71 -89 71 -39 -61 38 -77 -97 -101 -89 48 61 -8 57 6 -97 79 79 103 44 -90 -26 -87 -22 -105 -33 -128 -63 92 95 -34 42 103 64 -83 -44 -107 -60 -46 -42 -24 82 -75 -107 -79 -55 -66 -37 -90 125 -83 104 127 62 -115 -6 -73 -98 91 -121 -21 120 -84 67 70 -116 89 -90 70 29 -14 3 -39 28 64 -82 51 89 101 -53 91 87 -30 118 100 90 -76 77 81 -109 95 -80 92 -69 -10 52 -59 -85 -18 -53 106 -8 125 20 -104 64 73 -97 -113 12 -28 40 7 114 -5 -118 -118 -31 47 -32 81 -124 -55 60 -66 61 69 -116 -106 -34 36 3 69 117 28 -72 69 -35 -120 12 -75 52 -73 103 -53 126 85 58 -74 -100 -113 -48 -124 -108
18 -44 -92 89 108 -17 34 -2 21 -73 57 115 39 100 -118 77 -125 57 -126 2 -93 72 -57 -85 110 -3 71 -87 84 8 -110 -97 79 -77 -59 27 -44 -71 -51 -86 63 -78 108 49 15 79 -71 -53 64 26 -81 10 -71 -47 77 20 115 27 39 -89 99 -56 -36 77 5 -106 68 109 34 -84 -57 69 -6 -28 41 41 -25 105 106 -86 83 12 -73 -5 122 -119 -82 88 17 -120 -13 -92 20 -20 42 103 82 -46 -109 1 -100 -50 63 -76 65 44 -106 5 105 -26 56 -56 15 -46 -62 -124 -77 -107 -55 103 89 -81 27 57 22 18 61 83 -63 -40 -116 36 124 73 49 -37 -28 18 116 -24 1 39 18 104 -123 -96 111 -99 -121 6 113 -29 23 -69 -20 -14 36 117 -12 -25 -68 -79 -87 114 -29 15 -20 82 -35 51 19 109 -112 10 -113 23 -101 -84 -58 -86 -119 -31 -91 53 40 36 68 -87 -77 77 62 -8
37 -86 -28 -108 -67 127 -74 -25 58 67 99 49 67 19 75 3 -125 78 -107 -75 -116 -65 -98 -47 -89 37 -38 -88 122 23 43 -107 58 -32 -45 64 68 108 -59 -28 -47 23 90 22 -40 37 -75 18 -70 -105 -31 -16 2 -38 53 -98 29 95 121 108 115 94 -65 60 -124 26 -36 106 0 60 -105 -56 89 -29 -59 -65 18 34 -44 18 -48 -127 23 -34 94 -94 31 63 116 -75 51 -34 -43 -33 -60 112 103 -128 33 -12 -42 -62 -1 56 -49 17 23 -86 103 -14 -6 -108 92 117 -12 -52 75 -86 8 -105 120 22 39 -123 -17 123 58 30 -19 -86 -14 -37 53 -77 -30 122 64 21 -115 -115 61 125 -95 -11 -7 48 -21 11 89 -100 -4 69 3 97 71 -61 -48 -49 81 -89 -2 89 67 -21 -20 49 -1 -1 -115 -8 33 -61 -122 -111 66 -21 -107 70 50 83 -49 11 114 76 4 -21 -68 57 -109 -39 -15 113
104 -24 -121 -5 -128 -109 -44 -17 76 -18 -50 -102 72 -29 8 -84 -85 -59 109 48 46 -59 3 65 -19 -94 -10 52 114 23 -125 -29 13 39 94 8 -47 46 -76 -5 93 -122 122 -108 -106 -26 -124 99 107 -100 32 -27 37 -90 -47 -29 -106 54 -109 16 93 -100 40 113 15 -49 56 48 -58 31 93 43 -88 1 104 124 -26 -72 -119 -93 -124 -88 -100 28 -56 40 86 -86 -1 -90 -102 36 -50 -102 62 36 91 -118 -60 -42 -25 -7 -46 -3 -108 112 -82 -127 70 -102 105 -6 45 -97 104 31 -5 17 59 -4 -115 -81 26 -91 -84 -6 -73 80 -64 11 118 93 0 -74 -83 76 95 48 92 -12 52 -94 124 -97 -18 -44 96 -73 -38 20 -65 32 109 120 95 -72 111 -14 48 -36 -18 59 -41 4 53 97 -16 60 39 70 -31 100 60 110 19 41 13 80 -7 11 -67 -70 -33 -125 112 -15 29 71 -21 18 -33 -69
-70 34 -27 108 84 -30 -35 5 -56 -86 -91 12 -116 -44 -35 -50 125 -124 -122 -23 -71 -54 48 92 -25 40 -5 -21 -56 105 57 -43 96 18 99 39 -118 97 -14 -33 -49 80 -105 95 25 -126 113 127 -120 -67 46 -122 -115 -48 -1 56 -29 -72 120 66 -69 40 -8 -96 51 -9 -121 29 -38 53 -13 1 -126 -109 75 -97 81 -37 37 -20 98 -8 48 -18 91 118 -84 -74 123 -77 32 68 -31 -14 92 -47 -16 -28 -79 -87 55 -73 44 51 66 125 -36 2 17 115 -2 16 -40 90 -9 63 103 27 104 -43 -87 -100 59 63 2 -55 96 23 -23 26 126 -80 72 72 69 80 17 50 25 -82 100 -9 23 65 89 -89 3 -106 -84 -32 29 -61 -43 -43 -124 -87 -38 -7 -82 -120 11 -77 -47 -26 93 58 25 -102 -105 82 36 110 107 -61 115 18 -68 -52 119 -5 10 120 -73 53 -124 37 82 -34 -80 -20 116 29
21 -106 21 -42 76 -38 -71 89 127 -11 77 -126 -70 121 104 -65 107 -120 63 15 -3 78 -56 96 6 10 -13 77 33 -23 126 -77 54 -42 113 87 18 -89 -84 -76 15 -108 5 83 80 -112 -102 -42 -91 25 91 -49 77 -97 -17 -31 -84 122 35 56 103 83 92 -30 11 -77 -102 5 -78 -9 32 85 -16 -2 -32 97 104 -25 -52 70 -118 -2 2 125 -48 -108 23 43 52 84 -104 -82 68 71 -112 -11 76 -30 -53 25 60 -2 90 -47 103 42 -98 13 -112 7 14 110 -20 -125 -116 -84 -7 34 22 -65 -45 -118 -57 -66 -55 126 -12 68 -90 -16 56 -69 58 -34 23 -73 34 -41 -39 92 73 55 -41 0 -7 -96 -40 -117 -84 22 109 10 -38 42 -63 -119 -21 15 -82 93 -88 4 -67 -41 29 44 -48 -87 49 -43 -29 -117 -80 104 -110 -103 45 103 -68 -121 116 -65 -123 -103 -28 -123 -77 -109 -123 107 47 -9
24 18 115 11 -104 -95 15 -25 -42 127 79 -87 -89 -118 95 -42 67 105 50 120 112 93 62 -48 -1 44 -91 111 124 98 -79 -62 -64 -52 40 -128 -122 -72 50 57 -53 44 -88 16 92 100 -51 -15 -52 -87 24 3 -100 -124 87 -65 -4 103 -79 -48 84 -36 38 -8 -108 1 116 54 26 -30 20 25 -128 32 94 -33 72 73 95 56 99 -20 60 -31 -32 -90 116 43 -28 -55 75 34 38 5 46 -10 -120 63 121 -96 62 125 46 103 -2 -34 12 -71 80 -101 5 -82 -124 -34 -30 -122 123 -82 -42 -15 68 4 121 -12 39 32 118 124 93 -38 -3 86 -45 29 29 79 87 -109 53 -19 27 101 1 -96 -80 49 58 19 -4 -60 -59 -19 87 69 26 -5 -59 -59 91 127 18 24 37 88 -22 112 62 17 -98 38 76 40 -75 -17 -92 -39 24 108 -40 -122 48 6 9 -55 41 85 105 -68 -23 18 52 97
56 -95 -84 72 -80 10 3 -98 -11 35 -119 -100 18 77 -52 -95 75 84 -35 127 -75 -56 -37 93 90 120 76 -77 -50 -97 74 123 -74 -18 -48 -5 125 105 -47 -23 96 -41 -20 -25 16 -49 -40 93 8 -98 -95 125 -46 -98 15 62 6 104 -94 -21 62 -67 10 21 117 -2 -43 116 110 58 39 5 27 120 24 27 -114 23 -98 43 13 60 64 -56 81 -4 -9 67 -84 98 97 34 96 83 -41 -24 94 80 -12 93 -59 -65 125 -79 26 13 69 -117 127 -7 45 -106 -108 -116 -65 -113 90 -9 5 0 -68 -9 6 67 -9 -119 86 -81 -26 8 -27 -119 88 -64 -30 -98 -97 -48 39 123 -40 112 108 87 -78 61 117 -118 101 18 -120 -97 83 4 41 -39 114 -67 53 -55 23 108 -101 21 -22 95 -103 122 -123 -115 -81 -116 80 -25 -34 14 117 -74 16 105 -31 124 29 71 -6 -19 -66 100 -21 123 -21 -90
20 57 126 -123 -42 96 -41 21 -15 113 23 -5 103 -38 -111 36 119 -112 -60 -101 34 -10 -45 83 127 71 -6 -28 -64 116 85 80 97 -72 102 -6 71 -99 -62 88 13 -45 76 79 78 13 -39 58 -100 -122 -62 47 -124 44 -73 -61 -46 -26 93 -95 124 25 -81 -126 -37 4 -88 39 -83 100 -30 -12 -68 -41 -128 -24 -67 -99 -27 -7 78 -25 29 25 68 -33 114 -6 50 -125 119 56 -36 78 -11 -108 -65 28 117 88 77 -112 -44 59 -113 111 57 13 114 120 -21 -92 105 31 -81 73 105 -51 14 -56 15 -92 17 -31 -53 -60 -37 -36 54 8 41 0 60 125 63 -49 81 -3 73 88 3 -128 23 -31 72 -67 -21 -128 122 31 105 16 -85 2 -115 122 -101 126 -32 82 -85 112 -15 107 127 -102 -25 3 86 -106 -26 33 -2 50 -45 -107 -21 50 -74 -44 68 51 -35 -114 32 -90 -18 86 -93 127 116 -125
69 116 126 -117 -63 36 -100 80 20 48 84 89 120 83 -122 15 34 124 97 -127 -124 -30 53 -19 -101 122 113 125 -124 -109 26 -65 -19 16 98 32 127 -124 106 106 68 -94 84 118 71 109 63 -24 -61 2 -86 -18 -6 -18 117 35 -66 -62 72 47 -66 -15 -75 -116 10 -42 -64 85 39 119 122 -122 -88 22 105 102 -121 126 -101 -116 -8 14 114 3 115 -25 110 -121 -61 67 16 124 -55 -21 111 -99 106 -64 6 43 24 -114 -45 24 47 -53 -95 114 86 54 39 88 -97 -80 -48 14 20 2 54 -107 -66 -77 -48 26 -81 12 -57 84 -3 103 10 87 -48 -76 108 66 34 -121 -25 -54 39 -15 59 100 4 -101 43 53 81 74 -95 35 -41 61 -10 -8 28 8 -101 -6 31 -33 -28 -103 24 -111 -43 -123 25 -9 -66 -68 -77 -15 24 -106 119 -29 -65 -24 -93 -104 77 -85 75 115 -28 -85 9 -101 58 64
-118 40 -115 25 50 -103 42 86 7 -115 -83 -32 -68 73 41 84 -30 61 -49 -4 69 -15 9 39 -46 30 -90 31 31 -4 -54 26 -82 -56 -3 45 76 -74 12 23 -86 28 123 -31 105 88 66 49 19 21 118 1 107 -127 40 -51 61 36 20 -100 25 -77 -24 -89 84 9 -120 8 -42 112 75 -118 -83 77 15 121 119 112 -121 123 -39 -91 -26 -50 -6 -21 -82 -55 122 44 -13 97 -125 81 -84 82 12 1 -60 67 75 16 13 -49 37 38 -68 35 44 -55 66 -54 38 -62 -14 -5 24 35 9 -66 -121 -21 120 100 10 120 -127 8 -42 88 80 100 56 60 14 8 -113 21 -58 70 5 25 71 79 -4 115 -21 -68 -41 73 48 79 -30 -91 45 113 -31 103 -57 56 76 76 29 58 -81 -21 -13 116 -5 7 -92 -67 114 90 -122 -114 84 -91 -108 110 -61 86 -63 116 -84 78 7 103 -62 -93 24 28
-63 -1 31 -93 -28 -25 -40 -73 -107 -124 93 -127 111 -66 -98 71 -42 -32 115 113 71 -77 -9 -40 -59 108 1 -65 33 -31 -64 -24 3 23 -30 -98 7 -116 89 77 116 65 105 -91 -20 78 -38 114 51 -35 -73 29 110 -21 -38 20 -71 111 -116 37 38 -33 123 -19 -111 -102 -96 -114 -23 54 115 77 -82 40 -125 -102 -90 59 -85 -44 84 106 73 93 80 -24 -70 29 50 107 -56 1 16 117 -29 -101 -78 115 68 113 71 119 49 -51 7 0 -116 55 -90 22 99 58 -37 20 -87 -30 17 81 -70 -25 -30 42 -81 -62 -50 -52 -98 80 -22 -123 -29 66 -46 -71 26 98 96 115 -125 32 -66 -76 -9 -92 46 -96 -61 -119 22 -27 10 37 19 -78 -5 95 100 -26 -55 -78 -43 -11 -118 67 -109 -49 21 97 35 42 22 -54 50 -90 -51 -106 22 56 26 -6 -127 -111 74 -125 10 -7 -48 0 99 -18 127 118
-118 12 94 -12 71 -103 -65 -29 68 109 60 7 -28 -85 -46 96 0 14 -1 125 52 104 -28 17 -34 -95 -105 121 26 83 80 20 -53 3 53 -66 30 7 83 -126 86 -109 -56 -112 24 -73 -65 109 81 -96 74 -121 125 -124 -93 21 49 -23 50 -82 -97 5 -39 87 25 -38 122 25 20 27 -102 -36 -72 -6 6 -83 59 16 -83 2 -117 -4 66 117 25 125 13 60 -30 97 117 120 116 -11 84 -89 -125 55 73 79 -84 82 -2 0 -120 -42 3 -27 -56 -37 -70 -60 -62 125 44 20 22 43 -33 18 -116 92 -72 97 -107 -27 -22 117 18 87 -79 41 -86 10 91 -114 -64 -56 -2 16 -12 -65 22 -117 -107 15 -31 -18 39 -75 60 -124 33 -60 53 124 -28 -111 -24 -125 116 -121 15 49 105 24 0 -52 3 -86 -89 -109 88 114 105 -107 45 87 76 -42 127 98 101 69 -41 -98 -56 91 -114 117 53 37
77 78 -10 -44 -13 -89 -33 -27 10 31 -116 -74 -18 -124 72 -108 44 -11 -7 -61 76 -101 36 -89 -106 -29 -91 57 17 64 36 -16 35 -11 -96 -4 86 -72 -124 89 -82 -34 -112 75 -38 55 -89 -17 32 -26 -54 39 107 -109 -92 -82 -35 -16 17 122 -43 51 73 106 -41 -121 78 22 -31 -116 -46 -47 99 -16 -110 26 108 -125 32 34 -56 12 -27 18 4 -103 88 38 115 114 81 -111 -91 72 30 -90 -70 105 124 -16 -68 70 40 42 -23 -73 27 100 -78 112 4 31 -65 8 -87 2 -4 -106 61 -76 -101 123 47 -14 -48 33 -122 -67 120 104 16 -77 -17 126 -18 18 11 -80 -23 -1 40 -61 99 -115 46 -36 -37 -20 -47 123 -63 10 54 81 5 -29 -83 -44 -124 26 43 96 13 -113 -86 -16 -106 -22 25 22 -112 66 112 82 -88 -54 -46 -19 -80 21 -103 49 -77 14 90 51 -43 -19 12 -88 66 -4
88 -108 92 -90 56 -119 -65 6 63 121 -95 99 59 -92 75 31 66 49 -123 20 20 115 70 58 -19 -52 -109 126 2 -33 -51 66 97 -50 -5 46 -15 52 -102 2 39 41 -23 -34 -109 67 102 -118 -3 8 42 -24 -73 -49 -3 108 50 -16 -13 109 69 71 -27 -116 -86 -80 -85 -78 -53 35 -55 71 -17 78 104 25 74 14 23 -87 29 -1 -95 -69 -72 97 99 -84 -55 5 20 99 -5 -85 2 -35 -53 18 51 -59 96 -15 -71 -119 7 -112 103 57 -25 54 48 -114 -40 98 -96 105 -41 -43 80 -22 -87 -46 -90 -20 -39 -123 32 6 118 105 -73 -80 62 57 -42 -127 -116 109 -83 -95 -26 -128 -116 17 -25 -68 57 79 -125 109 -82 -35 54 32 -100 99 95 -111 -21 46 86 -9 125 -7 88 -125 75 -62 -70 -27 53 43 -98 -106 119 20 -56 1 -127 5 23 -74 -100 108 -111 -58 20 87 9 11 74 -11
48 120 -47 122 100 27 10 73 66 -3 7 113 -36 8 -76 -96 -82 -108 -108 -65 -117 94 12 -123 82 91 88 -58 -79 -67 -17 102 106 5 -34 56 -51 98 -56 -38 45 -28 92 -29 -106 -100 11 -101 62 66 -118 -71 106 -5 122 32 -33 21 101 78 -16 -108 -103 124 -74 86 -99 -105 14 -7 -69 50 -11 78 -50 -58 122 11 -80 26 37 -74 101 60 -62 -112 -40 -117 -38 -65 6 100 24 34 10 -26 93 -40 -78 -19 -26 -54 -6 82 17 -15 105 88 -13 -13 46 86 -15 26 33 -16 6 17 -91 22 55 72 77 95 -49 18 15 -16 41 94 111 126 92 80 -25 -68 60 71 -12 11 28 -68 122 116 117 106 56 64 -122 114 -18 122 17 -27 51 -115 45 -100 -35 -61 117 36 36 126 48 119 -44 -41 -25 38 -107 -83 67 90 31 123 86 -108 -17 77 80 45 -25 -40 -105 -53 125 -108 -93 -70 36 6
67 -65 -95 -111 99 96 -20 16 -25 118 122 0 -67 116 -43 -77 96 51 -75 -127 -27 -61 -123 78 17 -38 69 2 49 -98 -6 58 -80 56 -20 -48 126 -10 -119 113 77 -100 21 118 -108 -115 71 -78 -34 -66 35 84 -103 -4 -115 7 -73 -68 0 -43 92 81 -95 30 113 -88 -61 94 -92 -58 104 74 105 5 -111 15 -92 19 117 -104 -62 9 47 114 82 85 97 -88 89 -117 -1 -31 -92 63 -89 -124 9 112 -127 32 6 -117 82 -40 -51 18 63 -60 -96 -2 -37 112 113 69 -62 -107 -74 -3 0 82 107 99 40 -72 -101 -115 -94 53 -96 -18 -103 56 -40 -106 -72 -68 58 -95 -37 -24 79 71 -61 108 57 -25 21 -71 -10 -73 -77 -3 122 38 79 27 18 -54 80 82 -69 -67 -34 -4 -32 -61 -40 16 47 -43 -124 -65 -25 -15 -120 5 -100 42 114 -117 -125 -64 -120 -107 94 -34 49 97 -23 -58 -73 -78
-66 -59 -119 -88 90 102 -72 -74 61 -12 87 -47 -117 -79 -14 -59 40 -21 111 65 121 -42 33 97 77 -66 -92 -57 125 -66 104 69 28 -84 -3 -69 32 -96 17 -119 -76 57 -9 95 20 81 119 99 -67 82 -69 -57 -21 12 -38 112 53 96 -8 -56 92 -55 57 127 -76 37 118 -115 52 -1 40 -54 -39 41 -25 13 -14 -20 -104 103 -105 61 -10 83 32 70 109 -28 3 -84 -112 32 -20 6 -109 33 6 94 -98 -96 -29 63 7 -53 102 -33 -41 -37 85 48 -74 -83 73 -97 62 28 96 -126 23 77 22 -32 -15 1 64 69 -9 39 -41 -64 23 42 -63 -14 28 71 9 78 96 14 61 124 -50 -60 -26 20 55 -35 -121 104 18 68 -11 15 39 -83 -90 115 118 -88 -48 -69 13 -20 -98 -27 -32 -41 -27 30 -85 -54 -23 80 -66 78 -41 14 18 12 111 -110 -87 -24 -51 -101 120 -19 17 -47 127 -65
96 87 98 -48 -5 68 -100 84 106 -123 2 -29 -119 44 90 103 17 -59 121 -11 -116 -17 -99 -65 -36 73 -58 -62 -49 -94 0 -57 57 -16 -89 -46 -72 96 -107 -80 96 -2 20 47 40 121 -77 -73 -116 121 -15 24 -99 -10 -46 79 31 87 -54 -20 -25 -66 9 -67 -108 11 -77 5 -26 -112 -75 59 61 -19 -116 -48 -44 4 -69 -108 -39 106 -69 69 -72 91 -72 82 52 3 58 -119 61 67 96 -18 -17 73 -9 -30 29 -96 63 104 -124 113 125 -125 65 -77 64 72 6 76 -6 -89 89 44 104 -73 16 -40 50 -56 50 -108 97 79 50 40 5 -102 83 80 -118 -117 -25 40 14 88 56 70 -73 -27 107 11 -35 -100 -57 -25 110 -46 -45 -4 88 3 16 -30 63 -84 -44 103 76 -14 -73 -11 17 24 69 17 76 -36 38 -81 -5 98 -86 -116 46 -84 -118 -101 -14 -128 99 100 -56 125 -83 -56 74 -121
-64 87 -100 68 -53 74 -17 61 47 -23 62 -74 122 38 55 -15 -25 10 -37 46 -45 107 -96 -116 -50 -120 54 -76 95 -81 72 86 -27 127 -8 3 109 -54 81 89 -106 -63 61 -67 40 -92 -97 90 114 21 118 81 93 -73 84 65 89 -15 5 -126 70 -76 53 41 104 -44 -113 -81 -60 27 -108 59 14 82 48 11 97 -121 96 -93 39 -99 -29 76 76 25 108 32 109 -82 -53 27 17 29 120 3 -121 -66 -126 22 6 -128 37 -16 -47 -64 43 72 -62 -34 115 -122 32 -53 -102 -28 56 111 102 -36 17 118 86 -109 -97 -25 -114 -5 79 17 110 100 127 24 42 -18 -26 -94 43 37 -66 94 -41 79 100 91 -50 -28 62 45 127 60 15 66 21 -37 31 -116 100 8 -27 -48 -46 -118 47 -82 45 -19 -39 125 -109 -11 -47 74 -6 -23 -57 10 -84 64 -109 25 83 -2 -2 104 -19 95 -74 -111 -120 82
-35 77 16 79 -69 -73 33 -42 55 -23 -7 109 26 -62 -3 -97 -66 -66 30 76 -7 -109 31 -49 -6 -36 -38 -43 78 -49 61 -124 30 121 121 -124 56 124 88 100 107 -58 58 2 -4 -45 118 51 -123 89 -36 -66 -41 53 -22 -42 -20 80 77 9 88 -91 87 -26 49 -62 -88 -88 -53 -5 -78 112 -12 98 96 -63 -67 -51 105 -81 -120 -57 98 -47 51 -17 87 -58 -6 59 45 101 82 49 32 -29 80 2 0 126 112 50 -56 38 -51 116 51 -50 113 67 -120 -83 6 -22 -8 -117 21 4 -98 -84 -21 -60 -79 -73 -44 125 28 86 -69 -122 59 24 -119 -56 109 -13 -89 -125 21 117 102 -103 99 16 13 81 -66 -89 -61 -127 59 -16 -2 -56 -110 27 -6 121 -21 -28 -51 52 -72 90 -128 -120 -117 25 60 -97 22 -99 -87 -74 50 -113 24 20 22 -47 16 -101 28 -73 48 91 -28 66 54 -56 -116 -57
-93 -13 -14 126 1 -82 73 -88 36 41 -21 42 -63 68 94 -50 -20 -4 51 -37 -90 -98 -54 94 -32 -53 121 44 4 -37 40 -36 -20 88 35 100 50 68 -32 -111 -1 113 125 -97 -36 -80 70 27 67 58 -4 23 74 -74 66 105 110 24 -80 21 105 90 0 96 79 -95 -79 43 -5 -105 -126 -56 -82 -122 -106 56 77 -7 100 -83 6 95 -20 104 -17 -50 -46 111 -14 -93 -35 49 -37 105 -100 -10 -19 52 -65 9 84 106 77 42 58 111 -26 -113 -68 -16 -12 -22 -65 113 -18 -90 -83 101 46 -125 43 -113 8 -20 -37 -55 74 -119 -116 68 -107 45 -13 -104 42 -117 -116 73 -88 -55 -39 -84 -15 -77 -65 -99 123 52 -61 -14 109 23 56 -59 21 -83 100 106 -67 -58 -19 36 -45 52 -35 6 70 -108 103 -36 -70 80 80 -126 -115 81 -42 77 6 69 91 -57 44 -60 -3 -33 -24 53 60 -6 47 -10
58 19 -27 37 -82 -80 46 42 94 33 80 98 -74 -20 6 -14 -95 111 -8 -60 -27 32 102 -98 16 40 70 -41 -58 42 -1 57 23 40 117 -126 -102 -43 104 -34 -53 -61 -118 43 18 -20 -5 37 -34 61 -7 -25 71 -91 -100 -26 123 16 37 -45 48 72 -35 -75 46 -86 124 54 3 74 8 30 -86 -97 115 -71 64 -33 43 21 49 97 109 -34 -75 11 -59 114 52 -55 66 -61 36 100 28 -120 109 84 1 14 -111 -33 -71 13 73 125 66 -25 -31 12 50 -60 125 -93 -4 28 93 -80 92 -117 -43 -76 47 122 87 126 77 9 88 65 -26 -72 51 11 31 -73 -17 63 -65 91 -11 -108 -35 -31 -14 -39 -9 43 23 -42 67 -16 -80 -59 124 74 -85 -25 -67 21 -15 -120 -123 -5 -19 -112 -5 -46 78 126 -82 121 0 -97 24 83 -109 -16 -11 64 -17 -17 -47 -118 103 96 112 80 -63 126 40 -26
-92 58 -18 -110 13 30 -44 9 -36 -28 57 -65 -10 42 -108 13 -104 -106 89 125 29 67 23 -72 -103 53 -73 -87 30 -2 -82 -67 95 -30 92 -66 26 66 -9 -84 111 -75 -123 42 -86 -122 51 73 116 -39 -2 76 41 37 -126 -81 21 57 43 19 -10 38 99 -8 -4 -97 -109 95 -44 18 -24 -55 34 -108 -3 108 -107 127 41 48 -90 -107 33 5 94 53 105 -33 -46 54 92 -11 44 25 -32 -108 -114 -126 -81 41 17 -18 -107 22 53 46 86 -28 70 -121 -37 -117 7 -78 53 103 121 38 -30 110 -53 41 92 60 98 66 -106 -86 111 22 -115 59 25 -99 -68 -45 -100 58 -83 -22 4 -52 -40 -99 -123 -23 -20 -100 42 50 -10 42 117 74 57 -77 -108 -53 -66 -127 22 69 -79 120 75 -24 118 94 100 -52 32 63 114 89 103 97 -59 49 107 -34 92 11 59 -3 22 -12 115 -109 61 89 -10 -45
-47 2 -37 -73 93 -123 54 -68 -47 -128 -75 -38 105 110 50 -72 19 -15 64 75 34 -70 -22 -13 109 82 66 -105 31 -5 -69 2 38 -69 74 -63 63 30 48 -99 -108 52 -97 60 93 -34 91 -71 104 36 -80 -108 77 -59 -119 80 -56 32 -71 8 -28 126 123 -56 19 -91 52 -102 89 84 75 4 91 48 18 26 -39 -124 -105 -6 96 -82 -106 25 92 0 -128 -52 24 -41 -54 56 -58 -16 127 56 24 81 108 96 100 43 0 -34 99 17 122 4 88 65 -119 87 -87 107 42 -113 -1 -15 56 33 -88 31 80 9 7 65 -86 -16 11 5 -100 26 28 13 0 124 -121 120 40 60 83 -83 -116 96 10 82 -75 16 19 22 12 -85 -50 -57 -85 -33 -16 84 110 121 28 76 -35 -94 45 -116 4 -17 -119 112 -57 -93 93 -8 24 -107 -57 82 50 65 -50 -82 -2 79 -112 -46 -4 109 43 115 -63 -73
-107 -54 116 -126 -50 -58 53 91 -25 110 123 -61 13 -91 -91 -42 35 70 93 25 -122 -6 -61 120 -21 -104 -108 -88 123 20 69 66 -58 -94 -22 26 88 8 87 -45 3 18 -20 -102 61 74 -8 125 22 -79 17 40 123 36 -9 24 48 9 127 -27 105 -15 -119 34 42 -110 -101 -27 94 -3 -32 11 44 60 89 38 37 -57 -62 98 115 -5 8 -118 19 -68 -67 45 -117 -36 -37 114 64 95 14 -28 71 -116 -109 37 78 90 -117 -83 48 -122 123 65 -43 84 -117 -100 117 -52 -116 -108 -73 6 -105 78 -2 36 -34 88 109 70 63 -75 52 126 -24 76 113 -47 -80 124 -8 -116 -117 39 -39 -98 -111 108 -89 -11 51 112 -50 -1 77 -78 26 10 86 105 115 -100 -41 73 -40 -14 85 -56 -85 103 -46 -51 -101 -12 63 -89 -58 55 -1 -21 -103 56 42 94 45 16 27 -89 -22 -12 -32 -42 -31 -97 53 108
-26 7 -94 -53 -95 91 23 61 79 -59 38 -37 57 -68 -77 23 15 87 -76 101 9 -90 56 -28 65 37 19 -43 127 -21 46 28 -110 47 -17 24 -11 -11 112 -8 69 56 -116 107 27 -83 -111 21 -70 92 31 21 24 -41 -73 61 -9 100 56 78 81 -89 8 -116 83 -74 70 -44 -8 46 -115 -58 49 -126 -23 39 -105 -98 91 43 -14 98 -68 93 57 109 -36 98 54 -33 72 18 36 -123 -111 -3 52 68 -69 -95 20 -96 27 -36 10 91 -102 -106 125 -98 69 -100 126 91 -38 23 -49 32 -62 -62 -41 103 -70 -117 42 -85 103 59 -92 -42 -43 83 2 -33 -67 87 -55 -46 120 -86 -37 -63 -94 36 88 111 37 69 -56 -23 84 9 117 -85 12 -15 72 63 -113 44 73 104 -76 102 79 18 -102 31 -116 35 90 -5 -123 126 126 82 78 -52 72 -96 36 -85 -37 -97 -116 62 -31 109 -44 -32 -120 1
121 -11 84 -116 -72 73 -75 12 81 48 -79 84 51 -49 113 32 -80 -23 -126 96 117 99 96 -91 101 -24 -13 64 119 -112 100 40 121 -120 13 61 34 -68 18 -40 -86 94 -81 -56 66 -4 21 -30 -89 59 -74 -5 -34 117 -49 102 127 117 -83 18 8 105 42 87 83 75 -20 48 16 -80 -10 -12 -45 -114 -49 -43 -126 27 -63 27 -91 -95 -110 -8 -37 -78 64 1 93 4 27 -81 -5 -86 45 40 -116 75 78 70 -38 116 60 25 -22 104 -107 -94 28 125 -110 -12 -103 -103 111 -22 26 92 -3 -34 -19 -15 -37 -30 43 52 8 102 -112 108 -45 -77 10 18 -125 -69 92 22 89 24 -10 -92 17 24 -86 -21 -5 -75 -115 48 36 -66 -75 -52 -70 -121 -13 -84 -33 122 -45 119 34 55 53 71 44 89 96 -29 -84 -85 -120 -67 -20 -45 -117 76 94 19 127 -74 49 14 -35 18 12 -26 81 -120 56 119
-48 -11 90 113 78 19 -77 79 -64 0 -89 9 -34 -119 -114 3 62 94 89 -110 84 -16 53 45 -89 -38 115 -116 -52 -111 14 -8 10 21 23 -86 -7 105 74 67 120 -2 -66 -39 28 90 15 -16 83 -56 82 -118 -27 -18 -122 63 106 109 92 2 103 -30 42 -117 -112 14 117 -109 -25 -94 12 20 108 29 52 -102 29 -128 74 -89 106 82 82 103 -40 13 25 -87 -116 -94 -88 -39 -104 121 -91 -91 62 -100 67 35 -62 -56 -68 -115 62 -119 52 -92 9 127 -101 78 -63 -51 -14 95 37 -40 93 -120 -122 56 -63 -119 -71 71 -26 -70 -98 -112 -31 -57 -61 -11 -63 106 -68 -14 -55 70 103 118 14 60 -20 -4 -92 -98 74 -11 106 50 -74 -11 -101 92 -78 -21 111 -60 -94 -37 -2 -21 -40 -51 -48 73 2 11 10 46 -16 12 58 8 -13 -35 -3 -13 13 108 -73 -16 113 39 -46 30 -66 12 107 -39
-6 -43 39 -18 98 -7 -57 84 -36 -121 86 -62 103 21 -55 -91 -87 114 -79 -42 -45 -18 33 -74 122 -91 91 66 -127 -13 -64 -69 -59 66 34 -108 125 95 -13 28 -20 55 36 -55 91 95 -6 -95 74 -90 125 112 112 -123 34 64 -112 97 19 -70 56 -47 -102 78 -45 126 27 -6 -96 -114 -98 1 84 -47 103 110 84 21 108 99 42 74 18 103 -81 48 -103 40 -30 66 -124 -85 -36 -28 -114 -67 -42 -44 51 -29 96 115 -62 37 116 -9 -85 -19 12 86 -115 -94 -19 38 -9 29 -15 24 -44 35 64 -18 -28 -28 -117 52 -69 -47 -1 121 -30 126 85 59 116 35 -92 -74 91 99 -106 77 58 29 65 -113 -76 -101 97 -117 -103 89 -108 98 80 125 -3 39 -102 10 -66 -106 -49 -66 102 73 78 -120 67 115 -45 74 -9 46 82 104 -91 -103 117 -14 -22 -36 38 114 69 -10 -2 -30 103 -115 99 30
24 -45 -60 -110 5 113 -84 -116 -26 118 85 -22 68 -54 80 -92 86 -88 63 50 67 67 -123 -122 103 -82 50 121 83 -106 35 87 -67 -73 -11 -52 103 34 91 -53 118 86 78 13 -76 -5 54 -9 -94 7 115 57 100 98 -27 70 -33 -106 -2 83 18 1 34 80 50 -90 20 -47 -21 10 7 -90 64 -29 68 115 -72 93 70 82 118 2 26 8 109 -113 24 92 74 100 70 42 94 101 126 -100 57 -35 -91 -52 104 19 111 -12 67 71 -24 -20 23 76 -88 122 0 -32 70 90 -47 41 12 99 65 -65 -5 -95 97 24 -23 -16 -118 -86 83 -116 101 16 -68 -1 -44 -127 -1 -108 76 -98 2 -68 44 -22 -76 -118 -93 -40 -68 -109 110 -112 -11 44 113 -12 25 -58 -111 3 99 -38 -17 -90 107 72 42 119 126 -4 -24 -4 -17 26 -84 110 -30 -64 30 -5 -119 -121 117 -82 35 -57 104 20 -54 39
15 -102 -88 50 -98 75 70 38 28 -22 -32 56 30 70 111 -26 46 -113 38 -90 71 21 -28 53 -60 -85 28 -37 -110 -96 -6 101 63 51 45 -14 27 69 -27 -76 120 -9 103 89 -48 43 -3 -52 -96 59 -18 70 76 -128 30 79 -3 70 65 9 -16 90 27 46 40 98 -11 -15 -112 -34 -9 37 -63 12 73 -22 -21 -67 -26 41 108 93 70 117 50 96 -21 -111 49 76 -69 127 28 -122 23 -10 -4 83 97 -110 99 77 30 107 -76 21 -108 71 100 -92 33 36 22 41 -1 -124 10 54 -1 122 103 98 -94 -121 83 -77 116 62 2 -90 -51 118 -99 123 -42 49 -55 95 44 -51 20 -123 48 32 121 109 118 51 -97 16 122 -123 -46 48 111 101 29 -58 16 -68 -74 -14 -127 42 53 -40 -25 20 57 0 -40 -96 1 123 13 -5 -27 -40 50 -114 51 40 -67 -35 117 -77 -58 -58 8 72 -35 -16
101 8 -68 -86 66 29 -16 -89 51 -102 125 91 122 87 3 89 60 -63 -62 98 42 -100 65 6 -70 78 -63 98 36 -56 -26 -91 -15 44 -63 119 -22 56 -91 -46 -84 -51 -70 79 -104 123 25 -70 82 86 -71 38 -46 85 -21 -2 -57 113 -63 -44 -47 -126 -89 -24 18 -97 -25 102 70 -52 -22 33 96 -83 57 15 52 -29 -49 -81 -30 -96 -20 -97 53 -109 -22 46 89 -30 -36 109 86 -114 125 11 93 -57 49 -54 -13 -69 76 55 -81 -77 -46 -93 17 -18 -109 113 67 87 85 -25 18 -46 106 8 -57 -46 85 59 -86 20 -63 119 -24 -60 -93 -97 -42 -55 -85 31 -62 85 53 120 -19 64 -105 -121 -44 40 -103 -116 16 -83 55 -22 82 -51 90 51 -102 -58 80 67 60 -117 115 76 -85 60 51 84 -126 -107 66 81 -99 -115 103 -27 -84 91 -12 112 -51 66 67 92 -60 -67 -57 17 -43 0 -32 49
51 75 21 18 112 42 99 -23 -11 -116 -22 109 69 30 118 52 -30 -56 20 -27 -57 28 -102 27 126 35 16 -119 -111 37 23 44 -24 49 -79 19 46 -106 46 53 -120 103 111 115 -46 -63 -94 -94 -26 -52 29 81 -68 -103 -32 34 122 -49 -81 45 7 -51 -63 -112 -123 -22 86 9 -34 -118 -84 86 -79 -68 -27 -60 -127 99 -83 -95 110 5 -109 75 -95 14 121 6 49 -25 -84 -23 -117 38 -35 97 -42 75 53 -116 -102 -78 -102 35 -94 110 -42 111 77 -51 112 -45 123 -93 119 -2 70 61 64 46 -20 90 -85 10 -116 69 -106 40 -33 -98 -63 -87 -117 113 -69 -102 120 96 7 8 89 -24 99 -113 83 79 107 77 -2 90 41 74 113 -89 -50 54 -44 -54 14 -94 -37 22 6 -24 115 89 -98 8 81 -49 -74 -89 -30 -17 -30 94 -19 -62 39 81 19 -112 -72 14 -93 -5 -59 -25 -110 -26 52 -36
25 113 66 26 70 118 69 -7 -71 -69 37 93 46 99 71 -118 -99 50 90 -82 -69 117 0 -115 -52 -41 -88 -96 74 46 82 56 37 111 70 13 -98 96 -36 -110 -67 -119 -120 -56 -32 -116 71 -97 87 -96 15 -78 44 83 18 -64 -88 14 -65 -123 10 27 -31 34 83 -63 -47 50 116 -125 -33 -44 44 -18 -41 -62 2 -1 4 -26 27 -89 30 -109 -28 98 124 -50 4 81 -95 38 -119 88 10 -100 84 -55 89 -94 -84 -84 108 -72 2 0 112 73 -88 -20 72 -41 -121 -52 -54 62 18 -32 121 -113 36 -30 7 116 60 81 29 52 -35 -82 94 83 -65 45 -116 13 -37 89 36 123 23 37 45 -73 -117 68 46 58 33 117 -53 59 106 -1 40 -53 67 23 76 -30 82 -89 -50 4 101 12 -89 -38 -127 -14 38 -116 10 3 66 -6 4 -118 112 -112 -111 123 80 -45 9 -114 -39 -90 -46 19 -13 39
3 -44 -54 -83 70 -4 -93 -105 -21 -64 -43 18 8 -3 -19 -99 -37 -42 87 87 -126 -117 -49 -32 33 -95 -118 -55 47 73 117 -63 127 53 10 36 30 -35 -60 -126 93 -27 -6 35 -26 -109 -5 25 43 -4 -60 -19 32 -46 -96 -25 24 -2 125 52 83 -13 -23 114 -112 -75 -116 41 -109 -110 -121 -78 -118 57 114 64 -119 45 -66 -113 -24 -18 -90 -23 -72 -103 22 -86 65 15 125 39 49 -75 -22 90 -11 -74 -34 41 51 7 -80 13 62 -53 108 -128 43 93 107 30 16 -11 -3 105 45 -76 -5 26 48 24 -101 47 71 -53 -86 -116 40 89 6 106 -17 -4 -113 15 -25 83 -3 18 48 90 28 -24 122 83 -74 -59 28 -52 -37 -125 61 120 -35 70 48 102 54 -15 92 20 -15 -116 9 98 99 -72 -71 -94 67 -48 53 -53 7 -44 -102 21 -127 -28 -11 -15 -128 -27 -11 28 68 -45 -78 65 -26 29
-108 -95 -16 70 9 10 19 92 84 -26 12 46 -25 36 109 88 28 44 21 89 77 35 71 -119 -81 50 -97 -101 -101 -36 -108 -89 10 105 77 -78 -55 -3 -92 53 96 12 10 43 -37 -44 3 19 24 -25 -13 -80 74 -107 66 15 65 -47 -118 -93 5 -72 -101 -42 95 78 -51 -31 -94 14 -51 -127 94 14 96 74 -68 39 45 23 -90 51 -19 -83 46 -32 125 13 -105 -27 63 -113 21 -109 -8 -87 80 -36 -50 -10 93 -107 4 47 43 -14 125 93 42 105 6 -75 50 101 -106 102 -25 115 12 -50 -11 86 109 -120 -72 69 51 -57 104 9 -107 82 -101 44 20 -111 -22 26 -52 0 46 97 89 -50 115 -113 119 -53 -117 -45 -18 -55 122 122 121 116 99 -93 -76 23 -42 -37 61 -77 -6 -77 42 63 -47 -56 -116 -4 -51 -2 127 62 -31 -82 -12 122 11 -67 -99 55 38 -114 90 0 69 61 25 99
-15 -118 72 -52 -53 2 -86 25 65 -115 88 -122 95 93 -33 -107 -88 -60 104 -20 -99 -98 -61 14 -72 -125 32 9 -122 -80 -20 -89 -46 6 69 -109 -17 68 -26 117 99 116 86 -60 -64 34 -51 65 -124 25 35 -49 -63 -116 -57 115 -6 18 -122 93 97 23 -34 11 90 -17 6 -89 -24 -104 91 69 4 78 -110 119 -31 -77 101 -84 0 83 -111 2 100 -74 -116 -79 -45 8 -46 74 123 56 80 5 -49 -3 -70 -14 112 -63 117 43 62 -117 4 71 -55 -17 67 -127 -58 -128 100 -68 -79 -121 75 -106 43 -70 -115 117 -39 -79 -94 -28 75 12 44 -45 52 -95 -19 79 -121 110 -86 -101 -62 103 66 -86 44 34 8 -75 122 -87 1 101 57 97 102 107 2 -36 21 -37 -61 115 105 76 -116 10 48 51 72 -74 49 98 -94 72 -58 27 49 -103 30 51 -59 113 -18 63 102 -31 -75 -51 -16 -100 -127 7
77 58 126 -65 -127 -103 2 -68 -52 86 -18 120 61 65 -76 -23 39 -122 -24 102 -88 15 58 -29 34 45 48 21 -48 102 56 80 93 39 82 -53 74 -102 11 55 46 -1 106 63 -75 117 94 -109 26 10 -123 0 -67 -82 -102 -108 -85 -44 92 91 103 67 -77 91 43 61 -28 98 37 8 -63 -91 14 10 -14 49 10 126 108 12 53 6 112 -62 -121 125 -6 -67 -93 -110 -53 -71 -91 69 -16 -5 52 -127 123 41 47 -67 21 -26 34 29 64 46 -60 -58 -54 91 103 66 33 103 -2 105 3 15 -122 111 -57 3 97 63 -83 13 77 87 114 -14 -46 121 83 98 55 -53 58 -55 -51 87 125 64 -83 66 -46 -52 -81 -123 8 25 49 97 -101 33 -23 124 91 -124 94 9 69 93 -55 -25 -116 81 29 123 8 13 61 14 71 127 98 52 106 15 -127 30 24 -17 14 82 83 68 95 26 -30 39
109 -111 -115 -81 -89 -114 52 -72 95 47 -92 -75 -49 125 -83 93 -79 124 -1 68 -80 10 38 33 41 106 86 -99 104 35 105 72 114 -18 -66 -44 41 9 -4 -30 116 -16 20 -57 80 -85 -54 38 54 34 -2 125 12 -104 -33 -30 23 62 -43 -67 51 59 -78 -80 -1 54 -51 19 -30 -35 -39 -61 99 93 122 -96 -100 -70 -107 -2 27 64 45 -52 -21 42 39 57 -34 80 122 -69 -39 56 -116 17 5 23 -42 57 -2 -65 11 60 -70 -24 -48 -44 18 -19 -59 -18 -63 -8 13 18 27 110 -74 -51 113 -122 77 -92 1 96 -34 -32 -120 -61 8 -6 6 -80 -40 49 98 -106 -15 30 -3 38 -72 -124 -40 115 -2 69 48 115 -92 -125 -59 -94 -20 9 -97 36 121 85 -24 -122 25 -14 74 107 -21 -15 -69 122 78 63 -43 125 93 55 65 -86 67 96 -45 -18 74 -77 -54 -21 56 -19 -72 -118 103 92
-42 -48 106 -128 76 -70 -115 -89 -14 -41 -76 34 120 0 -115 -15 5 105 109 -2 -102 111 -9 95 118 -92 85 14 -115 108 -87 80 -66 -96 -7 8 0 -62 40 97 2 -91 110 14 -109 40 31 -59 22 6 25 -123 -81 -35 -76 -37 22 -53 29 -32 -17 108 65 -5 81 -116 -69 -48 -50 -71 -15 38 -115 -105 29 22 75 90 0 -121 -103 -76 -66 75 -32 -77 86 21 -30 -123 65 123 91 -66 124 108 -24 97 -45 124 79 -41 -120 -33 105 -115 37 69 -31 -80 -98 91 87 -18 -116 57 -76 -10 -3 -39 -17 -112 72 -128 27 27 103 -92 54 -53 26 2 45 -36 125 -75 -100 -112 -128 -122 1 -73 -9 -100 41 -32 38 87 17 -36 31 -31 89 94 98 -11 -93 -38 -63 22 95 -67 -2 87 -10 -121 -70 56 -8 78 79 -128 1 -73 -13 -81 42 -123 40 41 -33 -110 -10 -2 120 -8 94 100 -3 -37 -112 -65
13 106 -55 120 65 68 -123 -20 -90 -13 69 120 46 -6 -41 -3 76 13 94 -37 -25 -99 -72 54 -43 38 -7 117 115 69 -87 -72 -123 110 -88 -124 -6 -73 -101 -104 30 78 40 -26 -58 103 -128 121 -49 79 -29 80 -124 7 122 97 12 -43 93 -4 -5 -96 40 95 -32 62 65 69 -15 127 22 23 -92 34 12 27 -21 -71 -69 -51 -41 38 -30 -104 84 -48 72 -19 127 -11 -105 -87 114 114 60 -78 59 44 127 -99 -63 -32 26 13 -52 17 -55 104 -63 -117 61 -62 -79 -49 115 10 -21 97 -49 -17 -13 -108 66 102 22 -85 63 -114 -81 -64 31 -79 -79 63 -106 -22 9 -79 -94 -128 47 63 25 112 1 48 78 87 124 18 0 -49 4 -84 -2 -43 63 -85 -85 -51 -1 46 124 -24 -1 -16 14 97 -14 113 -12 30 -56 -23 -112 25 -128 61 61 -19 92 37 -118 -105 -113 47 112 -25 -71 -60 58 -101
42 -98 -67 -102 -28 -115 55 45 11 -59 12 -91 19 -48 87 -64 100 11 -38 99 -13 -63 41 -102 -92 -74 -76 36 58 79 124 93 70 71 -77 7 118 116 -68 76 -85 118 -121 23 -6 5 -101 5 26 51 -36 -11 -76 -57 22 103 -72 48 -61 37 -20 -90 -30 -63 69 -69 -59 103 -66 47 -82 -18 58 55 106 42 -102 25 -110 120 31 22 114 94 112 -123 -85 116 89 -75 83 125 127 -35 -56 45 -14 23 121 -1 -100 -41 -50 -12 118 44 -15 113 -108 17 79 59 -55 -118 -128 116 -11 -30 -121 25 71 116 -39 75 -60 27 117 87 -86 84 75 19 -39 -12 -92 119 -10 48 118 107 125 -16 -30 58 -40 51 -80 115 -102 -70 -31 -75 -27 -93 -79 116 105 -41 17 80 -23 33 -76 -109 -113 43 -15 89 -47 114 -26 11 -90 2 82 77 89 -124 103 12 -33 50 -26 -85 -80 17 -36 98 -122 99 77 -128
-22 -13 53 30 -62 15 -114 7 -20 124 123 20 46 -122 -92 49 116 -28 79 -3 113 64 92 -90 51 -106 102 -64 -1 -19 -108 -47 -34 46 84 -21 4 112 109 -16 -79 -19 -61 3 93 87 76 52 -47 -116 114 100 -81 -114 -11 29 90 -74 55 35 11 11 -15 -113 95 50 -16 -57 3 -13 -124 9 89 39 82 87 28 2 113 94 -93 -54 24 -82 -55 -2 33 -58 -47 119 98 110 -108 -86 -52 -73 -106 -92 -33 34 -30 -50 71 115 -109 112 102 -10 -29 -17 -24 62 6 53 -107 -75 23 -58 -90 92 23 47 -6 3 -118 118 112 -24 -69 -14 -77 94 -113 110 66 118 -25 15 47 -91 120 111 -104 -1 122 58 -120 25 -22 -103 113 -76 -36 23 87 84 -123 -96 -82 31 -70 -2 102 110 -85 -48 90 65 76 -64 102 62 97 64 89 -99 -12 72 59 65 101 85 58 78 -68 -79 74 83 66 33 -92 -6
-39 122 -46 -27 43 -19 13 46 71 -125 -12 -54 73 -46 66 -86 -112 -74 -80 98 -78 22 -7 -13 87 72 40 -92 -53 -22 -11 -104 -103 10 -76 87 -109 14 -120 -90 -78 108 -93 96 41 -18 86 -25 -86 -6 89 124 -13 -65 -75 91 46 -80 -97 73 100 75 42 49 -48 -31 29 -105 -118 -96 100 100 -72 16 73 -47 -68 36 -87 64 97 -90 30 61 -96 -99 64 -120 86 53 17 -65 82 -70 -55 -108 49 16 -50 116 80 -114 -88 69 -43 65 11 44 103 -57 99 -12 71 105 -14 -127 -117 31 -93 -85 -98 36 -68 -55 87 -103 -88 -28 -90 55 39 -125 -15 97 -114 35 72 58 -116 58 -4 94 42 -126 91 -44 17 -76 35 -102 101 -118 -93 -57 56 35 88 -1 16 -127 68 -40 105 -91 -111 -65 -29 -106 33 -35 -120 14 -118 56 68 -67 -118 -125 -24 -92 95 18 103 -121 27 117 -63 -79 47 -40 -123 -97
-5 90 -62 -116 -12 6 18 -80 3 -89 -85 -90 -127 -9 95 125 -128 -55 -38 45 -120 31 -18 -73 -2 -102 97 65 -81 22 75 -78 -122 -97 -76 16 -48 13 -2 99 61 -73 101 67 -89 120 -50 -22 -121 -75 -50 31 20 47 104 -49 82 -6 -83 95 98 100 -32 97 118 -116 -44 -43 -52 -75 50 -125 78 -78 -92 62 11 -89 -77 26 -38 57 -35 124 71 -68 -56 -71 51 1 -11 98 93 -114 -74 119 97 -91 66 -62 40 -17 122 79 -16 -109 26 -91 68 53 100 -93 -84 22 3 -21 16 -30 -7 -95 22 89 -5 99 -22 85 -81 -113 99 83 -117 -122 -14 -80 -54 5 74 20 -57 16 -98 -101 -100 -47 -70 14 -116 -12 -97 -118 53 -122 -67 -98 -90 65 76 67 107 -76 104 49 93 117 107 82 -33 -74 46 48 -27 98 -59 -99 124 78 -49 33 -51 -69 94 -85 71 107 59 -128 -62 74 120 29 -103 24
103 -77 -57 24 -65 85 -58 -109 -39 33 25 104 94 106 -118 92 65 29 92 -113 89 37 -83 -96 -124 -23 98 -122 34 -59 109 5 119 115 81 -89 72 -20 85 76 -121 17 123 9 -30 -124 -25 113 59 93 -47 -103 -82 -87 -73 100 -127 -37 -92 -89 -68 -117 53 124 3 -1 -63 -64 -19 85 -109 -31 -71 87 -55 108 -117 17 -98 -14 83 115 -26 61 64 -54 72 86 102 -128 35 -89 72 125 -19 9 -77 40 -46 -6 -92 75 -83 49 68 35 -98 13 15 -70 -104 -6 -124 103 -23 86 0 -45 87 -43 47 -59 -88 -45 84 -83 84 -37 -116 -47 -90 86 91 88 63 110 -103 -119 -103 -18 -16 123 99 -4 109 -16 -80 34 -30 -1 96 21 -91 -41 -73 32 68 -74 -104 -45 113 -45 -20 41 -118 -38 -126 -74 86 -104 114 -114 -103 16 86 -53 -102 117 -77 101 -105 47 -60 89 -124 38 -102 -31 -52 50 52 11
-12 98 -96 -123 99 -56 73 13 48 113 89 28 -51 107 72 -74 109 30 -42 57 21 -35 107 11 116 57 106 20 -63 126 67 97 -80 -12 12 -65 -119 25 -6 96 123 99 -127 -126 -105 -26 68 -8 -39 77 112 -92 52 107 -93 33 80 79 -39 -62 -29 -68 19 -48 101 -84 40 30 -108 -59 10 -51 -100 66 -45 105 -75 112 -115 112 -43 45 28 -9 26 -54 -15 73 -2 59 -60 -19 122 -69 59 62 33 82 93 103 -97 82 -31 56 127 -109 5 89 71 -52 91 -78 99 -38 49 90 -22 119 -38 93 -62 79 -104 75 37 -75 81 93 -118 -4 -84 -11 -95 -75 -29 84 90 126 95 -60 -32 118 116 11 -77 -46 -58 46 32 24 -122 -9 -5 -20 2 -9 -60 -35 111 -61 40 -41 82 -24 -43 57 35 25 -34 0 43 -42 -13 -4 94 51 -103 30 -60 117 -97 52 -10 43 -17 95 -97 3 21 -61 -68 18
80 5 89 46 -90 34 -112 -5 -16 -66 93 65 -83 -89 87 52 120 -87 103 -30 -123 5 63 -89 -34 -34 102 114 -43 83 107 -120 -44 -22 -111 30 94 123 -98 21 3 -7 19 24 -40 26 82 -59 114 100 100 -53 110 33 6 -118 87 109 52 49 39 85 105 -21 -101 -6 77 -81 -17 98 -55 18 -19 122 -92 -93 88 -57 -112 -56 -51 82 122 -73 -68 70 -38 127 -85 -39 29 -58 95 62 27 75 120 -15 -28 -50 -41 80 -59 -106 70 -19 -23 -4 10 -21 -63 -106 125 28 66 -28 -17 112 -119 102 -83 -61 -103 48 94 6 3 46 -77 26 110 49 21 83 18 119 115 67 -126 -106 -127 61 74 39 -112 74 -16 111 -69 -76 125 18 24 -43 -10 -48 85 10 30 106 -105 18 -17 21 13 -90 53 47 56 74 -72 -92 32 81 -67 24 50 -81 -115 123 -32 5 29 -18 96 -68 -38 -88 -81 -80 -47 77
62 106 -112 -101 105 117 -35 49 -109 -69 121 21 30 -73 49 15 45 127 64 -62 75 62 -114 -111 -119 -4 -7 87 -112 -91 -88 60 12 56 -73 -34 -66 -101 -120 -60 32 -114 87 -83 -38 52 -87 37 101 -86 -107 108 -93 13 -36 -97 38 104 46 -120 -10 46 -15 114 124 90 -28 -2 118 -108 -122 -62 -73 109 71 65 119 -36 -32 -33 -56 -109 -53 121 -111 -110 -28 6 98 -2 -70 -24 -23 -24 -125 -19 -29 -88 -122 -26 -71 -67 78 8 107 49 40 64 -90 -50 71 84 92 -97 -90 -110 -78 84 17 6 2 -4 103 125 87 -128 -118 -44 -72 -96 -33 -106 11 -16 -4 3 53 61 -26 27 90 83 -52 -69 -18 -41 -9 43 35 -52 -69 44 82 62 35 106 -47 77 85 -28 80 -121 -34 72 103 126 -15 -113 -50 33 -19 45 77 2 106 -26 7 101 -8 29 61 -93 110 46 99 -32 -72 36 -6 -114 13 -76
-68 70 21 -9 -8 -54 21 20 -31 -127 -68 29 -81 -82 11 21 18 118 71 44 -83 99 -22 -40 -125 -74 -19 19 16 -71 -91 107 -96 0 -82 -96 77 -105 124 124 71 57 -124 -105 69 21 -113 35 35 -74 -111 -50 -19 -5 80 33 32 21 100 -36 -38 -17 -120 -54 -12 -36 -30 11 58 -50 43 -124 -4 49 72 -41 78 -103 36 47 -92 -103 -34 -53 41 109 -122 43 55 -13 51 -90 92 36 86 20 78 101 -118 0 9 2 54 52 109 -19 -106 7 70 59 -30 -66 -38 -102 -65 75 112 24 -21 -56 25 -57 58 -42 122 11 62 86 69 -120 115 -45 17 -62 -44 -1 -16 -62 31 -91 121 38 4 109 26 76 50 46 112 60 -27 -113 39 32 -90 -38 4 -85 -51 -5 -42 104 49 96 54 106 -89 57 53 -73 118 -36 82 -116 22 21 64 41 125 84 67 -78 84 -113 29 114 -78 20 -96 -2 -47 -2
-41 -80 70 -53 6 117 18 -69 30 22 -122 -106 33 88 32 -118 36 -68 -67 -67 125 70 -105 104 72 67 31 -85 -117 72 70 -2 -7 -49 -29 -98 -45 10 -89 105 -80 -15 -97 -62 3 -128 115 -18 -127 -31 -31 -20 -15 28 118 117 -9 122 13 4 25 52 -75 9 -69 117 -75 93 -117 119 109 107 -57 -14 -93 -110 109 78 18 -67 -86 77 118 105 76 -123 10 -85 69 -83 -126 53 41 76 -118 35 -68 -84 3 -99 62 -99 11 75 0 -21 14 -31 25 46 23 -56 -86 127 10 84 44 82 -48 -13 -23 -38 109 98 18 -99 32 -82 -60 25 57 -121 62 48 -11 -13 2 -4 95 -92 -124 -32 119 71 16 110 25 100 -124 91 89 -117 82 -1 -119 63 88 -23 -126 -7 16 -40 -119 -68 -41 -81 -114 -18 48 106 101 25 81 -42 9 42 111 -6 8 -115 -119 -18 32 -100 75 -128 112 -21 95 77 -128 -10
39 25 -93 31 -97 98 -59 -123 -97 6 -117 -59 100 64 -125 109 63 64 34 40 -108 -21 -92 54 31 71 -31 -114 -23 -92 27 -109 -69 -123 -66 125 -29 -36 125 -37 65 46 -33 76 -54 29 -104 -37 75 -3 -65 -50 -110 -37 24 110 82 113 73 -37 44 -46 78 71 -51 -62 -18 86 -112 -2 -125 -113 101 -19 73 74 125 43 1 -126 110 98 -84 54 43 -14 -108 76 110 -95 54 83 105 50 -59 -76 -1 -42 125 49 -38 -43 -102 71 -120 67 68 75 -104 31 -57 -120 70 81 35 56 -105 -31 109 109 70 120 -89 -68 34 -100 24 114 -91 -113 33 120 17 -7 -36 -68 44 83 6 22 111 85 -49 91 67 6 46 57 -36 -6 -18 -101 -46 123 -73 93 4 -107 54 20 -113 -12 65 120 -68 2 96 -19 -114 67 38 -46 -126 123 11 80 84 107 127 -83 102 -15 88 46 -100 -52 15 -94 -108 -54 13 -88
63 -60 113 -38 -46 78 -17 51 -42 14 -63 73 9 -10 -50 -48 6 98 15 103 75 65 31 16 92 77 17 91 -81 -41 -43 120 -120 124 39 99 -28 -10 74 36 120 -46 115 88 28 30 -102 -71 72 -22 41 18 -50 82 15 -36 109 -115 92 -80 -112 85 -123 -94 -94 98 22 -122 -117 24 -102 -77 -28 98 29 -70 49 55 28 114 -90 57 87 -47 44 57 -30 102 17 -24 90 -42 -96 -55 -22 -38 -109 3 -49 -104 11 -72 109 -115 66 109 -83 -18 -7 -15 -60 35 126 -60 -18 -9 66 -56 -123 83 14 126 101 -105 118 -60 -120 -4 -46 16 113 85 37 -72 -80 -128 -37 -18 -16 110 -93 56 26 -113 76 -5 49 -5 44 -102 -52 114 -2 7 -104 89 -13 110 -105 69 -60 -49 -35 91 -112 -108 -11 -78 -41 -31 -4 -108 8 38 -11 8 -63 67 -111 -50 -38 127 -51 54 -54 0 -24 -2 -44 -81 -45 114
117 -93 54 -17 112 43 104 -42 -117 -80 15 -41 102 40 41 29 -41 127 4 99 120 -122 55 -99 -64 -91 9 -112 58 75 15 -38 90 -45 -100 46 65 47 -99 109 -63 74 -83 85 28 3 49 11 48 44 51 -95 -83 112 -30 83 57 16 88 -107 -95 124 49 81 3 60 119 -37 101 91 55 29 57 -26 -12 -106 93 -79 -83 -25 111 120 -78 -48 -119 31 104 -67 -44 1 72 -64 108 -21 -32 40 -84 -103 -126 115 -59 -84 100 -29 -60 -13 124 -6 125 89 75 -3 -94 98 -78 -100 -40 -48 28 89 -70 -32 84 54 79 -104 13 31 8 -80 56 13 8 -58 53 -78 -60 -2 98 -79 120 83 -50 -124 -47 65 94 -91 -85 -81 57 119 -49 -40 89 55 -70 -66 61 -44 103 30 -126 110 -60 -50 -92 8 19 -71 105 125 -114 -29 69 -90 -27 57 -68 -117 -101 103 51 1 -76 53 -110 -28 -24 -21 100 104
-20 85 -102 31 -89 -44 19 -65 -101 36 -60 -68 -67 -64 90 -52 -38 19 -59 -94 85 -76 7 79 -18 28 -57 51 103 54 -62 -3 -63 -47 26 -115 -126 124 68 67 -101 82 -76 -119 97 44 8 -4 77 -116 81 71 112 82 76 -81 -103 49 -78 -108 75 -25 -80 127 93 62 -22 -9 37 99 113 104 -48 76 -6 -121 55 19 81 110 36 29 48 101 -4 53 43 -7 15 68 70 -68 -126 72 50 -38 88 105 -20 -28 114 20 100 65 -6 -17 78 117 -37 113 28 85 46 116 -117 57 -112 30 33 -32 -96 30 99 -81 122 13 -11 -49 12 57 23 -106 96 123 38 97 31 -32 -2 61 113 115 -45 -101 -74 118 124 49 -49 26 -44 80 24 -72 57 111 -124 -16 79 -79 71 -30 -110 -120 -71 46 56 -56 -91 -94 46 -98 -79 48 95 -90 -65 76 34 -96 66 -43 -104 110 99 -122 -72 82 -127 -79 -88 -120
-71 84 -66 48 -8 -52 6 -88 -57 6 84 29 48 28 87 104 113 -14 -63 23 54 -81 1 -103 17 -30 76 -47 47 -93 -37 38 -109 -58 12 72 34 6 -10 -118 -27 -114 38 -82 109 101 1 62 -106 -9 -5 -25 -44 33 -116 124 53 15 -108 69 107 115 -118 100 -79 15 -97 22 -33 -27 -12 124 27 -124 76 72 38 84 94 102 -13 87 -56 -76 38 -4 -68 12 42 80 -23 -95 32 -9 -114 -108 3 14 -125 99 88 29 11 -35 -18 17 -102 35 16 98 95 32 74 -81 4 92 110 55 115 -4 121 36 13 -81 69 -124 -87 62 27 98 28 -63 -4 31 75 -50 -88 -120 -80 77 -58 45 -81 67 -52 7 63 35 -112 -89 119 -60 54 -4 106 -95 52 -92 68 45 18 -93 119 64 13 66 20 5 35 -77 35 102 -85 -59 3 113 -83 -103 -74 -87 -89 112 -90 -97 -101 61 -126 47 16 48 -100 -116
-95 -77 29 -68 12 -63 29 -66 -77 -60 4 -58 -33 -22 -82 -75 -100 -59 95 6 105 -57 -62 77 -113 -11 51 -97 41 -23 -9 -80 0 106 -29 -6 84 -99 10 -110 86 121 -89 72 -29 3 -78 66 43 -54 -95 21 -40 19 100 -65 -100 114 -111 65 66 43 -109 -70 113 -114 112 -96 25 -116 118 -16 57 45 20 -111 47 10 -109 -102 -16 -107 87 2 -50 -108 -14 -37 104 -93 105 61 33 -115 -42 91 106 -77 -48 98 -12 -88 -8 -118 -77 -8 7 112 -2 65 -82 111 124 -22 75 50 -38 -59 52 117 -63 -14 -9 -45 85 113 -72 -38 3 -95 50 79 -94 -58 -15 -47 4 17 -101 -121 -29 14 101 40 44 -53 -25 -108 -91 -19 24 66 -23 -52 101 81 34 22 -28 58 123 -91 -49 -5 -15 41 124 -102 94 -54 121 -40 75 36 117 32 -13 15 -33 17 -60 -86 16 72 125 -37 55 -85 34 76 96 23
31 106 -127 116 -95 -122 3 -73 10 -25 31 -89 87 41 -63 -112 79 -83 -44 -112 -11 -16 34 -98 -34 61 -126 -53 105 73 -83 -78 -110 -6 84 -78 78 -25 -61 54 -26 -50 -44 2 -38 18 41 -111 41 -100 -89 -24 -94 -11 100 -8 82 -67 88 69 83 -95 89 -69 22 -20 35 -2 -104 51 15 -92 73 -34 69 43 37 -32 -115 77 65 -95 -66 -70 -89 100 80 99 90 -126 50 115 -4 -71 -62 -35 52 -59 -92 -118 96 -107 -46 -83 -12 -88 73 106 -21 64 31 28 61 30 -110 76 68 -63 -12 -92 8 122 77 -3 -84 -33 127 24 -62 -119 -44 115 88 -79 -70 -71 23 -11 -127 18 -82 -37 54 84 -7 2 24 -39 -42 16 41 -114 -50 101 -42 -56 38 -111 16 36 -9 78 114 -82 43 104 -98 62 -104 51 79 99 96 -30 48 -40 -71 -78 103 122 -75 62 82 82 -54 126 44 109 -17 -117 -65 90
-13 -14 -94 -34 15 25 93 -40 109 20 81 69 -111 -10 -36 42 -105 -104 -105 -111 -24 -120 95 -69 -96 35 -11 122 97 19 -46 -63 -109 35 98 -1 -110 11 116 -36 -75 -75 94 -15 42 115 -78 -50 35 122 -107 -59 -77 22 66 57 -90 127 100 53 -94 -52 50 86 -3 85 -39 -54 -104 -90 19 85 103 -50 106 79 30 -123 32 -45 66 17 94 99 87 -43 -18 14 94 -90 124 116 82 20 -127 10 69 76 -52 -27 71 76 4 9 -104 -82 102 68 -14 17 -110 34 31 18 -15 -82 71 2 -125 42 -84 12 3 -88 45 -7 37 93 -51 -108 -10 96 78 -87 -1 -73 -45 -52 118 -85 6 -122 -100 45 -110 -99 -20 90 124 81 126 97 11 102 110 -30 86 26 -106 -83 -100 -81 -32 -50 -120 -103 109 50 -24 122 95 -67 10 6 -17 102 124 -10 -23 9 -44 -30 67 3 33 116 -110 -27 120 62 111 -114
23 38 -22 10 -9 90 -124 -13 -110 -56 40 80 84 -123 -107 -2 -1 23 -121 -118 57 -31 -16 -78 -123 21 -70 120 -87 -104 87 -91 66 9 -114 22 22 39 27 39 -121 0 -122 26 35 -66 125 69 2 117 75 -18 87 14 9 113 117 26 13 -1 3 88 -69 -92 46 -97 -89 -73 -118 73 -78 -53 120 -82 -51 65 121 -95 1 52 -16 81 -106 -80 -94 -109 93 112 78 65 82 65 -105 -80 -5 -48 88 13 -121 107 43 -61 -8 103 -115 -1 -120 -114 -62 52 52 -19 -79 93 -69 84 4 -57 53 35 -13 75 27 -57 -60 -66 101 -93 -25 7 32 38 -29 -125 74 83 -83 41 73 -71 75 10 -83 17 -105 103 -113 -28 28 -30 -99 16 -22 -2 -51 86 -25 118 33 -86 65 111 68 -62 71 40 11 -35 -15 92 -70 -98 80 -64 -33 -128 87 -4 120 -81 28 -32 -83 -8 69 -15 127 -12 29 46 93 78
6 30 57 -50 90 -20 0 -126 50 -43 38 89 37 -114 -46 106 106 -68 -58 -122 102 -76 37 72 -102 -122 88 25 28 -87 -34 82 -105 -109 -66 95 12 19 -115 -13 18 70 -100 -88 95 52 -38 -72 20 -126 -54 -83 -27 94 -13 14 -78 -102 -121 109 -124 4 -22 -81 -8 4 83 -16 -106 -46 -3 124 61 33 -87 29 30 -53 -121 49 91 67 -106 31 -101 -9 -76 -2 73 89 105 -119 36 -78 -81 31 43 62 -6 -38 50 -18 82 79 31 -76 5 -66 -88 -43 -56 -115 36 -91 -60 -47 63 -111 8 20 61 -82 -71 -76 -98 55 16 -21 -92 26 -60 115 40 -120 68 -101 26 -103 41 107 51 -7 -96 -74 -78 -65 -112 -111 63 -28 -81 -25 91 77 -76 -78 -28 42 94 86 -104 -119 122 -15 -94 -98 68 -19 28 -125 113 57 -87 -64 -46 -115 -85 4 15 72 105 92 45 -120 67 -47 -126 39 1 -70 -105 81
37 44 104 -37 -104 -79 -78 -44 -81 3 31 125 7 -56 122 82 -45 -110 -117 47 -82 -1 14 -43 -39 0 -24 -113 -100 16 -25 -88 23 -83 -19 34 1 123 55 -3 78 -4 64 123 45 -70 115 -78 55 11 -24 -28 21 -108 70 -96 -112 -10 77 63 62 -68 9 95 -80 57 -16 -48 -86 106 -108 60 -43 70 -104 -55 36 99 92 -37 -22 46 16 33 15 4 127 -91 -35 -41 27 76 -103 28 4 -71 39 -63 126 126 17 4 111 49 58 -113 -66 44 -51 -29 78 4 26 -122 50 122 -8 8 -108 -67 -98 -95 -77 92 105 -62 7 96 62 126 -59 48 -63 47 48 -30 27 71 -86 -96 -11 95 -101 -82 -124 120 -29 -124 85 -81 -62 -34 -93 -2 -80 17 -122 111 17 98 119 -121 -15 -27 -71 28 60 -117 87 71 69 -86 96 -84 39 27 -120 17 66 -10 -83 5 -108 -77 38 -62 49 25 66 -12 -107 -123
5 28 56 96 -22 -60 77 -51 -14 66 3 68 -71 87 54 -56 57 -51 -59 80 2 -25 111 -1 79 111 28 -94 60 60 -63 8 8 -91 -15 -100 -36 -62 -33 35 -65 -117 -75 -66 64 69 -103 49 109 34 60 96 85 -21 -49 61 -59 -121 -53 -124 84 -17 -105 25 -36 34 49 -4 -96 -70 -81 18 -75 28 70 -26 97 -72 19 92 -5 -58 40 67 6 -42 -67 -73 92 -82 -120 -111 -46 106 -57 -51 46 98 26 -115 115 -18 19 101 -123 57 -93 -120 -1 -62 60 -95 36 125 -110 91 76 -118 -46 4 -6 -128 70 -80 63 19 -69 -6 -43 73 60 -54 63 -15 28 -112 -115 -69 -58 81 40 98 11 -49 121 123 92 97 -35 57 79 -1 -25 37 -14 102 -14 95 27 -41 -114 -120 -41 -28 -65 -28 -22 74 -29 64 -123 2 33 68 100 -87 15 -6 69 -58 115 97 76 -108 127 -25 27 -115 92 113 46 108
-122 39 49 -26 9 -76 -107 -28 88 -68 -56 -2 43 92 89 64 -55 25 -57 -51 -58 -71 114 104 122 -29 21 -17 -108 -117 -64 -101 29 81 -51 53 103 15 -110 -121 -95 89 3 -61 118 22 96 -9 -105 -24 -21 0 -65 -9 -122 26 38 -9 127 -17 -103 -88 -76 6 103 62 5 105 -53 -74 -74 74 -99 31 44 -31 15 -48 -66 -79 -21 -41 30 1 25 58 51 -75 23 94 118 -26 -62 30 -53 -111 -90 127 -5 -35 91 -37 24 -59 123 -7 -30 -74 -109 -4 41 36 6 35 74 53 -126 -9 -24 -8 117 -56 49 107 -63 110 -22 -108 -111 -104 113 0 -102 105 5 -100 43 -126 124 85 13 87 58 45 -91 13 -47 111 14 -29 123 84 30 -51 -42 16 -72 -35 13 71 -97 87 37 26 12 -75 -11 -6 122 -69 77 63 -97 66 -99 -66 88 47 -8 -45 127 -125 34 -55 0 -43 121 -78 -23 -69 -115 16
79 116 -84 -79 94 39 120 -98 -72 74 16 59 101 -61 119 -71 -24 60 -36 -34 123 -96 91 -87 9 17 -73 -119 104 -53 -128 31 87 79 -82 79 7 -20 15 24 51 -123 104 83 25 -64 39 65 -64 109 -59 64 -25 111 -4 -121 75 -14 -100 -99 -8 -59 120 18 86 46 64 -27 -64 33 90 -95 -68 42 -86 -16 -71 67 76 -23 -121 -37 47 -115 -12 -31 20 9 33 -23 -8 79 50 15 27 88 82 112 58 -87 -39 112 30 -27 92 -59 -86 -71 30 105 -71 87 -93 -10 -16 -93 -67 22 -84 -60 28 -39 -58 -112 -116 44 -77 20 12 93 -11 3 78 -96 -68 -109 115 92 49 -6 -16 -13 -81 -98 -15 -7 -121 41 93 -34 -15 -52 26 -70 75 -82 29 -24 55 -4 -3 -44 -79 -105 -85 30 65 61 -42 108 -22 -27 -97 -45 -76 119 14 -125 -51 -29 -1 101 -87 -21 55 -112 85 44 38 -20 89 -120
-85 81 45 -42 -7 22 113 -110 -64 -18 62 6 -10 11 109 73 58 -7 112 -100 84 -33 42 -109 -16 -76 -78 118 0 -51 -7 -43 117 -58 23 -108 -22 34 -2 -113 26 118 -102 -115 22 -66 -96 49 -70 -85 117 41 -7 -104 9 -60 -38 36 -30 -86 -16 112 -114 -77 63 104 -10 -11 -98 57 -59 -118 -65 -65 1 -94 104 -21 75 94 -78 15 -2 21 6 32 -58 40 75 -17 -107 -112 -104 -93 126 65 17 -22 8 -30 -70 14 55 -127 -39 9 44 49 -97 36 -76 -32 -66 -63 -120 -85 75 21 34 -114 -119 102 -19 -29 -6 -21 -105 71 63 -11 -1 -17 -72 48 -60 -109 -4 -80 -72 34 89 -119 -60 -92 91 19 -127 -28 -128 -25 -1 -101 -27 120 7 48 -19 51 116 103 44 -28 -24 -82 109 -6 43 83 71 -32 -1 50 -59 -38 -6 62 -43 23 0 13 126 37 -22 -105 -69 97 -86 87 118 -45 -2 114
-93 -68 119 -125 -103 -36 -105 -50 67 -20 35 18 97 -83 37 74 -119 -110 -115 -25 26 -87 -10 119 115 -27 127 -124 -32 -120 40 -13 34 -52 -100 31 -108 -98 -93 -43 -14 45 -125 85 -6 53 25 22 18 43 -32 -46 52 -104 -128 -7 2 33 -65 27 103 -108 -36 -95 78 92 -100 -60 8 -75 43 -66 -13 -108 -40 59 124 -21 12 19 1 -48 19 -58 0 -89 -58 -107 -39 47 -22 -77 -38 35 38 127 -32 -80 43 -48 -86 96 3 -95 -32 41 -9 82 120 -75 -115 76 -54 -40 83 -84 -4 -80 72 -52 -22 -124 -4 42 108 -79 81 63 40 84 110 67 102 127 97 -76 78 -116 -1 -13 -105 -80 -99 -44 55 -17 36 -38 126 -45 -19 107 53 110 20 -73 -108 -103 -11 55 29 -34 15 35 34 2 -19 -32 51 24 -94 29 -100 4 -15 103 114 107 -9 23 51 -71 -51 -65 86 8 19 127 -37 76 -21 -59
23 108 -80 -77 -29 -2 41 -43 78 53 113 3 126 -38 -23 -6 -78 -79 -108 39 2 -96 81 40 -91 -106 -115 -64 88 -119 106 77 -78 -112 97 -58 2 58 67 117 13 -125 -21 110 5 -61 43 95 -74 -93 118 -53 83 52 3 68 38 -103 9 69 -78 -27 -1 46 -10 76 8 116 -96 114 37 -42 32 100 101 -77 83 96 81 113 -49 126 101 126 -78 24 61 -24 95 28 17 -107 -70 51 115 34 105 51 -1 32 -66 -41 -70 32 65 111 102 -4 -21 34 -60 -107 22 13 -116 -45 89 108 -115 44 -81 25 12 -50 67 -56 -24 50 106 29 38 123 -88 107 74 -124 125 -85 85 -126 -27 95 -73 77 -76 -28 -92 -28 -121 -15 73 93 124 17 124 -4 -10 -44 102 -104 118 -122 -50 107 100 8 91 114 105 -56 65 45 51 120 -93 -94 124 61 -32 20 -64 -116 -105 -9 97 118 30 -91 -30 107 54 -90
-122 108 -108 60 -107 -9 -27 34 35 103 -65 -30 -116 -109 88 -70 -40 -69 -96 109 -46 6 -116 -42 60 -112 52 -109 98 114 88 54 -46 87 92 77 -18 -23 119 -57 49 -8 -30 -75 1 -53 -103 13 -1 11 -110 -88 -44 92 119 -40 81 -89 78 -95 52 75 50 -94 54 -103 -24 -103 89 -48 -104 -65 30 -54 -57 120 -101 4 -73 18 -106 -62 -65 116 67 96 108 72 -41 110 -103 -99 -59 -6 -82 -99 -72 -86 -89 -92 -98 73 110 121 -45 -128 102 -114 -31 -74 -25 -114 108 -118 81 67 -100 77 -76 21 -124 -69 72 -34 -46 -60 101 87 126 -22 101 -43 1 7 -92 68 42 120 -63 78 -120 -81 29 -45 107 -65 -47 -84 57 -48 -89 0 43 12 49 121 103 107 122 -4 -109 -121 27 -101 35 126 -65 81 34 21 67 72 -125 74 -10 45 77 -50 103 -75 -40 -93 -86 -25 -56 -4 -86 114 3 -61 98 36
-63 -60 -95 24 63 -118 58 38 15 -87 -58 36 17 18 -50 44 -33 -62 -41 -76 -18 93 90 66 -69 -68 -110 33 47 54 11 104 86 60 -120 -16 -75 84 87 86 -96 -54 -68 -13 20 -10 60 -116 -70 -119 68 110 57 99 -12 -80 -97 111 85 -61 -101 49 -46 33 -13 117 -109 -16 -38 -114 -114 -39 57 98 31 37 -77 -111 125 -74 -36 -112 107 -28 56 -77 -6 72 86 -4 77 35 -68 116 -83 -125 -128 -32 58 -92 46 -101 55 108 -85 -37 0 -45 -75 -35 101 -48 -114 73 -123 -121 -83 -21 -108 -62 41 106 -67 95 -100 -34 28 11 -1 105 -93 82 -33 -66 47 -15 -117 73 91 -36 98 -14 -62 89 -5 47 -121 63 -108 44 103 -23 22 -91 -18 30 -56 -77 -29 127 127 -92 -55 12 86 61 -20 87 -49 -8 -72 -15 -91 104 0 -88 -111 -90 117 124 -36 -100 35 -87 -7 63 71 -42 -124 91 -77 -35
-73 -94 62 67 -14 32 17 -24 20 -30 11 -110 9 38 -43 -69 82 -43 -63 -78 108 127 -94 108 106 -69 -16 1 104 -25 15 60 -89 62 27 -80 67 -17 80 -53 90 -20 -1 -63 85 -10 7 -107 126 17 3 96 95 -92 -116 -53 -103 -66 -5 42 106 100 -88 -92 -84 -71 13 -31 -50 -46 -102 56 127 -4 110 -114 -20 -7 -96 127 -42 -17 52 -79 19 108 97 49 52 40 76 -97 -25 108 -46 -17 46 -63 13 28 36 -84 40 -57 14 24 84 27 -91 88 122 -127 -69 13 -66 -48 -79 -73 84 -12 -123 -56 4 -14 -38 -99 108 34 -94 8 -27 -40 -66 -89 95 47 -120 8 -80 49 -86 118 33 90 41 -98 54 -7 -89 -65 -28 -11 32 78 32 13 57 70 -60 -113 38 54 66 -64 86 2 61 -59 -17 110 -88 105 116 80 -87 83 -32 -68 -93 108 113 -77 -103 -74 -58 -72 -7 86 -80 -66 84 -73
49 -92 116 -124 91 121 -96 34 -1 59 -68 123 -41 118 -94 104 104 113 -17 109 46 89 40 48 -114 -86 -91 -75 24 64 -115 -89 -63 -80 38 67 71 -50 121 -79 -43 80 -51 -39 -19 51 -52 119 -15 -23 -107 -42 -123 26 -79 122 127 106 -62 2 56 19 -79 67 54 -93 -47 -79 82 -72 78 -62 53 -100 -79 -60 65 112 -12 100 -49 -86 -124 2 86 121 36 28 -36 -98 -45 45 -70 55 -62 -54 -103 -95 -45 -69 -117 75 -118 88 20 30 -5 -22 25 -31 -104 -26 56 -94 55 52 -94 -35 16 47 38 73 -45 -38 20 23 -31 116 43 -18 -108 -74 -74 -63 -91 -1 40 -107 -92 -106 38 -82 69 49 4 -46 -79 -126 -4 21 66 -50 -6 -49 -75 35 -114 -95 28 16 54 47 98 -72 -74 12 -44 48 47 126 -119 109 4 -90 -58 -113 29 -47 1 -9 -67 78 32 -94 -11 -43 -57 28 -2 -4 101 39
12 45 36 -7 -91 -86 -86 -3 -118 -72 127 -60 -127 -124 -76 46 -12 56 -1 54 105 37 -58 -105 -6 81 -110 -9 -102 -30 25 -83 94 -26 79 -4 -109 -95 71 110 61 -127 10 -90 103 8 -114 124 12 37 -81 -57 20 -28 -49 -99 124 -92 -65 -25 11 121 117 -14 109 64 -121 89 -24 47 91 -51 -124 -101 -71 -56 -15 46 -44 -34 53 -41 -56 -47 -71 55 -90 -96 -101 91 9 121 -58 67 -14 16 -46 -87 63 42 -76 -124 -1 49 125 4 60 -89 -103 23 -106 -15 113 -25 125 -9 -70 50 105 -93 38 -128 53 83 67 47 7 -77 78 76 126 -121 -110 46 -125 -67 -115 -81 -44 108 -27 -81 -37 -115 87 -44 -127 -67 117 -69 -51 15 90 45 -72 51 -39 -46 127 39 122 -24 35 10 14 -78 -12 88 -76 39 -33 -60 -66 -14 10 -122 9 26 84 -34 -12 -87 107 38 124 -12 78 9 78 19 -56 104
-107 50 -8 -50 25 -2 -9 -117 -65 78 -72 20 -60 -24 40 54 -64 28 50 103 -31 47 -11 5 94 -116 113 -99 105 -8 -71 28 -40 -3 -43 19 -105 19 52 -2 22 -26 40 29 -112 -92 16 105 8 35 64 -117 -72 -119 -91 22 -18 83 -26 -54 -2 71 2 -38 -77 100 77 -20 56 -103 92 79 -3 -21 -95 12 -49 45 75 102 48 40 -106 37 58 -105 -29 98 -83 67 124 -88 78 40 88 -99 -44 86 -93 -50 -70 80 113 117 -4 72 -66 -75 74 73 126 -91 66 -123 78 -85 -104 85 -60 -6 56 21 -85 71 -29 67 -45 122 23 67 5 -56 -122 -52 -87 -18 84 110 84 3 28 -22 9 -119 -32 79 74 68 31 39 125 67 -13 24 126 -20 50 64 123 -47 24 -28 105 -38 -56 17 -97 94 -104 50 -102 -31 -2 120 0 60 -111 84 87 116 -42 -37 -73 96 80 7 -56 -96 -32 84 -59 -27
-120 -48 32 99 17 -128 -30 105 -107 20 -38 55 93 96 -60 -13 71 -58 90 18 62 42 17 -91 -116 -29 61 114 -10 109 120 80 -114 -26 -108 123 -13 10 47 -33 -24 -66 95 -126 -122 117 80 -5 109 -48 118 89 -108 -22 30 -100 -51 -79 -81 82 59 123 -84 89 45 18 26 60 -77 -12 105 44 78 77 -102 -15 -112 74 -45 -124 -51 115 76 -106 -33 25 61 -7 50 -5 31 30 -48 86 -86 90 -84 -117 78 -21 -70 -35 5 -74 -105 124 114 -16 120 -96 42 16 93 57 35 109 -30 31 81 80 -121 -47 98 35 -108 3 8 3 -91 -51 -90 121 30 40 72 -21 5 123 38 -63 -25 -6 58 70 3 -98 -121 -50 -43 110 94 -48 71 35 -75 91 -101 -112 -17 -125 110 119 -35 -19 -40 25 -124 -43 -20 -38 92 -128 -119 73 23 30 -77 120 16 78 -27 -26 75 -71 -86 -28 25 19 -88 -62 -34 97
27 85 -112 -74 6 -105 16 -79 26 -85 -52 -50 -12 7 14 -79 108 -85 -28 -72 -66 -29 -11 88 -92 -75 -52 -82 -34 114 54 13 -58 -14 81 -71 -114 -105 39 -51 62 -99 8 -47 28 -22 20 -32 105 -24 -65 -35 -126 64 -121 -35 64 -18 -58 -78 -71 103 -62 -83 78 -88 -118 -44 107 -10 126 -77 123 -1 108 -1 100 72 126 -81 -57 108 27 89 104 54 113 -92 100 113 -27 -94 -128 30 -37 51 -81 47 54 84 -56 103 -32 -27 -26 -11 35 -50 -81 66 84 118 117 46 -37 121 96 44 -1 -43 -108 -18 -126 -91 102 -44 -29 -124 -26 44 -28 -100 -62 -47 -107 69 -119 -72 -65 -40 113 -16 100 -42 -12 -20 -76 -25 4 -31 27 -105 -76 -24 127 103 -114 119 17 -65 -31 -22 -88 -112 9 17 -24 -26 1 -51 -114 103 51 -11 111 107 6 41 -19 -123 34 -120 -80 -81 -108 35 -97 126 98 103 -8 16
101 16 -94 -73 -106 58 68 -37 123 -72 45 124 -33 54 -62 86 -97 118 36 67 -7 80 92 13 -30 -41 -50 71 -11 41 -121 -89 -51 13 78 -65 -77 114 1 118 -2 99 39 -110 68 -115 -121 29 -111 -100 92 26 70 -86 -88 50 30 -101 -86 67 -6 -125 -59 59 -72 89 53 64 -15 51 57 -123 -41 -98 -66 -39 81 95 7 39 -39 33 83 -81 17 -29 -71 -6 83 84 78 -84 -55 -119 8 -64 -37 101 115 8 -39 119 -25 58 -100 -81 -49 68 78 -97 -31 39 54 48 -61 -19 -14 9 114 73 75 -87 72 34 5 -74 -55 -40 19 38 122 51 34 -92 -80 28 -88 -101 -83 14 -4 5 -98 121 -40 48 -87 105 71 -11 -117 -2 -77 -54 51 -3 -110 -48 -49 -59 -80 95 -84 90 27 -2 22 116 -23 -75 79 -75 -40 -70 4 50 89 -6 120 -77 21 69 100 53 40 111 14 -8 -53 30 -63 -25
-59 124 -119 83 -25 -41 -25 -65 53 -86 -59 -35 -62 -28 -5 -35 -90 29 74 -47 -83 2 55 15 -99 -99 28 -53 -10 2 38 -64 105 95 115 41 35 -11 69 117 116 -117 78 -38 -18 61 -68 82 120 69 120 98 -4 75 -100 0 -65 -93 -42 101 -122 73 78 22 -110 5 -119 -62 -74 69 -106 104 66 93 98 -63 -90 -62 74 -51 -90 -24 53 67 -98 51 -26 92 17 -15 58 85 -91 -47 -41 36 77 83 -22 98 19 -7 19 24 -5 -80 -35 -42 104 33 18 11 -103 11 107 114 -94 68 -74 75 -64 -124 -34 -70 15 -122 85 69 -92 3 -47 -98 105 -4 -118 98 67 19 80 100 -117 127 67 -22 -110 -11 108 38 -77 -41 12 -78 16 -38 15 -57 -25 108 10 -36 -87 -83 44 74 -36 87 -34 72 -2 -2 46 -98 59 -116 18 -118 -93 32 -30 -56 82 86 -58 -22 -54 109 -6 122 120 -104 54 15
-66 -18 56 -116 81 82 44 90 26 52 -80 17 -14 -49 34 5 -121 -21 98 96 -17 -54 -6 6 -12 22 87 -94 114 -102 70 -118 73 -106 -127 -39 -19 -73 68 22 -20 31 -105 -100 -6 -107 60 115 89 -30 4 81 -73 15 62 -48 41 39 -54 -127 46 -5 -9 77 -10 27 95 50 -92 119 120 21 85 -117 -53 59 55 42 74 -110 -1 -114 63 65 -44 -90 107 -113 117 51 -98 -90 8 -63 -79 -76 -103 110 -11 -73 112 -122 -106 -87 36 83 -88 -128 -55 -100 127 72 -92 120 -26 113 9 115 -52 -20 116 96 -66 23 69 57 -106 92 -116 26 26 87 -48 -120 -121 -94 60 -125 -73 -109 -96 -15 -114 -110 94 35 113 111 4 80 -100 46 79 -56 39 -84 93 21 22 127 -91 108 -79 73 -92 -93 -67 -91 -90 -63 42 -49 48 -1 89 127 -91 119 -30 -111 13 -84 31 -105 -31 -13 15 -11 -96 -20 -1 -12
38 -125 35 -37 109 82 -12 44 15 -94 -23 35 -5 -66 -37 -53 37 -59 70 -3 -50 -91 -85 52 -113 -127 -44 -77 -93 -58 0 -66 -83 40 82 88 -10 -5 -29 -24 -101 67 -49 -90 21 -45 79 -50 38 -14 -79 -117 -15 118 121 108 -73 33 61 -62 -121 -28 119 -61 -84 45 -65 125 -115 -11 -5 38 1 61 -15 102 -120 40 104 22 -49 64 18 59 -18 0 -66 103 -3 100 -19 112 59 86 -46 -78 63 97 109 70 -3 -106 35 -109 -42 61 -120 -100 -22 47 -121 -23 -97 17 -13 -14 -76 -8 90 -20 85 2 8 1 -22 28 91 60 93 62 94 -88 88 -89 -46 -102 89 -64 -6 -111 71 89 34 69 -23 59 -77 12 64 -46 -44 32 64 53 90 -104 13 -6 57 -35 7 -80 89 47 -103 68 -118 50 -70 -38 -101 -96 -73 91 -38 62 96 50 47 -74 -101 -11 -103 -96 67 -56 118 -99 -5 26 109 -85
3 86 12 5 18 63 116 59 -34 -16 -12 39 -27 63 80 -55 9 108 53 -115 -73 99 -71 51 -45 54 -116 24 -49 48 115 -120 -70 -83 88 92 -94 -116 126 -11 -73 -39 -110 4 -62 -59 24 5 43 93 100 -36 70 75 -43 75 38 -15 116 -115 3 -66 38 -128 62 106 127 -15 -64 -99 22 -85 -81 -86 -1 -78 90 -20 -79 95 127 17 -55 93 42 -45 -85 8 -118 86 -128 92 46 27 75 -38 -42 -54 121 -80 47 94 13 -87 -117 -29 -81 -69 -113 -40 -93 72 70 -13 29 -44 33 -34 -113 -13 12 -65 17 101 -97 99 -28 28 22 -8 -107 51 29 96 76 116 -119 80 -72 74 82 42 9 -49 -21 -38 -60 72 70 -58 -88 -13 -103 81 116 116 107 -56 19 -44 -71 116 98 83 -3 88 -35 -11 -124 -102 -59 -70 -127 -71 115 -76 -14 -8 -29 -126 -29 46 114 103 -37 40 -20 -25 87 38 -89 116
56 15 -104 -69 74 -96 95 -62 -20 -45 -93 -112 -82 -127 -84 64 21 96 85 2 -107 80 105 77 -121 98 68 68 -96 18 -54 28 -113 -80 -71 -47 66 -13 64 108 68 14 104 100 46 -107 -69 -118 -68 80 -69 -106 -62 -25 25 -70 87 -34 121 76 43 -78 -13 50 -88 60 7 67 -66 -68 -121 111 -42 -43 29 -104 97 -72 28 124 -88 16 -13 67 -102 91 105 -55 87 10 -8 67 93 33 39 -44 7 -40 59 -63 75 66 -68 81 -47 42 3 125 82 -39 19 -57 76 -12 118 99 9 -49 -83 -112 -63 55 -118 -66 -100 23 -118 22 112 -114 48 67 -35 -64 83 -30 125 -113 25 -105 -20 47 14 -84 -13 2 24 -73 43 67 10 11 -20 50 -70 -90 98 -73 -89 82 -128 -82 -25 33 -14 92 123 -58 17 -114 -59 92 68 106 -38 118 -127 -57 -125 37 52 -86 -71 -112 -8 123 -57 -119 92 37 -81 41
-10 -122 -93 69 86 -39 -79 -83 94 -82 -12 -11 25 -64 -100 -117 -73 -20 -25 79 33 27 -127 -89 -59 35 -28 -27 91 -58 80 -67 42 32 100 -71 10 -93 101 -81 80 58 -126 90 -123 55 14 17 56 126 84 26 121 121 66 98 -35 67 95 -117 34 96 -63 113 52 10 -12 123 -55 -118 24 124 -14 66 109 -94 -34 81 105 -48 26 -104 100 -108 -82 71 -53 -98 23 -12 -79 -69 -5 127 18 -38 71 -68 -57 94 -40 83 108 105 45 -81 20 -46 34 -20 103 11 -39 -17 73 -46 11 -115 -94 42 -9 -73 87 -28 -117 43 -110 19 -114 20 -53 -50 -34 84 2 -5 -20 67 -24 83 26 -89 108 125 -90 125 35 -81 -15 113 115 -90 97 -41 90 88 109 -67 40 22 18 -82 119 -127 -36 -116 11 -66 18 6 72 52 89 10 16 -117 -84 61 63 90 -25 -35 -14 1 -2 -101 -78 -115 29 -1 51 -6
-52 48 104 -101 -83 -118 74 2 -23 60 124 96 -10 18 78 -13 60 64 -96 87 -107 -14 40 14 0 -65 108 -91 80 85 -61 52 104 37 26 54 41 -73 100 -118 99 103 -33 124 38 -10 -72 -125 -31 -111 27 -114 -98 39 -58 -112 -100 -94 107 -45 10 55 -91 -70 -107 32 -51 18 81 -85 -71 7 40 -107 -108 -107 92 -109 41 -110 -100 -80 -105 68 -54 -100 16 92 -53 51 35 117 -69 -111 57 66 -113 -36 -89 -36 31 -19 103 -57 55 97 19 73 84 -9 70 108 41 -126 -63 10 79 13 92 -110 36 -19 56 67 17 67 -93 36 28 34 -85 -112 108 -71 -124 75 59 -52 -90 126 36 65 -88 110 84 -116 -78 -35 60 -123 122 -44 -54 -48 -117 -95 0 20 -77 -44 -69 -56 -110 32 -94 73 -7 -11 8 92 97 121 -91 -56 1 -19 -54 -109 -114 -76 79 -29 107 100 113 119 -18 79 -73 -78 -8 51
2 -82 73 81 -94 52 32 -65 79 -96 -26 -117 121 58 35 70 -55 110 106 -88 38 46 11 -34 -111 -87 -120 11 -7 114 62 -66 86 -110 87 43 -86 121 68 97 51 -113 56 112 -19 -99 103 44 94 -6 40 45 45 75 84 74 1 -127 16 51 -84 -6 -50 -80 -17 53 -27 -86 84 3 20 67 -69 -92 -15 123 -42 -79 64 -28 -62 -56 -120 125 -26 -111 122 30 16 67 -59 -101 13 100 -67 -128 33 -8 -55 28 -93 -17 62 -43 70 95 48 92 -12 25 55 -101 -21 -65 -4 62 -122 67 -60 -22 6 -59 16 33 -117 100 -35 12 -14 -69 -48 50 -46 -125 80 101 90 101 -5 123 73 84 -19 -10 57 -11 -68 -122 102 40 -70 102 -74 37 22 63 52 102 7 32 -98 -42 45 43 -123 1 -1 100 -86 -106 57 -52 57 109 57 20 109 -19 47 -123 99 -113 -106 -6 73 -10 63 -12 -87 -111 99 -52
-21 60 -89 -71 120 102 -104 45 -64 32 89 68 64 -95 6 56 63 82 -128 63 -83 -55 81 76 -13 -93 12 -78 71 -79 107 -67 112 8 87 40 -62 -16 -1 -26 -117 70 60 -60 -128 -127 86 -97 82 -72 -44 44 -18 -89 -125 67 43 -119 85 -29 69 -33 44 -80 126 -77 68 68 -26 -126 -64 25 113 98 37 19 -14 -32 -26 69 -85 18 25 77 70 77 70 15 -26 102 -10 46 -7 55 -57 -60 64 57 120 127 86 113 -75 71 100 -66 77 -80 -97 7 118 -6 101 -57 49 -26 -103 -39 -33 -43 22 66 30 28 118 89 26 38 -121 100 95 95 111 6 -21 -42 66 -72 -21 -91 81 -70 73 -72 106 -111 123 -124 -68 51 -114 -105 -51 66 82 -56 -46 60 -54 56 -88 57 -118 24 -6 -43 -25 -77 40 50 85 116 -124 29 -85 -12 77 100 -107 29 -64 21 87 38 38 -62 -102 68 89 28 -100 -62
121 123 3 -60 -26 -55 -38 -75 -24 86 112 -65 69 108 123 30 -89 -37 -75 52 34 34 -37 -25 -85 -13 -73 -115 -102 -51 -124 6 -122 6 -62 124 15 -88 -122 65 -35 99 22 96 -73 -97 -110 -103 -124 -76 26 53 -17 40 59 -34 -104 -104 121 57 104 126 -116 -101 -117 14 -2 -25 -118 82 -5 -38 -48 -123 86 -126 -34 0 16 31 -79 126 -38 -108 63 -37 -116 -36 -116 -50 -123 112 -37 -5 -50 -128 26 -118 -1 -85 -13 -66 -43 -58 -118 -28 -56 -21 -70 56 -30 36 -32 -73 53 33 -5 -45 38 -85 22 -124 93 -33 -67 -100 -40 -95 -11 -17 -60 -1 2 78 75 63 118 -41 -38 48 63 -103 58 24 57 -82 -96 -19 0 92 -48 -46 -125 -54 79 -121 13 13 -111 -54 -122 90 32 97 116 -96 -72 102 33 73 14 -88 105 69 103 55 -17 -118 -96 -15 18 40 -67 -73 34 72 67 17 104 76 51 -43
-101 -110 -33 127 -3 39 16 22 3 -97 -49 61 -11 115 -81 113 35 3 121 108 70 -84 50 21 106 -109 -60 -125 -6 88 47 60 5 -62 -90 -33 50 -56 -123 57 -80 -112 -71 -38 -74 122 83 -72 123 77 -69 -38 55 -21 99 1 73 -90 53 89 -32 26 -91 -18 -77 30 -125 105 86 -115 7 6 -112 -84 116 3 -1 36 13 106 119 4 77 -49 -113 -77 36 88 51 52 -29 54 -17 45 116 -48 -91 -60 95 -22 125 -81 2 118 111 -103 92 124 39 0 44 45 -49 -72 -53 -72 -122 95 11 52 49 -66 60 -15 75 -3 10 -18 -55 50 -76 -27 32 114 -12 66 116 59 -90 -8 -76 51 -104 98 97 -46 -50 -101 -30 -54 48 -112 -26 -64 -35 -83 43 -65 56 -14 36 -83 122 -75 -14 -55 92 -65 -6 -105 -125 -35 95 -5 28 -44 15 -108 -57 -68 -66 52 -33 116 -41 88 32 -56 -120 -77 92 -111
124 68 50 6 -66 -65 91 -122 113 89 17 -110 -58 121 -61 -69 -3 -10 102 19 65 33 7 14 99 87 17 -68 -12 -124 -57 -127 -49 -7 39 -8 -47 29 27 -53 -108 47 -84 -105 23 65 -57 -40 23 -80 105 -9 -64 -75 -109 -118 -110 -126 -100 -54 -32 -35 -100 -118 99 -13 -121 26 -53 -31 -106 44 -95 12 109 -73 -57 123 -95 54 121 102 -61 91 -111 -12 -8 64 24 -85 -51 -103 -117 -16 -5 -73 89 23 -105 105 -31 -49 -34 -104 122 -112 -66 91 -52 111 0 5 91 -24 93 -51 -1 41 126 -115 -51 21 -65 -105 -32 -93 88 -110 -76 79 -120 -4 40 54 -85 9 -50 -71 61 -119 39 -62 -88 -36 101 34 116 -103 -35 -21 112 22 -58 -53 106 -116 68 -1 -76 -14 60 48 -79 113 -86 57 52 -94 108 13 -101 11 111 -126 -20 109 -118 -75 -18 -80 -13 89 112 -91 -2 -57 71 119 51 1 -37 81
104 1 4 -66 90 -104 63 -33 -87 -87 27 49 54 -1 -69 -106 -120 -7 127 45 11 -33 45 63 96 76 -72 96 60 96 65 1 109 -79 -74 91 -21 99 113 99 -24 -70 24 91 -72 108 48 -45 55 50 -127 -67 -100 -65 61 -72 126 -66 69 -75 -58 112 126 79 -45 -84 -80 -17 108 -53 71 118 -112 -20 -103 -90 51 72 26 -121 44 -110 62 -3 -92 -78 50 100 26 -15 -29 -57 51 96 119 81 -75 83 -10 -106 -45 -80 94 -118 78 106 -126 67 -43 -123 -28 1 -22 -2 -6 103 -61 -51 26 -30 59 72 -126 60 46 70 101 -110 9 50 118 -30 82 31 54 123 -116 -6 13 -125 102 116 61 -122 116 -127 -91 -127 83 126 54 43 35 73 0 13 -72 89 35 36 -58 -51 -33 -1 -102 -113 88 89 119 -20 -115 -23 120 99 78 -88 19 -33 -71 118 33 -104 8 -84 53 122 116 104 -51 -15 63 -32
-66 -94 -1 68 65 68 39 92 122 -80 115 115 93 114 21 -120 80 -22 -82 13 21 -120 48 -95 -34 106 81 120 61 -8 103 -84 68 80 40 -37 -42 -1 -71 29 24 31 -30 -8 64 12 -101 -110 77 -11 -51 113 -109 -96 36 -33 31 87 60 127 -19 18 27 -23 -116 21 62 5 89 -20 -121 58 -81 33 -1 67 18 -52 -9 106 63 -39 -43 87 41 -28 -109 19 -118 -49 14 86 -78 116 123 -9 -20 -37 -27 16 -13 -91 65 -68 -21 3 -12 -9 -97 -83 -80 -69 121 114 -33 109 24 86 -8 45 5 12 -99 50 6 23 112 -16 -116 126 18 100 52 38 -100 109 4 -53 -37 -35 90 116 111 51 103 -96 116 94 -104 -20 -5 -4 110 -21 42 34 70 15 -70 -8 73 -75 126 13 34 26 -57 43 -51 -66 82 48 -84 -105 124 -56 42 -23 -17 -31 -117 3 58 109 -1 72 12 60 -4 109 -23 -3
-64 -88 119 -81 -59 -19 -104 105 52 -124 20 -106 85 19 83 16 29 21 91 79 -41 51 41 102 36 123 122 15 -69 -20 -78 80 88 77 99 -24 64 -107 -73 88 -53 -40 10 -118 90 -97 -48 114 50 19 7 64 39 -125 -107 88 -116 -19 119 60 -36 -39 -94 17 -1 115 28 -94 -59 -121 83 -91 84 12 -110 -117 11 -12 75 -50 75 -42 74 94 -61 -79 80 2 -27 -51 -82 -9 122 93 7 44 54 -16 -13 84 -90 -109 25 122 -16 6 -57 -89 -33 -13 -85 105 110 118 123 38 -42 -40 87 -9 108 -60 22 -91 -46 37 -11 -126 126 63 99 -75 -100 77 39 54 39 -15 123 -22 -116 -84 19 -94 96 56 -108 -70 33 -33 -11 -90 54 10 34 -106 31 -66 -55 -12 -64 -114 -55 9 -123 107 -6 -12 47 72 -38 -13 121 -29 -98 67 77 123 70 115 -25 65 -18 122 -11 -36 -27 -39 92 -53 -4 -38
104 -15 94 -77 -41 -61 65 60 23 8 54 -20 -69 64 116 -36 -125 63 -102 59 -2 -98 89 94 -102 -73 107 -126 125 107 -78 3 89 -27 40 -18 -117 -97 -124 -62 110 106 89 -1 -11 -104 -31 -30 116 -4 126 -7 33 114 99 110 93 121 -86 111 57 98 -51 11 63 -128 29 116 108 121 -105 117 13 -24 -122 33 12 31 -86 -116 -64 20 59 -88 45 -67 3 25 -52 -5 -1 -121 -41 -30 -49 17 26 -85 59 120 111 -115 126 18 88 30 23 -22 78 -52 23 -29 84 -72 86 23 58 -40 -24 106 77 8 -97 125 8 -31 -84 -1 -69 -14 52 -108 21 78 62 -104 -101 76 -88 -77 -127 -120 -98 12 49 -21 101 -100 106 -45 -2 51 -65 101 39 61 54 -27 -3 77 -50 -114 -56 -104 -115 88 1 8 -105 13 33 -83 -40 47 87 -89 -38 -46 16 -104 -43 -25 45 -55 86 122 -6 85 -57 114 -48 112
-5 119 65 101 -17 -45 62 45 23 -19 -91 56 7 -7 126 -21 17 60 109 -27 -60 114 -60 -12 -16 121 121 -15 36 -10 104 41 -21 13 105 38 46 111 116 9 -23 -27 73 108 -41 71 71 51 4 -32 -29 -68 -63 -76 -78 -122 1 -80 -80 23 -112 68 98 86 -84 -126 40 80 -94 -2 -89 -39 50 -111 22 125 -99 -12 49 -119 68 -89 -3 -82 -104 -46 -74 75 0 -14 -77 -36 -3 -72 -87 -113 51 -90 -38 -7 114 80 14 45 76 -27 127 75 -118 7 15 84 -102 -51 34 109 21 125 -75 90 105 106 -5 -19 9 3 -103 -87 -2 98 -114 -59 -42 44 10 -50 64 60 83 33 30 23 -65 -120 112 -114 -121 -5 93 -5 -67 -8 91 103 16 -80 64 68 -63 -112 24 -111 -25 77 -62 78 -120 -91 1 -98 47 91 -36 121 20 17 66 -52 -10 46 -27 100 -89 -49 -69 23 119 127 59 -61 80 -65
-12 118 -93 23 -33 -78 -35 46 -15 -96 -87 -107 -92 76 15 -60 44 -35 -43 33 64 -5 -27 110 -115 87 96 30 66 31 -110 -66 1 102 -96 -34 -35 -114 35 -23 60 -99 59 -117 -47 -3 -99 -97 76 -7 87 -91 -10 -93 -6 -61 120 -127 103 -99 -2 44 -97 -19 93 -20 60 56 12 -121 72 16 9 5 -73 -88 -10 53 57 34 19 124 -76 54 45 -21 -97 -114 100 79 -108 -56 68 121 73 -127 -9 -51 -100 -2 -62 -110 109 78 108 -70 -28 62 -125 -124 -7 -109 -4 101 -110 -73 96 -82 -128 53 45 -3 -94 99 52 55 45 -49 29 -13 -81 97 -84 118 -42 35 -82 -46 69 -126 -118 -59 -78 -80 31 58 -116 -118 -56 16 -68 106 -33 6 -81 -37 102 -36 -2 72 126 74 32 -92 108 -127 -33 34 -31 61 111 125 -18 -126 51 89 -1 67 -121 -79 63 -91 40 -92 -67 -32 95 57 -39 -6 -128 71
25 116 13 71 18 -46 -45 -63 -14 -113 52 34 14 26 -119 46 -91 -128 76 -42 -31 22 45 -55 -7 -43 -26 122 -78 84 -62 -62 -88 -89 58 83 49 28 -92 17 95 72 -57 -126 83 116 89 124 60 42 -67 90 111 100 -28 66 -66 74 -64 107 6 -109 -124 -75 -59 71 -14 31 14 36 104 -79 16 83 83 63 96 -41 -119 99 27 -111 -37 87 120 47 33 61 -77 95 50 -63 -2 41 -26 -38 17 78 -18 43 55 -112 108 11 -41 -2 -33 -125 -96 123 -7 45 10 -7 -38 54 -109 77 26 -89 -48 -60 -72 -55 10 34 46 -13 -78 -48 -93 116 110 65 53 8 -95 -7 92 104 24 121 -46 -31 39 54 62 31 -12 -19 69 107 112 109 -91 -55 109 47 50 -90 -1 -8 34 -66 35 79 -121 66 -61 -74 -9 27 2 36 -48 21 124 123 -89 71 -30 -64 -54 8 3 92 102 -34 -26 17 -89 14
85 -60 -24 126 -99 113 -32 -107 -58 29 -120 -96 -53 -113 -47 59 -34 -67 123 16 -50 -78 122 -59 -55 -29 86 18 67 71 98 -71 65 -72 88 -82 77 -35 -26 60 -23 -68 17 126 55 125 -38 -119 -30 -71 -87 -33 -93 -82 -55 67 48 -50 -116 -34 113 91 -103 -29 98 97 -100 -2 -29 0 -128 -36 -51 -17 117 -27 -42 100 30 67 -71 -66 8 -99 -43 14 63 -101 -95 48 -68 -84 85 -49 -75 113 -128 85 -113 20 109 74 -32 120 -62 -36 -105 -8 31 -26 -66 -67 102 -52 105 -22 -118 123 -81 0 111 -16 0 13 -85 -68 62 -16 66 -112 -95 -45 111 114 -45 -77 84 59 35 -52 -84 65 115 -92 -18 -83 -62 34 85 33 -87 50 46 -72 -2 -92 -22 -102 -53 115 -87 -23 125 -122 -102 -2 70 99 58 98 45 69 27 69 19 18 -92 35 -39 30 -25 30 -126 76 93 35 -106 -80 -39 16 -127 95
123 43 -115 -93 35 -13 -120 -123 -18 14 83 4 105 -124 56 -25 123 118 -69 -23 92 -87 -12 -19 123 -13 12 -91 80 77 14 -39 42 39 20 29 -88 0 -34 -73 -33 -44 -66 112 -50 -77 -31 -79 76 56 -92 -103 104 118 -80 -4 -42 -38 -91 -128 7 -79 -98 -49 -111 -59 2 41 122 -116 -100 -33 36 -54 -114 104 91 -22 -110 56 72 115 42 -50 -27 63 127 0 -21 -48 67 -122 55 -124 -44 -99 -56 56 -5 49 99 -34 -1 -25 71 94 -122 58 42 -52 -47 -15 -23 -107 -15 -94 -9 2 110 2 -52 -23 121 60 43 -80 1 -14 -75 -78 91 -77 -100 -33 -33 -74 -49 -34 -5 -15 -18 94 31 -62 -19 101 -103 -36 67 -61 -105 -100 -107 -86 122 -104 -43 -38 71 97 -84 -114 19 -121 111 117 68 21 -65 48 -114 -8 23 -100 91 -42 -113 -68 2 3 34 37 125 -54 93 -43 -61 85 46 83 -113 -29
-55 -77 57 102 46 62 116 -7 -67 -56 -72 -42 70 43 59 -13 -45 -31 -70 74 -48 32 -54 -43 -25 -1 -61 79 -76 89 107 42 -89 -122 -116 43 -54 87 -9 110 -78 56 -3 67 21 -51 0 -69 74 24 -125 -125 -123 63 -32 -38 -112 36 56 -117 -20 -103 -88 43 42 -60 -16 97 58 105 -81 86 -119 -51 71 22 52 -102 -21 90 -47 63 -57 39 55 30 -13 -92 -105 -59 1 27 -80 -44 24 -62 84 -15 80 76 -80 -126 41 -11 119 38 50 40 113 -40 5 3 93 34 -109 8 127 51 91 -96 -76 -111 -28 -74 0 67 27 -95 -22 -101 57 113 -16 126 5 54 105 33 16 -2 13 -17 -115 -93 -4 -76 45 -46 -77 -67 97 36 -124 3 81 98 120 121 -57 -36 85 18 47 95 -46 112 -123 -12 -13 6 -21 -117 -85 -121 -23 108 14 30 -50 -33 14 -102 50 2 10 76 -30 -44 8 11 84 34
-80 -71 83 -10 -39 61 102 42 -77 -6 -49 -3 127 15 -19 126 123 77 -112 -56 105 -35 -17 -66 66 12 0 71 71 -3 38 43 -18 20 -104 4 86 -21 53 -60 -17 114 40 104 37 89 10 -39 78 24 125 93 97 -116 -77 -84 -4 122 -56 102 -119 -126 34 -60 7 125 -53 -80 -15 -61 18 -32 -62 105 93 37 -114 -84 -1 -8 100 -88 100 -94 21 127 47 5 55 65 121 -94 -47 118 -95 -105 15 28 -46 -36 5 -110 -53 -70 -117 -98 91 -37 -15 90 110 -24 -35 -10 122 -30 -44 116 -111 -93 103 -114 110 63 -53 48 -32 -85 -22 103 -70 70 -41 -42 23 37 -24 -28 38 10 71 -81 -48 -91 -5 -74 74 -3 89 -49 -24 9 -17 -111 42 -10 83 -60 -10 66 60 69 110 -73 33 -53 66 117 126 47 -25 67 -10 27 17 -31 -4 -116 10 -94 -79 65 62 -7 64 36 48 -29 -94 96 57 -71
-63 69 75 -80 -80 -62 126 -94 -8 -35 -59 67 -55 122 103 118 -57 -106 -95 101 15 14 66 57 35 -91 16 -113 -37 -63 39 64 -63 -6 86 -58 -55 -37 26 -31 -29 -57 -5 -9 21 108 -42 44 28 -43 125 -114 5 59 -84 53 -124 1 -14 -93 -101 42 85 -91 81 -46 -54 92 77 93 36 -33 0 54 68 -19 44 -10 44 96 100 18 89 -27 -24 -68 29 105 -107 105 5 -108 123 117 -32 -78 106 -43 -62 -13 -125 -46 -48 14 -43 125 -62 25 93 63 17 27 88 -90 -56 -126 -5 52 44 86 126 9 11 -50 -24 105 44 -93 -91 44 97 -2 111 -70 17 -47 -63 -105 76 81 -41 -23 3 5 -69 -107 -94 -108 62 -102 -79 64 6 75 -118 33 -121 127 -103 -86 85 62 4 2 120 -106 -72 -41 3 -83 -3 119 90 -31 56 16 24 -9 -84 24 100 -38 -110 78 36 -114 2 44 -98 -100 -127 83
54 84 57 -27 23 -12 -69 -117 32 80 -71 13 -7 -52 -8 54 -74 -3 80 -107 -120 -50 99 70 -27 112 -36 -71 103 38 0 -98 -37 -107 32 73 10 48 -5 -39 -27 101 18 117 24 76 108 -41 -45 2 49 3 -98 32 67 -38 105 114 -1 47 -7 -69 -79 114 -114 77 117 -14 -27 -59 116 104 -109 -121 -126 -111 120 61 -81 -26 -15 -12 -55 5 33 -56 -38 -120 37 78 -43 27 -46 32 -87 -48 -68 -85 -77 -36 -5 0 -6 110 -9 35 -104 68 -18 -8 -114 -76 52 -26 -4 95 -110 81 51 -59 46 -121 40 -117 -94 -46 -33 -107 117 64 56 76 -75 -39 54 122 -100 69 6 -34 -35 -122 44 105 23 73 -46 -35 127 -37 6 -21 91 101 -101 110 -113 -122 -3 -39 -77 -30 42 49 36 -7 104 92 33 -13 -89 127 88 100 59 66 -8 12 -39 18 16 3 -58 -124 51 -108 85 -3 -54 26 -128 63
-114 54 -79 59 -21 119 90 37 75 -82 -7 59 -52 109 2 127 -48 -109 74 -31 65 45 69 -36 -74 124 -22 73 123 25 -124 -43 97 -11 66 50 -69 -25 15 -89 32 40 27 -121 11 97 56 24 99 25 -55 -33 -127 -95 -111 90 -68 42 109 -15 114 -8 20 -21 13 -109 -22 -110 37 103 -90 111 -112 -68 73 14 -71 30 -94 20 -19 8 -96 -119 6 -11 -59 25 -88 -45 48 94 13 69 9 106 29 -42 104 82 16 83 -34 -41 125 -8 -15 -73 50 -40 93 -31 17 90 14 -87 -21 -116 -18 -36 -120 113 96 57 -35 -35 7 92 -124 6 -123 -95 11 -103 45 71 43 89 -101 -43 68 -78 -38 92 -124 1 -65 -29 -17 -33 80 -21 40 68 8 36 -30 19 24 71 56 -57 109 111 28 105 100 125 13 -128 94 -24 101 125 -5 -107 78 86 104 78 -19 112 -104 19 -100 -120 -1 -77 -88 74 109 -109
-76 37 -49 -67 -61 32 54 -88 -12 56 -20 45 -23 17 117 61 8 -95 71 70 -102 -5 41 -16 69 51 -99 95 -108 34 46 44 -109 -69 23 109 -15 76 78 -55 42 -25 124 2 -27 98 -35 -29 -50 5 -70 -56 2 53 -63 113 -100 7 -90 19 112 67 30 65 112 2 50 11 113 86 120 62 7 -14 -36 18 27 22 -7 57 70 74 34 -86 -15 -55 50 122 87 18 -56 -98 -87 -33 -64 -40 -23 -6 112 -113 -102 92 -30 -34 -70 107 15 39 -77 -15 -119 98 -97 125 -39 80 -95 38 -84 94 -20 -52 -114 108 22 85 -41 -45 -39 -13 30 52 -58 1 38 -5 -97 40 -111 -26 115 -46 63 -76 60 -97 -13 66 -28 58 68 -80 102 55 15 -55 -44 44 51 11 -89 -27 -90 -11 -116 1 -3 88 -123 122 90 -95 26 -76 40 49 -44 -84 -42 -61 -90 77 -13 -75 47 104 14 -1 104 90 -126 0
-112 27 -107 31 109 3 -52 23 -105 -49 -21 113 38 104 79 -57 -46 -19 -82 65 8 90 -21 -95 -35 87 -73 5 -126 -34 -57 -67 71 -6 -102 -54 -51 -62 105 -18 -85 -116 103 11 64 -32 -9 -64 -97 -63 30 61 -28 -61 -24 71 -29 -6 -102 -29 -37 -100 112 -9 58 -109 17 -89 108 116 66 -95 13 9 -69 84 18 79 -99 -51 -117 94 78 91 4 92 35 -50 -83 -53 -22 20 -5 -10 16 -25 -32 9 78 -74 -81 93 -116 31 -39 -7 -79 -25 -6 38 -18 54 -33 -54 93 46 93 35 -99 114 -97 95 -46 75 14 116 -68 -63 -53 -24 -45 -10 -108 51 -62 79 45 -35 122 -44 23 -46 -42 93 -115 71 104 -105 120 22 97 -95 25 -27 54 -54 93 -60 46 45 108 -99 69 3 -31 88 45 -96 -65 -120 -6 124 -27 113 113 93 -109 -107 -36 -101 -40 105 -88 -100 87 -101 -34 118 79 122 10 68
-81 36 -62 68 22 -19 31 -5 -46 11 -70 -79 -8 83 -21 -114 -79 -19 107 102 74 63 -120 -16 21 -9 52 -108 79 16 -57 9 67 -61 80 -59 -110 107 -29 -115 112 -32 68 10 15 -4 -73 115 75 -111 -68 -110 -68 32 65 -11 26 11 -115 59 87 -24 -25 26 52 -44 15 74 -49 82 -1 86 -62 98 124 65 109 -12 75 -49 -100 -102 -73 45 23 98 -38 -50 -41 42 31 -21 -72 -106 -63 -77 -70 -64 110 -60 -79 -128 21 64 -1 127 -20 125 21 95 125 46 31 114 77 26 -71 -35 -128 -11 19 109 95 -120 51 75 -79 -37 113 114 123 -107 -94 82 -59 -61 -71 -58 114 -50 103 -43 108 -3 -32 -97 -102 -111 121 -73 -123 79 -2 -116 41 -50 71 -73 38 64 32 -58 -19 -2 -63 -117 112 -64 -49 65 111 -1 -114 -85 53 -65 29 -14 121 -101 -105 -71 -16 -5 80 33 -34 42 -66 67 -67 109
-73 4 -58 100 -81 63 -103 46 -87 -42 120 113 122 96 10 9 -70 114 31 72 105 -21 17 -10 -106 -56 -10 18 56 -90 76 94 -49 -12 -55 -70 -117 103 -26 5 -75 107 126 -33 74 42 -55 20 17 -31 114 33 -67 110 9 86 45 65 122 82 103 -91 -126 100 72 -106 -109 -16 32 24 -5 68 -64 64 -14 -3 93 126 96 59 98 -88 -77 -52 111 100 105 -20 30 47 43 -119 -102 -69 -60 -88 -32 -60 120 22 37 39 -18 126 -26 -113 114 66 21 65 40 28 48 -64 60 33 120 -85 95 102 111 9 -124 82 69 126 5 16 -105 -102 -62 12 31 26 11 4 45 65 108 72 21 -38 -73 64 -64 -100 -21 -51 38 98 37 -48 -9 0 -111 -125 -78 -45 22 -121 32 2 -25 122 -83 11 -97 -15 97 27 -25 6 90 64 -115 -36 -30 68 89 -67 16 -48 64 122 21 59 29 95 85 -115 111 -80
61 -91 -5 -89 76 -64 23 -11 108 -55 108 34 63 -107 111 103 115 15 101 -96 -46 -87 94 43 90 -11 -80 59 12 -1 75 -80 41 -81 62 12 -83 112 21 62 61 70 -73 14 104 -54 0 -36 127 58 -113 127 -77 -6 77 -5 96 92 -12 -100 114 18 31 94 -105 74 -57 -94 -94 -79 112 -87 -33 120 33 93 -88 -3 83 -94 -56 -19 -79 -66 -21 -32 -120 -127 -48 -113 -87 122 -34 123 54 -72 -98 -54 -7 -88 7 126 88 -41 39 -123 -102 102 -81 -106 -74 -96 52 -56 -114 -9 -52 -124 90 -55 -124 42 -46 -14 -38 -103 -88 -103 -69 122 39 -73 -16 -23 74 -19 67 -122 40 84 104 44 -23 -54 61 119 80 -87 49 19 55 43 -23 -106 31 -114 114 -126 52 -1 -20 -56 -13 65 -100 51 -16 -51 110 101 -73 -50 -70 -104 -54 53 109 16 5 -80 -106 86 118 -66 104 -26 26 2 102 113 91 100
-54 13 -48 31 13 -44 -115 -42 -22 -53 116 -22 7 114 -81 -18 -125 -115 -105 114 -29 123 -78 -14 -37 -71 -26 69 -99 -124 -82 100 83 122 93 -69 48 18 -93 93 37 29 23 -25 83 -46 -48 -85 95 -127 96 6 -101 1 -37 115 35 -116 -64 7 7 78 -70 122 51 53 42 84 -117 70 9 117 -128 0 4 -81 55 2 -89 -116 -90 66 31 -110 118 -86 76 -120 -66 99 -4 42 -48 -82 -82 -44 -61 -102 -70 24 39 -11 -80 -49 126 85 56 -63 -98 -81 -72 -118 -22 96 6 -85 53 77 -36 -22 -42 -104 109 -14 -43 -115 -113 -99 13 -8 123 -102 115 -104 52 30 68 60 98 -88 -9 -28 -117 67 -101 -80 -19 62 -39 -59 -110 -69 -126 119 -115 -51 -60 -15 44 -46 -107 4 18 -109 -117 -23 46 -112 61 -43 -97 40 73 103 123 -59 -14 122 -106 -51 -67 -58 -93 -65 62 11 -80 125 -116 -97 -39 80
-11 38 -75 91 -37 -66 102 115 114 28 33 103 -128 -52 -50 -5 -123 -70 -104 98 -10 56 43 -11 108 35 -74 75 44 -75 -37 -99 -47 -91 110 70 40 -27 -46 -68 22 -2 -69 72 34 47 4 4 -87 -29 -60 86 -73 63 36 64 105 115 105 -63 122 -94 112 -123 51 -9 61 88 63 -24 30 -18 98 -111 68 25 7 -28 -57 70 124 119 -68 72 74 -113 62 92 46 -62 80 62 -122 -102 -46 -21 92 -58 -82 -17 78 63 -111 -36 -83 114 2 -54 117 32 -54 31 -13 56 -41 9 96 12 41 47 -117 -88 58 -125 -48 -11 -73 45 -72 -36 62 -96 63 -74 67 57 46 -57 -88 111 -51 -58 -68 96 -50 -90 38 11 26 38 52 14 119 -64 -8 22 34 25 -62 125 -81 -121 122 -58 86 91 -6 -121 -109 -122 -86 9 40 89 -23 -50 -5 -11 59 5 123 -48 69 -103 -68 67 -121 17 -123 116 61 -124
-112 61 49 -64 -102 -78 -118 126 -128 67 8 109 -8 -11 44 50 -75 -49 -90 -105 -53 -21 3 124 -15 -71 -60 -44 92 99 -68 118 82 85 -21 -85 -22 73 78 63 2 -96 -72 67 -53 -34 -40 58 -120 123 84 70 54 -85 -36 -68 7 50 98 -57 87 91 71 -39 -38 58 8 88 -85 -9 75 49 -102 -22 40 66 -86 -34 -80 -119 76 46 -98 -100 38 126 122 -81 25 102 -113 98 119 11 -77 -22 -109 124 112 -22 -79 -78 -88 -123 -113 -106 -39 -24 -75 118 -22 79 -100 44 -123 43 -13 -35 119 96 71 -52 63 104 -40 62 -105 -66 -53 115 -52 -120 -95 121 125 63 89 -110 90 83 16 76 -37 84 -32 -105 58 -89 44 -119 -41 88 88 -32 125 -42 28 91 -49 -102 46 42 16 -50 -31 -21 36 127 52 42 41 35 127 -33 -104 55 3 14 50 -34 -70 -16 83 -40 0 6 37 124 14 -5 -45 -21
-13 115 33 -42 -31 -122 0 114 -69 -83 -62 -45 1 -118 84 63 89 -3 15 -53 38 37 -96 -30 99 59 -90 -118 60 -52 -7 52 -96 111 -69 96 -118 115 -108 45 -88 16 52 21 -50 -19 -56 75 -38 -10 -128 -85 9 49 102 -73 25 -3 45 -20 -15 98 -4 28 60 -33 121 -77 -83 117 115 -9 22 -9 26 30 78 103 93 97 4 97 106 -85 75 -119 4 -108 51 57 122 -9 -24 -22 -3 -50 -121 -90 60 -121 71 127 -26 -120 87 45 122 -67 38 -54 6 99 47 -110 96 -108 94 -29 41 102 47 -39 -48 2 -46 -52 -86 74 50 56 93 112 70 27 59 36 21 5 4 89 -41 38 -81 29 23 -32 -121 -100 109 -14 -32 -57 105 77 -25 -96 39 -51 104 115 39 -3 -109 56 -26 -83 -47 -57 38 -24 98 25 -39 122 60 107 -6 -92 66 -30 25 -98 -127 43 -91 -46 83 62 115 19 37 -22
-46 -50 -98 -13 4 -76 9 19 -124 94 88 -82 -51 -117 115 6 85 71 69 99 -70 108 36 -102 107 -57 -108 -89 113 -1 63 -6 97 11 -34 -88 88 113 54 -93 77 -105 60 75 -80 -57 -121 86 -54 -98 41 4 94 64 77 112 -84 77 15 127 41 121 115 89 -110 -122 83 -114 -70 -113 117 -115 -110 -101 9 14 -111 -78 85 -96 -98 -5 -94 -54 19 88 -66 124 99 -106 17 10 69 1 -71 -86 101 99 64 -123 118 106 48 2 -67 -36 31 19 -67 88 -124 -88 13 68 -92 13 -37 125 15 -71 -37 -85 -59 -39 -20 52 43 -36 77 70 50 -92 -60 13 -103 85 -33 -8 23 -102 -32 -52 -7 2 -121 68 20 68 67 -20 -98 123 -11 -8 17 -96 -89 -123 -50 -76 47 55 67 -31 -47 82 -96 -128 -58 -16 0 44 55 -123 123 8 42 19 76 71 -123 17 65 -82 39 -13 48 66 -6 -73 41 59
41 73 89 -88 -101 -29 15 111 79 97 -31 -43 17 0 49 51 -72 -38 77 -44 68 44 -88 116 83 -33 121 70 75 -49 0 -119 113 -75 -40 -19 -82 44 80 109 -110 87 115 42 -82 17 100 -83 -36 -80 -78 18 -33 -110 7 106 -7 56 -64 -120 -5 -81 67 -97 4 22 -95 52 -25 36 -13 85 -126 -95 -89 -97 92 -28 40 -10 -127 -51 16 -61 -86 -36 -26 -47 -118 16 -21 -59 19 19 -11 -105 -61 -105 21 -18 -75 37 112 -8 -77 8 109 97 13 -19 -45 2 41 -17 -93 -70 1 26 -30 46 73 95 44 -45 90 -77 121 -26 117 -53 122 -31 -9 88 123 -65 51 126 38 -128 -95 105 102 28 108 43 120 -88 -37 55 -29 -91 -12 -94 87 -87 45 64 -100 -56 114 -38 91 126 20 -107 -70 79 -49 -20 87 54 -128 102 -101 -65 -117 -63 -66 -68 -23 -30 39 69 34 43 45 45 126 -44 32 -7
5 -61 80 48 -53 -48 -82 123 -38 -14 -46 -5 -34 83 91 45 92 13 -2 113 37 -90 -49 64 24 -102 -62 98 -80 45 84 -57 85 -71 99 19 -96 25 -8 -94 50 -105 -109 -90 36 -58 -58 -21 -124 -28 -20 44 5 88 -17 -88 70 11 -61 -74 -106 -124 53 -55 77 -89 7 123 -103 -80 -9 -128 101 25 -73 99 -127 -49 8 -43 29 66 9 36 81 -70 111 -9 35 -48 -67 -64 22 -102 70 27 102 58 -83 -112 97 -14 -17 -12 -98 -1 40 -86 -6 81 20 -2 78 -80 47 36 -2 127 58 -92 48 46 -84 101 -116 20 -7 -124 -17 33 59 -94 -35 52 -73 102 -117 127 -55 -27 58 -26 -70 -120 -71 -99 -68 -85 -33 -35 59 -121 -107 -89 -54 -28 -36 18 94 -116 -83 -51 39 -124 -94 -39 -127 25 -25 -115 85 74 60 -7 55 80 94 127 -81 92 -3 -56 -59 80 -80 59 127 -69 92 -96 -101 -62
40 -55 -30 -86 -52 38 45 110 -71 5 -95 74 -29 -54 -111 -47 30 -123 -74 80 -38 89 54 -128 -10 -64 -90 119 95 -110 -20 67 112 6 59 -98 -98 -12 -45 42 -68 -71 -84 -107 -72 112 -78 -35 -48 68 -75 97 93 77 52 -111 1 54 -127 -42 42 -114 -71 -39 62 -15 -68 54 -20 57 -20 6 -44 124 -71 -55 -52 -81 -70 102 -3 -112 105 5 -107 -102 -76 63 9 -98 13 -106 102 37 -38 -128 -99 -27 -75 -122 -51 -95 -6 27 15 89 76 -80 2 118 -126 45 72 -75 110 16 -60 15 59 -101 -102 -59 -28 -66 -84 -94 -10 96 117 -115 90 123 -91 27 82 -43 57 -101 -68 99 -112 59 -31 -87 -49 -87 -127 63 -31 -69 32 8 -26 2 65 -21 -98 -107 125 -112 -25 2 -112 46 115 -83 37 -45 60 22 63 87 -28 49 6 66 94 0 42 3 -31 104 -120 72 3 49 -84 -25 3 -53 -124 -101
-105 -35 85 5 38 115 -38 10 19 -17 -118 -21 -41 -104 -125 -97 9 -113 -66 -72 -111 -5 -89 67 76 -71 12 116 -123 6 -71 -4 -15 26 46 -38 84 -81 117 21 -97 -102 -112 35 -65 -121 -108 39 -108 30 98 127 -104 83 -40 10 6 91 -78 -59 -40 -81 34 98 71 -34 77 -51 102 68 80 39 -94 35 111 -14 35 108 74 -62 -128 -40 -84 79 78 -51 35 -66 119 -76 68 82 -121 39 82 78 58 85 -107 93 108 -124 -6 -30 60 -15 83 31 72 -112 44 -101 -49 -82 -89 9 21 -122 79 -36 48 119 40 78 -39 -64 -103 7 -48 -42 11 1 -5 12 57 -29 72 -114 102 37 63 70 71 -13 30 -71 116 -74 -14 104 84 6 -62 6 -78 -28 -52 -102 -86 -25 28 -48 30 59 72 17 21 -56 53 49 -28 5 29 -65 9 -118 27 -61 58 121 26 -82 -22 49 39 -22 11 24 -49 111 -66 -119
61 40 85 -109 88 8 91 123 16 23 113 20 -124 49 84 126 5 3 -28 -89 109 -37 -62 97 89 -34 -103 100 0 22 -35 -13 95 -7 -72 -16 -12 122 -8 18 31 -110 -7 -13 -64 11 60 -73 -110 69 57 -120 -103 117 112 1 38 82 -6 -120 -53 43 -50 -2 -120 0 -35 15 -42 -17 5 27 -86 -94 67 43 -16 -57 3 -98 55 -25 -38 64 66 47 106 12 68 49 -112 -24 -39 43 67 -116 -50 -12 24 100 48 -3 77 97 24 -22 107 -74 118 -54 64 -117 47 5 -106 -3 41 -121 24 32 -50 57 -17 60 -98 103 -121 22 102 58 74 -108 -120 -83 -75 28 101 -49 -26 -31 -18 71 -33 -40 86 -108 49 2 -6 -128 -53 -90 -103 -23 80 9 -101 12 -48 22 -75 -63 12 119 53 42 9 -19 -71 -25 -7 -53 -26 -15 -107 -95 114 -17 -76 104 -108 -86 123 4 -122 29 -87 36 60 110 -43 -108
-105 -122 -42 -81 -67 -128 -64 50 -57 60 19 -85 -20 21 -74 77 -53 -72 37 104 -12 69 116 -96 37 -3 -113 -14 30 120 -2 44 67 11 -50 16 21 -7 123 -26 125 66 126 -74 125 12 -97 -110 -78 26 49 6 26 91 95 -21 56 22 56 -36 -122 -96 18 -89 80 27 -91 75 -17 -67 60 -53 -118 -71 70 -103 -49 26 -46 -56 -57 56 -3 -87 100 12 6 -115 -77 118 63 -82 -30 46 -128 75 97 -92 98 51 71 -107 113 -9 -27 4 -85 -63 5 45 22 53 110 -116 1 4 80 -12 108 36 -43 21 86 62 98 40 -44 -22 5 0 -51 5 35 15 -115 -13 19 -63 97 36 -41 70 115 -119 -90 125 118 124 121 98 26 80 -82 94 -106 -115 -56 9 65 -69 -73 58 33 -70 -38 -93 -9 -11 -72 80 -53 38 102 -32 105 29 101 -114 -11 0 43 -63 -116 -34 -83 52 -12 -52 29 58 60 -122
-22 -9 -61 -21 -92 -10 -40 -93 35 76 25 -19 125 -70 -20 -74 -68 -46 86 91 71 -96 127 -87 60 93 -126 -16 96 -36 55 -35 90 -84 87 20 75 50 28 120 -102 81 77 94 -48 -73 55 -101 -109 25 -52 -71 61 -10 -59 -96 72 73 83 -40 86 -19 -52 120 90 124 0 88 -92 -65 -10 81 -11 112 -95 -83 69 55 31 10 -85 63 57 100 86 82 -1 -33 52 117 87 126 9 10 -95 -91 -44 15 30 84 -81 45 19 -45 40 10 46 -118 108 105 -19 80 -40 -8 -7 -75 -2 52 77 123 36 90 3 -113 -23 -113 37 75 -67 58 -81 -98 -48 -60 -62 -38 -103 -38 125 109 -85 -74 -101 125 65 109 -124 -67 -35 96 92 -55 47 -55 3 115 -100 16 42 -112 -43 113 -69 18 -124 119 87 111 -57 83 122 45 -93 50 -102 124 122 -41 -68 -40 63 67 75 127 28 -120 -65 -17 18 80 60 -16
-113 47 34 20 78 7 88 -5 -115 47 62 1 118 101 62 44 -123 54 -83 15 102 20 -26 23 -33 -14 -118 -117 -96 -5 -5 59 5 1 0 17 -79 89 97 41 -6 -59 52 -75 119 37 36 -13 -102 -54 -26 73 -61 -67 -127 23 39 125 20 -45 61 -90 -49 103 -109 96 -93 -1 -40 -18 -30 -109 -8 -11 17 111 60 123 -99 24 22 -15 13 -46 -53 -61 -28 -114 -2 -59 72 -5 28 87 116 -26 -33 13 22 53 25 -66 100 -38 48 -119 -39 -124 -9 -49 54 11 -88 114 60 95 -32 60 71 -96 -123 105 -76 -78 -10 0 93 39 31 -84 -10 -61 -2 77 -62 -108 67 112 36 -88 5 -110 -33 -48 -107 -24 -87 51 -46 73 91 -17 37 -75 -28 -107 106 75 124 -43 -65 39 -16 -18 71 -58 107 80 105 -89 -9 -127 -104 54 46 30 -73 112 12 58 0 80 -4 79 58 36 12 -31 -4 48 -5 -34
-76 19 -79 65 125 122 -46 -82 -85 -24 -78 -122 -90 -18 -43 41 32 97 122 120 -73 94 40 -92 -72 -24 116 -10 -71 -54 -14 -77 -1 3 17 108 -15 13 -84 -86 49 116 92 -45 -66 -33 -118 -32 32 10 63 -19 -82 101 -93 0 123 -8 -23 42 26 -47 -40 -25 -42 -56 33 38 112 107 -13 96 62 -108 105 -81 -61 29 32 34 118 80 31 -56 60 -48 118 79 -73 -22 68 98 -10 -105 10 118 51 -128 122 -87 -118 -80 -105 -85 34 0 -90 78 19 -33 58 -21 -55 -13 -80 2 15 -91 96 -71 98 96 -36 2 -125 34 -124 -8 -96 -68 69 109 -111 -70 38 97 119 -92 -54 -1 52 47 120 -66 124 120 22 -124 -41 14 -91 -16 -39 -128 119 35 -66 -21 109 -49 29 65 79 119 28 -67 107 -93 15 -18 -23 -22 -32 -100 -64 6 34 -115 52 -94 94 -79 4 -106 -120 27 39 -61 124 108 -10 92
73 38 -22 66 -76 105 8 42 101 -3 -7 -56 -3 36 98 -82 -25 -98 -62 88 112 4 32 67 22 -13 -17 -37 101 116 -116 -124 22 -65 104 19 -43 -77 -79 -11 97 114 -121 -121 -58 43 -114 -59 -73 -1 60 -4 86 -46 -27 3 113 -3 124 -64 -7 60 -80 94 -127 -68 108 -95 10 1 73 -61 -85 76 -25 -19 -111 -80 -15 75 51 114 -63 36 -53 -105 45 -10 -5 21 79 84 -128 90 -10 -66 -69 -50 -59 -90 -126 -5 -100 -79 -87 -36 121 -42 -65 -50 -105 -49 -128 -111 -102 28 -40 -105 -111 -12 -71 -62 44 -27 93 63 -39 -44 40 -127 35 109 -114 -36 -75 118 101 111 94 46 -64 -82 -34 5 -92 -12 -58 -4 -43 118 67 -20 7 121 -71 106 44 -33 -14 122 -61 62 79 25 91 33 93 43 -17 -54 46 7 -78 -42 34 -56 -97 65 62 -65 13 -60 -81 -72 24 -115 83 -30 78 -52 72 73
-89 46 -75 9 90 35 -17 102 -113 123 -83 -56 68 -4 48 30 102 -90 94 -84 83 23 2 57 111 51 -64 109 11 88 102 -109 121 118 114 126 -26 -41 92 -86 -74 -91 110 62 20 -114 95 91 -22 94 -103 -62 119 34 67 46 -35 -79 0 -103 104 127 48 -101 108 -36 1 -57 40 -18 -80 -102 -40 -58 -42 32 52 -117 -117 -36 27 -64 -62 75 12 -115 -117 -76 -77 -39 54 102 65 110 98 74 64 -59 127 -37 45 83 -11 -68 -35 -12 17 53 73 14 33 91 94 -54 -19 -40 -2 -90 54 -30 -123 58 61 85 -119 -83 -11 20 61 79 32 71 -76 18 48 42 -6 -94 0 14 76 -119 -47 -123 7 -5 61 123 -114 37 67 -53 -82 -83 -59 -115 9 10 97 79 49 37 78 -121 88 -118 11 87 -87 54 -82 37 -68 121 102 -23 -115 29 43 -45 -94 98 101 -111 -89 -109 123 78 30 21 44 -78
-57 -82 10 40 -91 0 -66 -100 64 79 27 -36 32 -33 -76 111 117 115 64 -29 -40 119 -43 -119 85 -46 -99 58 87 -36 107 -118 60 -20 -38 -87 111 8 57 82 -8 -14 49 114 -108 -34 -2 124 87 27 -28 -48 -119 27 92 27 -10 89 -56 99 -77 83 -6 76 79 8 121 43 108 -117 -63 97 76 96 5 -105 -31 -69 70 -16 97 -76 18 -106 72 70 -69 -57 -19 74 -88 -124 57 78 104 86 114 45 -6 83 -87 -58 61 30 63 -10 -85 72 -4 -98 -36 -47 -110 -58 -95 42 -81 81 -99 -128 -65 95 100 -96 71 -98 83 -29 -54 -62 -25 111 54 -49 -80 -99 120 16 27 -53 -72 114 -34 92 -110 84 -31 53 11 49 94 -56 23 121 -55 -46 120 75 51 -41 3 -105 119 -35 36 29 16 -55 -103 7 2 -9 56 72 -57 -42 -32 58 126 88 -4 46 49 -67 33 42 -108 103 -59 109 -18 107
91 72 67 42 78 66 42 -68 50 107 42 -94 37 49 33 40 -40 36 -75 -95 -70 -100 -67 -53 119 -115 -109 -12 -29 116 113 -107 -31 119 -32 -67 -111 -53 -38 -18 -70 102 100 13 -109 94 105 -97 -29 -38 -3 -74 41 3 -71 -72 89 -88 -99 101 33 -101 23 -28 71 27 -6 -76 105 90 125 126 17 62 -4 107 -75 -93 98 -60 66 57 -78 89 -32 -73 -124 -76 -96 -16 -50 20 -114 -114 37 8 -109 -97 -13 26 18 58 15 -57 55 118 -84 33 108 95 31 16 68 -126 73 -14 90 16 6 -76 -120 108 -27 -3 33 6 -101 -57 57 75 26 -85 -47 59 86 -7 -117 -29 -56 -19 -78 44 83 22 0 16 -13 25 107 49 88 36 65 -70 36 -36 107 -100 -27 76 -28 28 75 -73 -127 89 42 -80 -59 72 -102 94 114 -27 -66 101 -2 -88 70 -122 64 9 -84 104 -128 -2 -57 22 -100 -47 64 91
-14 -116 -56 -77 117 1 58 71 82 2 96 119 34 55 -101 -13 -21 51 81 -44 33 125 -94 -22 -124 126 -60 121 85 60 -55 -21 107 124 59 0 16 -3 32 46 -102 87 79 15 -6 -127 40 -121 -127 -26 107 81 14 -43 -24 -14 26 89 -104 -76 101 -76 -36 -96 18 125 -57 -4 71 96 7 -17 -13 96 -51 -22 110 -107 -94 -50 -95 62 127 4 65 45 62 -110 -55 -68 50 18 82 -99 -102 -29 91 -104 10 -75 44 -65 60 -65 85 98 84 -10 124 -100 -57 9 74 125 -55 122 90 -11 -110 -122 -55 60 -82 57 113 -36 -1 -103 -46 -29 108 -44 95 -56 14 -47 16 87 63 108 -43 4 10 -73 -90 -31 -77 60 -29 -128 101 124 51 48 -106 101 -67 51 -110 -35 28 -57 -13 36 48 -84 17 -22 -92 -12 25 -49 96 120 -4 -13 71 -104 -113 -71 -117 -94 -17 -126 21 -108 123 -40 -76 80 -60 -63
-126 73 74 -82 -1 79 103 42 119 -126 -18 -81 -86 -37 37 -14 -42 10 100 127 50 -59 -23 -3 58 56 63 -70 119 -71 -107 88 -32 52 -14 -92 -45 -39 -80 -55 100 -90 -19 -15 -87 75 77 -41 120 24 107 9 -91 109 8 -84 78 113 -76 4 76 91 -10 -28 -77 -1 76 10 50 118 -27 -35 91 -70 -121 58 111 53 112 -76 -43 70 -13 -89 105 33 -83 31 -86 121 49 -88 45 -10 9 88 -65 25 -20 -76 36 -9 55 -46 -3 -51 117 28 115 99 73 20 72 9 -61 17 25 122 -41 -88 50 -10 -51 75 3 75 12 116 -50 -43 56 -21 -103 102 15 51 -12 119 44 14 -99 -75 -7 73 -25 -49 18 -99 -112 64 -94 -82 -110 118 114 67 27 24 -39 -102 -77 11 -72 13 -105 -52 -92 -95 -22 89 123 15 -44 116 47 -60 -46 -19 4 -61 105 36 56 34 -51 66 -88 104 -33 -4 -9 2
65 66 -32 -64 -112 -67 44 100 -7 -78 68 -85 65 29 -62 112 -123 83 -66 -32 40 110 -114 127 -112 38 -17 105 116 108 -123 84 -114 -14 107 53 13 -125 119 -66 16 43 98 -104 -56 56 -8 -8 -61 54 69 -85 -84 60 10 61 -43 -25 86 110 -70 -69 40 -34 -68 -110 -42 -115 -45 72 -40 -79 -33 -79 -56 -92 92 -81 -48 -122 117 119 32 127 80 -66 36 54 51 -11 -36 72 127 94 -110 -21 -61 32 114 99 47 -100 25 7 57 -54 -74 32 10 73 -69 56 -102 26 59 -28 61 52 -79 -30 87 94 48 83 -108 -47 14 -9 -114 -124 -37 11 -85 -75 -115 64 30 -28 9 5 45 -116 -117 -56 59 24 -99 4 -78 -105 127 -94 33 2 9 60 22 -96 -16 14 63 38 62 -60 55 -10 22 -102 6 77 3 73 -15 63 -94 -111 -32 117 -71 53 -77 110 -34 61 -20 7 1 -121 -119 31 112 37
-48 -101 29 104 -128 93 -81 -102 94 -62 -114 122 -38 -66 56 74 103 63 94 -79 61 -52 73 -46 95 -59 63 -102 10 -32 -117 0 126 -30 8 -66 -61 109 11 -128 101 -117 119 49 -57 47 -21 -117 115 6 -112 34 7 125 6 -104 84 -64 99 -25 -26 -87 -12 86 -94 -6 5 96 111 -17 22 -27 36 126 56 -107 67 16 25 38 127 -118 -21 18 74 -24 -74 -64 58 87 120 -99 58 7 -43 -121 -127 70 105 -128 80 -42 10 99 -45 -120 72 98 52 46 53 -106 -99 -93 -96 11 -90 70 -87 67 19 65 -43 38 43 -108 -123 -27 -5 -81 118 93 -115 -4 -54 91 -80 84 121 -45 -111 118 -28 -107 103 41 13 -82 103 -68 76 67 23 -91 -32 -109 62 -15 -78 -115 91 98 62 -36 -74 -63 93 18 104 -104 -58 -106 -50 111 -71 -4 -115 43 -30 116 77 -88 53 -100 -94 -102 -45 84 -94 -51 -83 33
100 -68 -48 -50 77 -70 54 72 -38 -43 30 -108 65 -1 84 -35 -55 20 56 -128 77 -99 -102 -128 78 -120 -59 62 -78 -73 52 31 54 48 10 122 104 -56 -118 -114 -120 -31 -45 22 -108 -97 -39 73 -24 -69 -29 -93 -7 103 2 -108 23 104 -5 59 -36 12 27 53 -49 -120 -52 37 -65 34 20 40 59 126 -108 9 -73 93 4 24 97 91 119 -21 -107 -110 -44 7 -13 21 12 -119 -112 -38 30 -62 -12 13 125 16 74 -58 92 -128 -97 -106 -104 -4 59 55 92 27 -104 93 -31 -7 66 51 -83 -124 -20 126 -10 -74 56 48 -106 -53 37 98 -77 73 -120 -80 25 6 102 99 -104 -29 29 67 4 70 122 53 86 59 120 -122 -46 9 -122 -68 38 -27 -83 29 -95 -81 -8 -52 4 -113 -22 87 8 -38 -127 127 -60 1 90 -110 -106 -98 69 116 -128 110 -36 29 68 27 -114 90 -11 107 14 -34 -61 -28
-125 111 -117 -47 -116 -29 41 -7 -61 106 5 77 -96 16 42 38 -1 123 56 -76 41 -28 -95 -105 -8 122 116 -3 40 68 95 93 17 -105 100 -83 53 57 28 36 -117 93 38 4 -89 -9 122 -17 -123 -91 -17 116 108 -71 -126 46 107 122 -124 -13 108 105 -86 -71 50 -113 14 -69 -85 109 53 118 -16 119 -36 -101 50 -30 94 -30 -14 -51 65 -10 65 16 119 103 -106 -117 -97 112 -4 118 114 57 11 -57 -22 -8 -28 87 -41 36 75 -123 -92 93 -94 57 8 81 61 83 -9 -45 -69 -61 -2 -127 -41 -50 -80 88 5 -125 -14 -74 -6 -125 -120 -47 8 -96 5 71 -106 -102 -92 -116 -88 -7 -58 -43 78 -113 -23 91 -41 -103 -17 -1 -128 89 -2 16 91 109 21 18 2 24 -109 -38 105 -97 -80 126 -126 96 76 -66 -65 117 0 95 82 97 127 33 124 -61 38 115 -16 -27 58 117 -87 -90 -52 48
-38 -53 -120 58 -22 -26 75 2 65 -38 31 22 64 -79 39 -30 64 95 -28 -3 -47 63 123 11 -32 -94 120 -75 -49 -59 83 20 55 76 103 114 -71 -32 -97 -105 64 24 -44 -103 59 50 81 71 53 70 121 59 -57 -107 -95 -9 -96 -118 -47 -105 38 -127 100 59 -44 94 -9 -67 -122 40 -19 117 -119 9 68 118 -121 85 60 -59 -69 -43 -68 37 2 104 46 97 -25 -24 -16 44 -88 65 -23 -41 -65 90 111 -112 82 124 110 -26 11 -24 47 19 110 52 16 87 39 -39 76 -70 -83 -123 -16 27 -112 -90 43 -26 107 -16 -9 26 -123 -55 87 -63 -98 89 -63 -87 19 7 10 -46 -47 -63 49 96 3 9 -18 -102 -24 -122 -125 5 11 74 -8 -88 64 -99 -94 110 67 -14 -44 90 106 -21 126 -110 25 -119 63 126 93 42 13 99 -59 -28 75 -103 -50 4 -64 101 4 -49 99 26 -37 20 124 -121
-24 -28 -118 71 72 -14 -121 -127 45 -114 -8 -17 0 45 29 -30 -113 -88 34 26 -67 66 -119 40 26 53 -92 -18 -54 -43 100 79 55 50 83 65 -85 42 4 49 52 -87 34 34 -83 -47 32 64 118 37 77 -127 104 61 71 -82 100 -43 33 -5 23 9 -95 -109 -102 111 84 41 -102 -23 62 93 -4 115 59 78 36 81 50 121 -114 106 32 106 -7 59 45 88 -109 51 26 -68 -101 -51 95 -44 -23 44 -62 -93 32 127 51 -127 -28 -64 -100 33 116 15 -89 26 29 53 -63 120 14 -30 119 -86 92 -78 -101 0 -94 -8 23 41 66 -82 -52 -90 120 -4 -56 -59 -72 1 -50 36 71 -100 42 4 20 -37 -117 16 6 60 111 126 -63 29 114 -25 75 -46 101 -22 -15 -117 -113 7 96 -110 -69 -104 69 -128 122 111 1 117 54 -65 -117 -102 105 -71 122 -123 -18 -21 -79 -22 -62 68 -102 -81 55 -5
-123 72 41 -125 -39 120 -22 127 -124 86 38 21 -101 -31 -48 -108 125 -76 42 28 -7 -32 -127 -17 -88 -41 15 41 -120 -83 52 -74 -59 -101 94 -110 123 -122 126 -86 89 -94 93 -55 117 98 75 -19 -5 -7 -121 -31 -16 83 19 -16 74 -128 56 7 103 30 67 -90 -55 27 25 110 94 125 -6 -19 -14 -67 13 9 -19 -37 1 -100 69 61 -3 -93 16 40 75 92 68 -85 5 -117 -109 119 12 -109 -66 -52 38 73 -30 28 -103 84 37 24 80 -106 65 4 -91 78 -103 -30 83 109 -87 58 -86 -116 -77 -15 86 8 11 23 85 75 11 15 -20 -33 -128 -67 -104 -85 -50 5 9 -115 -55 -128 -27 -115 31 104 53 31 -41 -2 -127 94 116 118 -89 -48 -89 81 -112 42 -35 -104 -69 -68 93 -90 -86 24 50 69 8 18 -39 38 -92 77 -37 0 30 126 82 102 106 -40 51 37 -24 -14 -28 -24 -34 22
5 68 118 -118 -67 23 23 43 -40 -92 68 105 -109 58 123 1 108 59 -93 -48 89 -44 -123 122 -56 -8 -128 -35 -85 -48 -32 95 106 -4 17 -104 -43 -78 -94 -23 121 -58 33 32 -119 41 30 108 -110 -55 125 -105 75 0 17 -115 -114 113 -40 -107 -77 28 42 -83 59 -69 1 93 -58 4 -93 -63 38 -89 -85 -94 4 -81 21 114 -7 55 103 -89 14 -28 42 -46 54 64 -20 43 67 96 -24 -15 -59 -52 -108 34 55 103 77 -38 16 -126 -35 -80 23 98 17 -31 -114 -32 -1 -64 -86 101 21 -12 -69 47 51 39 73 -32 18 -34 100 -83 -70 -20 70 -77 34 -18 -120 10 11 0 66 31 -119 69 -74 39 -41 77 23 -104 12 77 -39 93 89 -67 39 -119 -66 114 117 -25 -40 93 21 -38 -56 -95 -96 63 2 124 -86 -55 -59 106 76 104 32 -40 -62 -85 88 -100 57 -96 4 66 96 42 -78 113
124 -89 -75 78 -1 20 -13 -116 -52 96 -6 -41 -122 33 -1 -62 -107 -82 40 -15 54 33 21 97 -123 -27 122 41 -72 -30 -24 -36 31 -31 107 35 33 -14 -32 -4 1 -93 -97 102 16 124 -98 -29 -49 23 17 9 -118 -44 -71 101 -96 18 -44 49 -86 55 52 -44 -88 73 123 45 1 -8 37 106 44 123 -109 -118 49 -44 -24 -25 -124 68 102 93 -112 39 2 98 -44 79 -34 -11 112 -88 73 105 -80 69 -46 -86 -122 67 -20 -14 17 24 -8 -110 82 84 -85 45 -63 -45 -6 94 25 75 -76 -15 36 15 -18 13 107 47 40 62 -107 -15 75 -126 -101 94 36 -104 -98 97 -55 -95 67 -50 63 84 -68 -61 65 7 -9 124 69 81 -111 56 -74 82 -1 124 56 5 -120 -14 70 -125 -108 -110 98 -82 -127 15 105 114 -122 -28 10 59 -113 -4 -91 126 38 78 -30 105 77 -94 41 -120 122 23 -89 7
69 -49 -70 86 40 -60 -16 -56 -99 -103 105 -30 -58 -19 -96 -22 -128 -110 -125 -76 -37 16 -69 -53 59 65 60 -70 12 21 46 -46 -7 93 89 -108 12 -50 -83 126 -42 -72 89 42 -47 22 -22 -45 12 127 72 30 -127 -114 64 4 44 -87 68 -44 105 -82 96 -22 -114 -86 -59 -122 -107 -49 31 -116 53 37 -66 -52 -23 5 15 -121 115 -94 84 -70 -44 -14 -97 77 -82 -1 -34 50 37 50 56 -59 35 -96 -125 -125 108 114 28 -68 -41 69 59 -83 -65 -66 -23 1 -77 -8 -34 83 127 -88 124 -13 -46 0 -22 -46 -1 -33 88 -120 -121 70 -104 -102 109 -35 101 90 -112 -104 -104 -54 111 -10 48 -4 -110 -65 118 56 97 121 -35 105 24 99 62 99 39 -52 -1 68 -55 45 56 113 -106 -44 -71 -86 -113 -49 102 -8 -87 -52 -36 -72 -9 14 -90 38 57 8 18 -95 101 120 -81 75 -113 -123 36 -82
8 58 26 92 36 -47 113 47 39 -125 -34 -69 -29 104 25 27 48 -9 119 -113 64 -81 -34 -35 -99 -68 -85 39 -116 -124 -108 -100 127 35 -112 85 37 -38 3 -14 -53 68 -26 -88 101 -76 83 -118 67 57 -9 5 -7 -108 94 86 -50 -113 57 -103 87 -88 -12 -76 -123 -69 -95 -26 95 88 -103 -102 -123 -68 -67 114 -98 -89 87 29 41 -41 4 -9 51 -106 -60 -9 -76 -95 107 -22 11 32 -46 6 63 96 46 -109 -97 -80 23 8 -96 108 2 -47 -58 -95 110 -98 -52 117 -48 117 -119 75 104 105 17 52 -97 -42 95 23 -48 23 125 87 99 117 -22 -44 28 46 -24 -46 8 44 125 -124 -4 -31 -108 -31 -59 -57 95 -87 40 -117 -13 16 -99 -56 -57 -96 -22 -62 93 -98 38 -10 93 115 -51 -127 -67 -115 32 -87 42 108 -36 -45 70 3 -107 63 37 -74 37 83 51 -97 -90 -11 -87 66 -82 -35
62 -25 9 8 -99 127 -9 -51 -43 62 123 -47 -53 -18 -3 67 -45 -19 47 89 117 -28 -112 -76 -96 99 38 -77 2 127 79 29 -94 -59 -90 -27 -57 7 107 -102 19 -45 -44 76 85 91 17 0 -112 -61 -93 -124 -43 21 54 77 -91 -41 -92 3 -14 -4 -87 126 -47 67 -21 30 115 65 -36 107 -13 -57 -74 -116 -36 -72 71 22 71 -3 6 -73 50 -52 63 -85 -32 -29 89 -100 -116 -46 -18 -23 121 -84 121 -37 -31 102 59 -24 -87 -7 103 -81 87 85 -23 -42 60 117 77 -1 -72 -92 -19 -72 -46 102 44 -119 -53 -123 -97 -44 23 73 -73 74 118 -83 -49 109 -8 0 -8 -98 -90 90 -104 118 -58 -125 -30 12 22 -97 46 34 -124 -34 -36 -115 55 90 -121 73 1 43 -95 -25 -6 8 45 -110 21 -66 64 -92 45 27 -16 -104 77 -29 -99 -12 51 -96 12 120 111 64 -119 -71 -9 -98 -97 53
-125 -34 -27 19 49 -63 -92 -59 -108 110 -115 52 98 94 101 105 -63 -127 -38 103 -80 73 86 -88 10 -39 34 -42 -49 -16 101 41 -36 -5 -114 43 95 -113 91 -37 -92 79 -119 -89 58 -94 97 -8 126 4 70 -86 -117 -11 3 38 -95 17 -46 107 86 -83 -59 -108 -33 31 105 15 -15 114 112 -26 81 44 -86 -8 52 -41 -85 -127 -121 7 -127 -1 -65 -37 -23 94 -6 42 -10 16 28 93 -77 -102 4 -62 -34 104 102 -73 -29 72 19 -58 93 113 -24 101 75 -73 -122 28 -25 91 -32 114 -65 93 19 67 -99 87 121 62 -4 48 28 -33 54 -14 -118 -4 3 -3 34 -65 74 76 17 -43 -113 -122 107 11 124 48 -80 93 -53 -124 -27 -116 24 -20 -7 56 -47 -85 -72 8 -82 101 -79 65 -122 -6 -5 27 -24 66 1 -96 -30 12 -113 -6 15 7 -57 7 22 -91 43 48 -82 78 126 81 12 -119
-59 55 -116 -89 -10 17 -72 -61 2 -123 -112 76 -79 -106 -24 3 -70 -104 44 53 88 18 18 33 -97 -59 75 8 78 -23 39 57 52 -48 -41 8 -110 74 96 -113 68 -8 -106 54 -12 97 75 -13 -38 -21 -73 -105 86 37 31 -46 -119 34 -9 -63 42 -122 -30 -4 42 -30 -88 77 0 89 9 83 -25 125 -126 -24 -100 -19 90 7 9 26 -120 115 -40 84 106 -81 110 42 -42 -84 -81 -118 -111 116 114 71 119 -74 6 18 81 -3 -1 -31 -104 -71 -61 43 -73 42 -113 -101 -65 16 95 -28 122 -35 -59 31 -3 107 -12 58 38 5 -100 -75 8 40 -93 35 -6 38 -41 11 -121 25 96 40 29 70 -45 82 86 92 -38 47 -53 -75 -49 83 46 -4 31 93 22 57 87 16 102 28 -91 50 69 92 -3 -102 -4 67 10 33 92 -12 122 71 -75 99 33 91 50 -47 41 -94 -44 51 -118 123 -91 -73
36 51 -91 24 -17 77 96 119 -27 26 -1 65 111 85 123 114 -52 -102 124 77 -76 -67 -67 -68 87 -50 54 91 97 36 122 13 -92 -42 35 -40 71 26 -78 118 22 -108 68 -122 21 7 17 -14 69 76 -86 48 21 -52 74 11 -124 -101 99 -63 -32 -43 -127 -69 64 123 19 5 -99 113 -95 -69 -25 -29 -24 -86 -18 16 -17 14 -125 -58 27 -3 101 80 3 -104 49 -58 -66 -93 127 -108 107 -49 20 36 -103 16 -113 -107 -100 -47 -111 10 -122 -96 -58 75 -45 89 58 -119 21 -47 -77 74 -101 -103 9 -4 92 -105 -24 -89 -72 104 78 101 27 121 -68 -82 -15 -1 69 11 -113 -53 -61 -81 67 105 -48 -58 -25 -108 -17 -25 113 -115 92 103 -29 116 -116 -31 -128 107 -34 70 -84 57 -19 29 59 46 51 -1 -1 -61 94 14 -124 -81 -56 49 44 -49 58 -15 -70 94 -122 24 99 84 -95 -110 -67 -93
-6 125 -90 108 -91 7 110 74 63 -66 59 -103 -20 -87 112 -84 -126 -35 -70 65 -27 120 -87 -83 -119 -94 84 39 69 25 -22 100 67 -31 -118 -13 -114 22 -2 114 -100 19 -109 -67 -41 72 -52 101 -79 -24 -22 -34 -99 21 -30 -64 -85 -114 36 75 116 113 -74 -102 -54 -10 0 97 -11 88 -64 99 -90 4 116 -38 100 -94 -79 -59 115 82 -102 25 103 -88 -57 -90 48 12 -74 -120 13 117 -74 -34 94 -128 97 -50 11 -37 -115 112 -114 119 40 54 30 -98 -41 -77 -111 79 41 -105 87 -117 113 52 -113 116 -33 126 64 8 21 -125 -67 -52 -109 54 53 -58 127 77 -2 126 -108 75 -114 -101 -64 -67 65 -70 81 -27 52 97 -64 -80 -33 -109 116 6 -110 43 70 19 -9 91 59 109 -20 8 84 56 29 -84 83 102 16 -20 -77 -26 34 32 -125 -69 -50 19 -31 -52 -79 97 -100 -59 0 -91 127 -115
51 84 -105 94 72 50 71 -94 -110 40 -23 71 -89 62 -120 57 28 -23 82 -56 -63 117 127 121 35 -24 65 57 40 57 80 -37 20 20 -104 -34 72 68 -13 -3 29 -125 -23 -119 54 -17 -58 67 -106 -58 -41 -117 42 36 64 -8 -89 101 41 23 -32 36 -89 63 -29 -47 72 49 -44 111 14 -81 -80 -35 15 -53 -59 -23 92 -57 0 -42 123 -82 -124 29 -59 124 -74 -123 -114 -49 -56 -92 -119 12 26 9 79 -56 95 12 -14 65 0 45 72 46 -95 64 -31 -85 53 70 -1 35 -52 71 -72 66 -95 -13 88 27 -23 41 -76 -85 34 66 65 11 67 52 -51 -24 64 -53 114 98 -84 -104 34 40 18 92 -128 61 -12 82 50 81 -34 39 23 110 69 74 -54 65 101 -71 -24 -94 -7 -42 -109 123 -78 47 -59 94 65 -54 -40 -126 -12 -40 51 -76 54 18 -10 -2 26 26 -78 -44 83 32 -63 -47
-42 -16 62 -29 17 60 79 -90 114 -84 38 -47 29 -89 50 110 5 -115 -20 -45 9 -32 104 -24 -89 94 -120 112 115 53 95 -24 49 116 47 95 -83 116 107 90 49 38 -72 119 -22 126 4 -58 -11 -128 -50 62 -42 52 11 -69 46 -26 -4 -30 -57 7 2 -79 91 109 -14 29 40 72 125 89 46 -38 76 -9 101 -28 96 3 -39 119 37 83 -31 -64 22 35 56 -75 -125 -38 112 43 50 63 121 -102 -105 63 -45 14 -113 -86 59 76 105 -34 -103 15 -102 -45 116 84 65 14 -122 88 110 106 -120 113 -63 -4 -66 -69 -13 97 -73 4 -17 105 118 -94 -40 -26 -37 -58 93 65 117 94 106 -75 -46 52 -67 3 47 87 -69 59 113 -104 62 -79 -16 -69 81 86 20 20 -40 103 -27 -115 -90 102 -95 22 -75 120 -113 92 125 -90 77 104 115 -13 -80 47 -119 -75 -84 -19 122 11 112 -44 -111 126
118 70 21 31 7 96 66 10 117 50 -118 119 -126 31 46 99 -64 101 -4 41 103 -84 123 35 116 -78 103 4 99 -27 -126 35 -103 103 -112 -49 -37 68 -111 -23 -112 -100 30 15 -123 114 -91 62 -112 -38 -95 113 121 117 -40 -95 -45 -118 100 12 -19 -76 54 -70 125 88 -98 94 70 -52 114 92 25 -16 -69 -43 -111 -113 -109 -15 107 65 56 -109 38 74 -85 -92 7 -57 -30 47 68 9 -1 93 -36 108 48 -99 -122 35 -37 -117 19 37 36 124 -19 5 -66 92 39 -121 120 114 -66 8 117 99 -112 79 -68 -47 -39 -11 108 -126 -84 -95 25 -82 73 42 61 -69 -56 32 5 73 -97 26 -70 -15 69 115 66 61 -111 99 -91 -109 45 119 -99 -18 73 -55 24 12 -128 42 -86 96 -94 -11 32 -58 -44 65 -91 124 -124 84 87 -35 25 -40 6 100 124 -33 116 -32 -43 71 -72 53 -88 98 73 -7
86 -93 -26 3 15 61 -113 -87 122 63 -62 -25 63 23 -115 -91 -100 77 26 -90 -11 61 117 -24 100 -22 -56 75 -19 92 -15 -7 -102 -21 67 108 26 108 25 112 -78 -64 94 90 -37 -24 -7 -21 79 45 -40 -60 -24 -56 92 -18 90 -98 -123 19 -75 61 88 59 -56 -59 -57 63 1 7 -106 -127 63 58 -102 118 113 -104 -74 -77 53 8 66 -84 -39 118 -29 58 71 123 123 114 -74 23 40 -92 -122 -35 -56 69 -33 -22 -123 107 38 92 -9 93 -110 -80 -56 57 -79 116 -70 40 126 -79 68 122 36 -79 115 56 -61 -78 77 -103 97 -87 -99 -64 -49 -22 -74 -113 -128 43 23 -68 98 34 -78 36 -32 56 -110 95 49 -58 63 33 101 12 98 40 91 53 14 101 -124 -112 3 -84 -85 44 0 -81 114 -70 80 -58 115 124 3 -108 5 107 125 118 -54 -119 53 -108 -98 79 -15 -61 -8 -50 -112 -121
-53 39 -77 -78 83 117 102 46 126 99 78 84 -99 96 -49 -76 2 82 -59 53 -35 2 -98 -11 43 88 -32 104 121 68 25 87 -114 85 -69 78 25 -90 126 48 -29 -10 121 91 -62 63 27 71 -27 81 72 95 98 -63 -71 41 -30 -118 122 -119 99 8 108 -19 -86 -18 -49 -88 -46 -122 96 -4 -53 -102 109 79 -29 -78 55 -117 58 -83 37 86 106 120 120 46 -79 -84 -122 -6 90 57 62 -28 111 5 -35 11 -94 -71 -119 38 -44 72 -29 54 -33 -42 -9 67 23 -11 -98 -75 -89 -80 -103 -124 7 47 -2 -27 88 -97 110 -7 -59 -43 3 116 -108 -50 58 -79 -57 -95 -73 -111 -11 -124 58 98 19 -28 -110 35 -109 -79 16 -74 123 -41 113 -123 -84 104 8 -116 33 -128 -100 -93 -7 -70 -73 -81 -94 -54 -89 -103 -34 25 29 -8 123 -39 -49 25 -106 -39 -63 58 109 -32 -15 0 -116 -122 5 -114
-75 50 3 -22 46 -126 71 -24 -56 109 -3 94 120 -40 24 80 -43 -114 -88 -26 49 -126 93 -53 120 46 -114 -21 14 11 23 -102 -20 75 31 -5 127 125 -11 -103 29 10 28 84 -116 64 52 47 -2 41 102 61 64 -84 -12 10 -123 -70 87 44 33 -65 -48 -31 -113 -47 103 -30 -27 -83 12 36 124 -37 -33 68 97 56 -90 61 -5 111 1 91 54 33 57 -75 46 -28 -38 56 -73 -106 -75 -97 -59 -113 87 98 -32 106 96 57 -110 -75 2 -112 19 -53 -42 45 88 -77 -6 -13 -91 30 -127 69 -21 104 98 81 -29 58 -87 65 127 -58 -27 -59 91 -14 -98 3 -106 -69 -8 -36 125 36 -82 117 -81 -42 -104 27 -65 5 107 -17 38 -46 -128 76 18 -102 90 69 -60 71 0 10 -81 15 -30 101 -1 -27 74 -31 -47 89 -49 13 99 -4 93 112 95 120 12 -108 -111 -25 53 -8 -62 1 53 18
123 -94 96 -110 -56 79 -99 27 104 20 -97 110 61 -40 -85 102 -98 55 -94 17 -91 52 98 -35 7 -69 -26 -7 -15 -67 -10 -30 115 6 -59 6 71 -79 79 -19 -98 -84 -126 127 107 35 -127 -43 80 93 77 6 -63 -28 127 -37 78 -67 -39 76 -116 -92 -122 -40 26 -54 -96 76 111 67 94 77 63 93 -120 68 -8 -55 -118 -21 -79 67 -66 37 38 124 -77 26 91 -111 46 1 107 -12 40 60 -69 83 -76 74 113 102 64 -89 -106 -57 77 10 29 65 0 -38 19 -45 -62 -116 -64 -18 -102 58 88 -107 -66 87 56 64 -13 -110 63 -26 13 -31 92 73 1 -97 122 -29 82 -79 108 104 122 46 -88 72 -123 102 -99 8 -36 -24 -47 74 17 22 -1 73 103 101 62 44 -21 57 -57 69 6 -122 45 77 -75 64 -9 2 42 40 116 -74 70 -90 -80 13 -22 -102 112 64 80 125 64 3 -88 82
65 -42 -117 71 30 44 -59 -19 -99 -35 22 99 -120 -42 115 120 12 122 59 114 121 -67 98 -93 19 -17 -92 -15 -91 46 101 110 0 112 -36 -16 2 79 57 -68 -50 123 37 -66 33 -54 -100 80 -21 -97 -68 81 96 -111 66 10 -3 21 10 -24 -33 19 45 -95 -14 55 -128 16 123 -123 51 108 -99 -41 -100 39 73 -10 97 27 98 -8 77 31 -109 -101 -122 40 -69 -70 21 -83 76 67 -62 121 43 -57 -27 -96 87 -118 106 69 -8 -106 78 -124 -32 109 -2 -115 -48 30 -120 118 -33 -86 -55 79 -117 -50 -11 -1 125 111 -87 -55 -79 -107 84 -118 118 127 -18 -39 43 -18 -47 69 -21 -123 -122 81 -97 53 53 34 23 52 -30 -15 59 73 -101 93 96 -84 -23 93 109 23 -119 97 -39 -95 -20 -42 -52 83 -60 38 -9 53 -98 -82 51 119 -47 -18 -88 106 113 -59 59 17 75 -19 24 56 18 -62
-112 108 -45 -70 -12 -11 125 -112 -66 125 -3 -22 -87 -113 -53 106 -51 -16 -74 35 118 124 -65 125 47 -50 -128 101 -43 46 -123 26 38 -89 118 119 -87 16 -46 -81 -37 -26 -85 -76 90 -97 -92 127 -17 119 22 84 -100 69 14 115 89 -29 -124 99 -74 74 -25 -115 0 -59 -63 4 1 5 -115 64 35 -80 -9 -41 -16 -8 -122 -10 82 69 31 50 41 -68 -43 35 -82 -67 116 -65 117 -6 104 111 -2 -36 -68 67 21 52 -1 52 -100 54 -36 9 8 26 13 38 43 3 26 85 -105 77 -53 5 -93 121 -115 -93 57 84 68 30 40 -48 72 59 -113 -23 -121 2 -112 83 -76 -22 -74 68 8 64 -32 -13 -58 -99 -47 97 87 15 -90 19 -62 -66 -67 -3 76 90 33 -27 1 -48 -27 -46 -8 -68 -93 82 -74 -15 -93 18 76 -36 9 -104 -71 53 112 34 121 113 -4 -40 42 -126 121 87 118 62
52 47 13 -59 -32 -17 95 -92 7 100 21 -11 -118 93 -60 48 93 110 26 -120 62 -62 98 -67 -116 -39 18 32 -66 18 -22 85 54 -94 -56 -118 22 14 85 90 -52 -106 -62 106 125 80 -63 -16 -11 -1 127 34 -59 37 32 41 -33 -18 42 65 11 101 55 54 -26 38 94 116 64 10 124 13 -33 -32 120 -87 11 -75 102 65 44 -101 0 67 102 106 109 -122 -25 -13 -49 72 16 -35 -36 23 -79 -104 -40 112 62 -52 -113 43 -15 121 119 5 -55 26 32 -113 -31 31 -128 14 -20 29 120 -23 74 -71 94 -58 35 83 -28 -123 96 -8 -70 72 -27 -15 49 74 109 -97 90 -40 -13 -110 -103 -128 -2 -122 32 -36 -68 86 100 -15 1 -103 -108 -127 -85 115 -114 126 91 -52 28 117 126 120 117 33 103 -60 -1 -127 -123 -7 11 -70 82 -81 4 -100 -49 29 -105 63 -79 -34 -51 -46 85 58 111 59
16 -127 -77 -105 113 72 67 -79 22 127 -87 -94 -5 0 79 -126 34 -35 37 -34 -12 53 -7 34 117 118 95 7 79 47 -45 -21 11 -9 -80 51 119 8 80 122 -36 -4 31 36 75 -48 -63 26 -28 124 -119 -43 77 83 -70 -95 98 -90 81 -26 -50 -111 101 87 -30 100 -53 43 -7 102 24 -51 -23 -123 90 122 -96 102 43 46 -114 -128 -80 82 -106 -125 89 103 -107 17 64 -109 119 53 41 116 91 6 -39 -5 -45 32 103 40 -19 -68 115 43 85 -7 -48 111 11 -77 -76 100 -63 127 -83 89 83 -82 62 -59 53 -18 18 37 -108 34 109 47 -49 -88 53 115 90 -9 3 55 -83 -108 -75 -82 9 90 21 13 19 84 -117 -18 -13 -96 -104 1 31 82 -37 91 -44 56 -78 -74 -36 117 -106 -120 67 50 115 73 76 -29 -46 -53 -28 -110 37 -49 -119 -40 -117 5 83 -103 39 -58 14 -68 -30 -117
-60 15 -109 -6 -90 4 -59 -3 -73 7 102 -41 -98 -110 61 -64 90 31 122 0 67 43 124 86 87 20 -97 -39 63 22 -46 -128 -84 116 -57 -12 -35 62 -10 -94 -9 -101 108 10 32 -36 10 -71 -54 -63 33 41 33 -45 -32 -28 -101 107 -47 -98 30 118 93 -76 72 -11 39 82 5 83 21 -119 125 -111 94 28 -21 111 -95 85 -15 17 107 -42 34 96 -83 -35 -93 -114 -31 112 -88 75 33 -61 -66 30 -13 26 119 25 -68 40 -69 -97 102 -3 16 58 -118 -8 104 -122 -119 -96 98 94 -15 54 -107 46 -69 -53 76 -119 47 -93 21 104 78 -108 119 9 92 -104 108 -91 76 26 -9 -128 56 83 -45 55 49 -105 125 -8 -37 120 118 -45 42 5 15 -33 -3 17 26 -34 -49 -63 48 -89 -31 19 -60 32 -106 64 11 61 26 -32 52 110 -99 -99 40 98 -74 -16 -128 -16 -52 43 -70 47 10 -111
-53 110 50 -59 91 -90 29 106 -47 -83 -86 10 -19 -53 -16 28 7 -105 -74 19 -3 -128 -63 -20 -10 -81 -80 10 -80 -17 96 108 -76 -24 -8 -124 46 98 38 -94 -30 120 -40 113 41 30 114 -28 -81 34 -95 28 -45 40 -44 106 -118 -87 65 72 -8 82 -41 51 -116 -54 -54 -105 97 90 -33 104 -95 -82 -12 110 -18 -118 -93 -58 -21 -1 -29 112 -33 -16 61 -122 103 -22 19 -67 -45 67 9 83 -116 -127 5 -109 -92 -51 68 8 74 -24 -3 24 -120 -47 18 86 -60 25 22 -85 -37 82 -27 70 53 -13 -114 -100 -41 89 10 115 18 -22 -107 -27 -46 -27 -4 119 59 85 46 -90 -121 -114 18 2 -100 -106 -114 28 -117 111 47 118 12 59 61 54 -32 5 -117 -21 5 -117 -110 -93 -69 -103 -115 18 61 5 69 119 -44 58 4 32 -49 -61 -36 103 -8 -101 -100 79 97 -91 103 79 -46 -111 -14 56
14 66 38 -34 -48 -8 70 66 -45 105 78 126 -114 -51 76 76 9 89 -62 -68 -57 87 -100 -48 -66 10 -17 -124 90 -117 3 -19 -83 -96 -81 51 3 104 -76 -67 -24 103 49 56 1 33 96 -29 77 -65 -109 57 111 -84 -49 -15 -42 18 111 -1 -10 -115 -44 -43 119 -35 -51 -25 -107 48 48 -15 -30 -116 62 -102 -126 -3 76 1 -16 43 117 108 105 -5 110 58 -51 64 20 -24 17 55 76 11 113 -18 33 -86 -103 49 26 114 118 34 -40 111 85 -2 55 -111 -4 -90 -1 50 -25 -52 81 -110 -23 98 -125 12 73 115 -115 2 -18 -88 43 5 -67 99 -88 -1 -26 -68 -24 -8 72 69 18 -8 -34 -85 -110 36 27 63 55 -90 62 -85 12 107 -115 -96 14 15 -121 -90 48 123 -103 19 83 96 -59 -81 94 -24 -24 59 46 104 71 -33 65 37 -11 65 4 120 3 57 127 58 -101 -108 2 -119
79 77 -75 -73 -31 -90 114 -100 -120 -13 -18 -42 21 -9 20 -77 18 34 40 -90 8 -40 8 -108 51 117 -18 25 -75 -58 102 -126 -14 -4 -37 -8 69 -51 76 -128 -85 -23 -108 107 73 107 -42 36 39 75 -106 -121 -9 -8 -14 -127 -97 41 80 41 -103 -68 -110 121 24 -73 -121 -22 11 -41 123 117 -76 94 -63 -106 67 -110 0 67 -43 -66 -107 -114 -22 37 -114 -85 -32 -48 -39 97 38 64 -103 -111 65 -90 120 -113 14 -46 112 93 -67 -45 -123 61 3 -107 50 -36 -8 -10 118 -84 -20 -91 52 -9 74 -118 115 -126 -112 -74 13 -81 -15 -117 -116 17 -108 56 86 -4 33 1 -3 38 -16 -119 -73 115 -95 -37 -103 86 49 74 24 -89 64 -38 -64 -12 -26 -65 28 -124 -82 56 45 120 32 -126 98 69 46 -87 -49 -75 101 28 62 100 -36 120 77 22 84 -34 -93 116 77 51 29 73 -76 -78 -84 50
55 -106 -119 52 -60 -21 115 -115 -38 85 34 63 -89 -120 -31 59 -51 -114 -66 -26 80 -119 -119 34 -79 6 -106 -114 70 -61 -66 2 52 48 -57 -22 54 -20 -66 84 72 -52 92 103 3 31 10 -40 9 83 91 -30 97 66 -128 93 -26 -77 -69 -72 101 -90 66 -66 -25 73 53 -34 -57 95 -36 -126 -97 57 -41 64 -41 20 48 72 -96 -39 122 -105 93 12 -4 78 61 121 -113 119 -83 -35 -127 25 -21 86 -84 -12 -45 125 89 72 -108 1 -36 -40 -83 -19 0 62 -12 -46 -127 109 124 120 -125 -11 66 -110 -122 -8 6 99 114 -90 21 126 91 84 -71 91 -70 -9 -78 -38 105 -5 27 9 -39 127 107 -78 -21 9 -23 -72 -107 -94 36 -8 -45 -78 -89 -1 -80 49 -29 -75 1 8 0 -121 7 -78 89 -10 -34 -105 2 -93 -1 42 121 -112 -8 -75 -5 -19 -31 7 91 44 -3 18 -23 -87 -7 -97
99 -26 -6 -96 -86 57 -51 -51 52 96 -21 14 43 30 -35 -20 -16 -90 20 -39 -97 91 75 -61 -57 65 40 54 -96 30 116 -40 -82 89 -121 -35 -39 -32 -67 38 17 -36 107 -12 -14 52 62 51 14 44 31 -85 62 92 44 124 -34 46 -124 -76 15 55 -87 -22 19 -93 92 77 -50 55 55 -29 -42 -116 72 62 44 -16 39 12 -9 -15 -36 65 -54 -37 -120 123 92 -18 -85 -124 119 -37 -125 1 -67 86 -74 -58 -102 -61 -118 -86 -102 34 -41 -114 76 78 -14 -18 -59 29 30 18 -80 -75 -36 -122 -73 -82 -42 32 -6 46 49 -79 70 110 8 -96 -43 -16 -12 -43 100 117 21 -115 111 -37 70 -109 54 -6 70 54 -128 72 -4 106 -101 -2 -43 -24 -38 -90 27 -6 12 -28 53 113 21 55 7 54 -51 99 -55 -45 -19 63 53 34 -89 -108 -85 -20 9 -36 -52 43 -61 115 57 29 39 107 -113 68
34 -87 -121 89 103 -45 -100 -69 79 19 -85 38 -128 -100 70 15 -113 31 -78 41 -116 6 7 -69 -87 -114 122 -67 72 -41 16 -7 -107 -49 54 -89 -23 -104 41 -25 37 -102 15 99 105 111 9 -114 -73 21 94 103 -67 1 77 -42 -30 -71 40 12 117 -36 -73 -1 62 98 6 -45 -57 59 -95 -5 -63 -121 -23 67 35 -25 -58 -40 56 -39 -3 109 79 14 -72 -115 13 86 -30 59 -48 -72 -125 122 22 19 46 14 95 -64 -54 -85 -8 59 -101 -6 34 110 124 88 47 -62 -43 37 113 -109 -70 53 -124 67 -105 -72 -11 -32 -42 98 114 115 -58 8 16 -102 38 123 -128 -58 108 73 72 -61 115 -119 -89 -7 -46 100 -118 40 -69 50 81 -89 -18 115 -33 -87 -21 -77 42 89 -95 8 -89 61 100 105 -28 -24 8 76 -13 -39 -73 2 16 35 7 78 14 -101 -94 107 45 124 30 -65 9 -54 38 113
78 -37 -16 -41 -66 -118 -76 -45 -28 44 64 18 0 -76 117 -16 33 16 76 6 71 -7 116 14 18 79 123 -99 -75 -16 26 10 29 -115 22 -81 -94 -13 29 -41 20 -125 -101 -32 -86 -75 -6 34 -102 -105 -87 101 -48 -90 67 -114 -126 53 -68 61 -1 -122 -102 63 109 75 92 86 -88 -57 30 -43 29 -36 96 7 -88 -6 24 102 81 -46 98 -113 -77 -78 -98 84 -83 -73 -71 -42 -39 23 -56 86 -53 -119 27 -73 -86 -86 8 101 22 -110 64 1 19 55 -27 24 -28 -43 93 -10 -121 -68 109 74 1 -41 -74 -89 -51 -47 -78 98 123 -100 -56 -36 -58 -85 -113 -93 -57 -116 38 93 33 99 42 -81 -119 69 68 64 83 -29 -4 43 74 99 -55 -17 82 -69 26 -92 -119 -45 -85 -126 27 123 28 -5 99 -39 6 35 1 75 103 -14 -86 -5 -42 -43 32 -41 -30 58 10 0 -55 -128 -86 33 -12 63
82 28 -36 -25 -103 -91 -34 -74 -4 33 76 59 32 126 2 7 -113 66 -100 33 49 34 7 109 37 94 -99 6 -74 21 -89 71 74 -124 13 67 74 8 63 -41 116 27 -61 93 4 -77 -70 71 -120 -35 -2 -58 -26 -111 79 -108 -33 117 27 33 -32 -100 105 4 56 -2 63 -90 88 53 -90 -122 -88 -80 -30 -24 -92 88 -39 -33 109 74 -65 -13 -36 -82 97 -113 -99 90 103 29 62 -61 123 -17 83 35 80 -95 84 -10 31 -32 -94 -11 -91 -7 -51 6 24 -123 33 82 105 107 -91 -91 59 -102 -94 24 68 -93 112 9 64 69 -109 -16 119 -41 -74 60 -82 -108 62 -6 -11 100 -1 62 -61 -69 -59 74 123 63 48 -55 -94 -46 -108 59 -98 90 -51 15 102 -127 87 -79 -19 -116 -105 -98 -118 9 -7 -39 -62 -33 -86 127 55 93 -106 79 33 -59 -38 -12 -21 -36 -59 -95 -46 -56 -73 81 8 -87
111 96 43 -58 -46 -3 114 -111 -77 40 -92 127 -8 70 101 3 -53 -74 -10 63 -124 -10 111 -27 43 4 95 97 29 -22 -43 -10 117 -62 -115 -16 -53 -88 -46 -76 -109 -27 78 -15 -6 102 68 -95 -118 -21 31 -108 121 75 118 100 32 -43 122 -68 -5 59 105 65 52 27 71 74 43 -18 -126 71 79 -119 -96 -12 -100 65 -111 44 118 -69 117 37 -20 104 -124 -3 -93 111 -113 45 19 81 -72 110 -37 -120 31 65 98 -34 -4 36 74 81 -29 7 80 -93 0 -17 52 69 -23 -25 105 53 -68 64 59 68 -121 -18 117 -104 91 106 -46 78 -55 -70 103 -49 64 -106 65 125 116 3 77 -12 -128 -105 -47 0 64 -105 -128 11 39 52 102 -31 -21 88 -54 -113 37 -110 -116 85 -121 82 -37 35 113 -12 35 -28 -45 25 -46 27 -57 53 10 -47 5 13 59 -31 56 -79 -126 17 97 80 101 -22 121 -17
-74 -15 36 51 30 -50 35 62 123 -6 74 -12 -24 -16 40 -80 92 2 122 16 102 85 -29 -27 -31 93 -59 47 29 10 76 -18 19 -109 -84 48 48 -1 36 17 113 48 -42 -48 -88 6 93 -119 -58 -68 -52 -57 96 21 -34 115 111 -16 -36 -42 -80 -123 -21 103 0 -8 -85 -112 -2 98 19 -104 50 108 -71 121 -123 -56 58 -110 9 -62 114 22 81 -79 -9 -101 -30 125 -46 -64 78 -60 -113 -49 -1 -80 84 121 -111 -59 -16 46 -58 -17 -50 69 23 110 3 77 -35 -64 69 -70 -25 121 102 -79 1 -108 107 59 -27 -102 122 117 11 -35 -102 -41 4 -14 6 42 -10 36 30 -42 3 -44 86 78 98 -101 -45 78 -64 92 -100 -98 39 -93 45 -91 -41 -52 -123 3 68 -110 56 -111 55 48 -115 91 -67 64 -34 -15 -123 -82 -75 16 121 -4 -101 -62 -21 4 -64 55 5 62 96 -94 26 53 -55 90
119 -83 114 -115 -14 -117 -25 39 -101 41 -27 121 0 -29 -1 83 59 -17 -99 63 96 -114 -80 -13 -59 -15 -65 20 -92 115 96 102 -114 23 -16 -92 -113 50 -93 -45 11 -72 13 123 6 109 70 -114 -48 124 -57 17 -62 -58 -36 52 72 -70 -96 -106 76 -116 100 121 2 126 -111 -110 -63 -7 5 -119 10 -122 -66 3 -39 114 -29 -31 41 -16 38 47 102 -53 -117 12 -65 -67 -19 73 92 93 -38 -7 -31 -108 87 -106 74 90 -37 -113 85 127 -46 -22 -114 -102 5 -107 -68 65 -83 120 -56 8 59 -66 -7 85 15 82 -73 -1 -110 101 -43 67 95 83 -108 106 47 -96 -120 57 94 112 11 -110 101 -86 -113 -43 21 -85 46 -38 60 60 -42 68 -74 -39 -128 84 -61 -120 -2 -26 -81 80 22 -71 -77 -13 -100 25 123 -113 -113 7 47 90 -80 -3 68 52 84 41 -47 77 -53 97 34 28 123 -14 60 -49
-10 12 101 42 -114 -87 -114 43 25 10 -49 -69 59 -89 -6 61 -24 110 -107 81 89 -31 121 -93 -7 -4 18 -83 -14 19 -56 101 -29 -8 91 -27 112 56 124 -12 -120 89 37 127 -13 18 63 -19 28 -23 39 -49 -75 85 -118 40 76 96 88 -29 -60 -47 -49 78 40 -108 119 18 -120 63 76 -63 -70 -62 60 -14 40 67 -53 41 13 -18 37 -127 52 -29 6 29 32 46 -11 71 -64 -59 126 -79 115 -76 87 -104 85 -6 -21 65 -87 20 -88 -23 42 68 -3 -5 -76 93 110 -124 116 2 -25 91 0 101 35 23 122 -11 -90 -49 26 -5 -85 -79 -128 18 10 51 -52 -105 -38 -68 -37 -83 -35 -30 -2 119 -99 98 -63 -46 7 -88 75 -25 99 21 -7 -62 92 7 -126 30 64 -115 -33 -88 0 -83 -12 -26 103 -98 41 -79 117 69 5 -123 -36 -4 -80 34 -122 64 115 -50 -116 -128 -13 86 -84 2
112 -51 117 -33 -76 -16 80 -52 89 100 -77 -27 -63 50 90 -5 49 82 -42 78 56 38 54 -62 51 56 38 -95 10 96 -105 41 -65 124 -40 116 113 115 -100 -26 -94 -110 24 -40 43 87 85 67 -128 -16 18 12 109 -93 -59 -108 51 -93 -97 -101 38 -16 -34 120 -44 22 -6 124 100 -35 -56 -54 68 -32 -68 2 -30 -15 -55 112 -57 17 -4 100 107 -90 98 -36 92 -33 62 -12 -46 -59 46 78 27 -86 -86 -126 -33 55 -38 14 -14 57 -10 92 -72 104 -103 43 -37 -110 -99 -101 -61 15 -55 -24 -107 67 107 12 -14 49 -20 45 45 -81 -90 -123 76 9 -28 46 20 -32 -34 -31 -74 60 30 92 -107 -91 78 -114 44 126 51 106 108 35 92 -4 5 -96 -76 -59 -96 -23 37 -49 -122 -127 77 -64 -82 -28 -77 21 -64 -44 -48 41 70 101 99 106 -91 61 28 81 75 -65 -110 71 -78 9 67 -118
-122 -33 -54 1 -71 -63 -70 -38 79 112 -78 92 -44 -50 33 -3 -33 -121 -83 5 29 21 28 -52 -4 -87 -57 -55 44 -87 80 55 60 59 62 -69 124 -115 60 -128 119 -17 -116 77 49 124 -115 32 39 -25 22 -89 -54 -14 -122 13 74 -13 55 -1 -26 37 2 19 52 6 -81 -47 -76 127 -43 -50 100 -86 76 89 -79 -103 72 37 -99 -29 -63 117 62 -19 4 110 83 109 126 -30 -21 17 68 83 104 60 68 -96 115 101 -76 91 6 -84 30 51 -25 12 29 -66 7 54 29 4 -97 1 -115 109 67 49 50 120 1 63 -8 95 -28 -8 38 -64 64 -66 -29 31 -34 -43 10 -1 -23 -43 41 -75 -13 113 -47 -4 -62 -12 -74 28 -40 77 77 -84 -117 120 -85 126 101 48 13 -45 48 -26 -98 125 121 9 35 106 108 6 -54 18 -120 -80 -75 -93 73 -77 1 -43 -100 12 6 98 96 32 -42 -4
59 -8 -77 71 26 -120 126 5 40 49 -120 -29 109 126 81 -70 27 -27 -125 124 18 25 -35 -33 -119 -84 96 66 -86 -20 -101 -85 -23 -104 -109 -38 82 12 30 36 -89 -47 -97 65 -12 99 -76 45 36 -27 113 -6 123 -111 13 83 -1 15 -101 24 -87 39 77 -124 110 -78 79 -77 -1 46 75 23 -28 59 -118 112 -34 -65 35 22 117 -66 28 -88 21 24 6 69 -11 116 19 -24 79 -62 -36 59 -97 72 -78 42 18 97 -121 -54 122 -74 -29 -11 64 106 87 -26 -25 55 -34 -106 -107 -113 -110 -102 21 71 31 -105 -16 11 -96 47 114 6 -52 -50 89 30 -81 24 -78 -95 -70 -12 33 -36 -61 -28 -85 -125 76 78 27 -77 103 53 -51 -79 -105 37 65 69 86 74 -108 -89 57 -73 -117 107 -25 31 -108 -34 25 91 -106 -84 39 77 -42 42 -57 48 2 54 39 -31 97 -114 78 -96 88 -26 -119 -99
-9 7 85 -16 27 -12 -49 -40 -65 -111 -48 -55 82 3 6 -43 -23 -72 35 62 -33 -117 97 -10 -51 -61 -54 -66 -124 68 -127 -77 -29 -55 56 59 -115 2 -103 97 -68 -24 12 48 -8 0 -115 57 47 -102 -30 -31 -67 78 17 -31 86 -72 -2 80 -53 -44 15 111 -56 39 -116 -22 24 -30 -116 68 -11 -63 -37 -128 -127 -110 -35 -86 82 37 -62 88 -115 124 -35 -114 -1 19 77 51 16 10 -87 46 -22 -7 78 -111 -103 126 -117 38 -44 -30 -99 -69 -112 -8 -7 -77 83 -78 -26 73 -119 -35 -99 44 42 -8 75 -110 -110 -54 -34 59 118 -8 -85 127 108 43 -81 -32 71 0 -53 -102 -35 -26 106 -15 -121 -53 108 -104 -124 -87 -40 13 -80 50 -47 19 123 72 54 -19 44 -76 -71 126 4 -85 124 -43 -101 -102 123 -37 -102 -75 117 -89 -119 42 6 -101 29 73 -59 -50 -49 -18 70 -14 -43 -91 106 -64
-34 70 -43 -63 -13 84 109 29 34 48 -103 -21 -20 -84 -91 -124 -120 52 -6 93 -92 -32 90 -128 -30 45 -114 -85 -106 -47 17 -105 -125 -57 106 76 67 85 -86 56 74 30 15 98 17 -28 -40 40 -93 44 -43 66 111 -62 83 -44 -96 90 -102 -111 37 -34 -36 -116 10 -12 68 17 -112 -97 -120 -20 -1 41 -94 -114 110 -45 77 63 -123 -95 -11 62 -90 -115 -37 -35 -18 -19 124 -54 2 73 97 108 7 -62 92 65 106 -23 -21 -80 61 -44 21 -10 109 51 39 -3 49 -60 -44 -49 -75 108 -64 35 -122 100 114 -10 32 -3 -29 103 -15 -28 48 -128 -1 82 -12 -117 -111 -98 -65 -36 113 123 -31 -100 96 -127 -83 53 62 89 81 -7 125 -94 -65 -127 -55 64 -55 48 67 26 112 -108 106 44 93 68 -35 66 -34 -80 -61 107 61 41 11 126 26 115 0 30 39 74 -5 -128 46 113 118 116 106 -41
104 45 67 -57 -24 -49 -59 32 39 -77 -99 125 81 -109 96 2 -101 -62 101 91 4 -105 -7 -81 74 74 57 42 -119 87 105 121 45 33 -69 52 -96 121 31 7 63 -91 45 118 -65 117 -59 -80 95 22 -114 -107 55 -108 85 -20 -80 -111 -18 106 108 -70 34 -115 -91 -120 84 -100 61 -69 -39 -34 53 101 78 -124 109 -9 -116 69 107 43 7 37 2 -75 4 30 58 -74 -128 -96 -114 111 98 -10 53 81 -117 -53 -22 -72 -7 103 30 -38 -88 -48 -49 -78 90 -5 113 -84 4 -61 89 -9 39 77 82 -62 -39 -70 55 3 116 -105 26 89 -11 123 27 119 -102 39 -103 -3 115 -77 -21 51 -55 5 -23 -33 -43 34 -116 -32 45 6 68 -120 -119 29 69 -51 -51 104 106 9 63 -118 -69 15 103 -25 -75 -57 34 95 105 -118 33 -111 8 84 -82 26 110 -32 117 -54 125 -111 34 -50 -24 72 -13 -115
71 32 6 -121 84 -46 -97 -102 -47 -121 43 -70 -22 21 92 -19 -55 -26 47 78 127 50 122 -49 117 21 53 -25 26 109 -86 46 24 -58 26 -119 45 54 -21 -22 -23 50 -34 -74 13 49 58 95 84 76 99 -121 -62 99 -64 76 38 -122 6 -52 76 57 81 -14 -56 -56 82 -116 -82 -117 -108 17 -52 -10 -50 -9 95 -56 -3 21 115 26 33 -110 -117 112 -47 57 -66 -119 -55 72 -110 120 -28 85 -26 111 38 -21 -117 -51 21 -53 75 -90 -38 -1 27 69 56 56 -97 72 14 -89 40 -52 -80 -9 101 122 -61 22 109 -56 -121 22 -2 31 19 27 124 -3 95 -30 -67 82 66 -48 44 106 125 -11 97 29 -58 -5 -102 -44 -22 81 -120 -57 -97 -37 -105 -127 -48 -19 -52 38 46 -17 120 -97 13 6 96 48 -83 -107 111 -96 -55 116 -100 -46 85 -53 -54 23 94 24 107 -108 50 60 3 -71 -26 111
-62 127 -63 -71 -1 -105 25 75 -31 111 81 52 77 46 12 -91 -123 85 6 29 -16 -77 10 88 -90 -66 -74 -108 -7 52 -36 -46 4 17 -89 -1 -47 -107 1 57 25 127 117 121 66 -7 23 79 36 -25 8 21 95 -58 63 -42 12 2 2 18 -59 6 87 79 57 45 12 90 -56 32 -94 -87 81 -112 -40 -110 -113 -99 20 58 60 43 39 98 -12 122 -116 28 122 83 107 110 87 43 62 44 8 -53 -21 -19 61 -68 -41 49 94 -108 -91 -13 64 -93 91 -88 58 -123 -44 87 59 -17 27 70 11 52 -79 81 13 -107 -111 74 102 37 91 -18 -43 -35 3 47 46 -94 30 -50 -96 -87 42 54 -102 -13 90 58 -14 -80 -90 55 123 52 18 -75 102 -94 94 108 -76 91 101 123 -125 -18 111 -63 -113 42 -78 67 -24 -56 -6 -58 63 -104 -82 -60 37 -115 -51 -73 -110 108 -84 99 29 81 -12 -51
83 -41 113 -50 56 123 -74 -76 68 -95 -43 -101 -91 -118 88 -74 69 -20 4 67 -16 -116 -126 -5 116 4 90 98 -78 -111 96 51 119 -96 -55 -103 35 -1 78 -62 92 106 105 38 -20 117 79 -74 38 -76 79 -70 -30 48 51 -3 -70 -46 81 18 -70 -62 6 -123 9 -74 69 12 4 15 45 -93 -34 -44 84 61 110 -21 18 -115 -112 -3 -72 -43 63 -32 -92 -29 126 113 -100 105 20 42 43 -41 -16 66 -68 -85 -63 117 -35 -20 33 -114 126 -65 14 -106 -123 -111 120 -25 -5 -119 -41 34 107 -128 108 -26 1 -36 -102 -43 -51 -110 -26 -47 116 -107 -113 -122 69 -108 123 -63 7 -8 7 108 -26 -24 116 28 121 14 -84 34 -49 -94 2 82 17 -33 64 -119 -114 77 -68 -78 18 -87 -72 16 119 24 94 -45 9 -91 -22 -44 65 -94 112 11 -49 24 35 12 -49 -98 -69 -49 -31 -32 -3 87 -57 68
-44 -23 72 41 95 -59 -38 107 28 89 -58 118 77 5 -85 96 43 -60 97 110 24 -115 -51 105 -30 77 35 -98 123 8 3 -3 57 1 -58 -35 84 -55 -61 48 17 73 -40 -73 11 -31 127 -117 49 102 -48 73 -122 -94 -75 1 47 -112 27 -114 84 -82 43 -94 -23 -108 -15 -9 49 36 114 -48 -118 111 13 -115 -87 -95 -46 77 15 120 14 -63 36 -84 125 43 104 33 39 39 125 -96 28 -38 -107 -2 5 99 108 112 67 -125 107 -126 -59 83 107 -97 -83 -112 19 47 -86 -125 10 21 41 -54 -45 -29 -76 50 -80 -114 -43 -25 11 62 -128 60 -2 -68 -111 41 11 -89 -10 11 -91 -116 57 -24 30 -10 102 -54 41 -52 15 19 -59 -46 -124 -21 92 69 -119 5 21 -57 -112 83 -3 55 -83 87 10 -8 90 -3 -51 34 -114 -6 106 14 104 -9 -28 -8 57 -88 19 -11 -35 34 -6 -124 -88 -5
-92 125 41 -85 -41 -42 -104 24 112 -59 -99 75 69 25 3 -5 -35 -43 -22 -96 -81 51 -107 14 72 -86 -45 69 -73 45 -55 -19 -24 -38 -93 -3 -5 -68 -20 102 -125 -3 -72 -82 -90 62 -126 104 67 40 -97 30 13 -116 93 38 88 -104 74 -68 8 14 -105 -125 104 87 -78 -101 69 -16 113 -4 -9 6 -46 46 -28 116 93 127 70 -109 -80 87 57 22 -101 -90 -53 -100 -26 8 -91 109 51 120 8 122 33 -2 62 15 84 52 -83 127 -58 56 -46 -67 121 -62 -104 -21 49 44 -83 70 -33 119 72 92 -120 17 19 81 112 -49 79 -21 -42 93 -91 -47 -72 -7 -46 -28 58 118 119 61 -1 -118 91 116 84 100 -117 57 -11 -20 -100 -3 8 -2 90 35 -81 -69 118 93 -72 -69 94 -125 -18 1 18 -100 87 64 86 83 -4 44 -23 27 23 78 -112 -109 -124 63 54 12 -58 -109 -77 -1 -119 118
120 -18 16 115 -95 -70 -88 -49 5 125 -53 -52 -12 -64 85 18 96 -118 98 -6 9 -1 -79 88 -111 -39 -62 61 35 -127 18 72 -102 -109 116 -101 45 -39 82 -16 83 73 88 21 -68 -46 116 16 -59 22 -57 99 59 30 1 92 23 104 121 -65 -91 89 78 27 122 86 -112 -84 31 -126 -20 -92 -2 58 67 16 4 113 -95 15 -93 -67 60 15 -2 -107 104 -99 -105 39 32 73 -57 -38 74 68 59 22 40 44 44 57 58 -26 76 52 40 -47 -38 -60 44 85 32 -80 -62 -119 52 -21 107 26 -61 -25 -113 -125 -116 19 -109 51 54 21 21 -79 -97 43 -93 11 6 21 -49 -78 -51 86 12 -105 30 -89 89 34 -51 -86 -84 -69 -40 -80 107 26 -7 102 77 -44 -60 -65 95 -38 -96 -108 -103 61 -53 13 107 91 12 36 3 73 -37 87 -124 -120 6 -67 -26 -103 64 103 -37 63 46 -105 63 -122
64 96 -32 13 101 -31 -97 -94 114 -88 24 124 -12 -120 73 55 -67 -30 -85 97 -78 103 94 27 -112 23 -71 -77 120 -78 -45 27 82 -128 76 98 100 82 -9 -79 111 -104 -25 -66 63 44 -30 -40 -122 -120 -89 -1 12 -120 71 37 -28 99 4 -98 -83 92 -41 -77 -32 7 -10 108 -96 -83 38 -106 -74 -37 -91 120 -97 -104 57 57 100 -44 89 -116 122 -62 38 -14 -9 -46 -10 72 61 -66 9 -102 -49 42 -49 87 -33 -30 87 32 -12 -55 2 -28 -55 51 108 -17 -5 12 64 72 2 -78 -40 52 -29 65 76 73 -65 -51 24 -27 -101 83 57 -110 119 110 -15 28 -48 -69 -40 -61 18 -75 -58 -5 27 37 -104 59 60 20 126 -113 112 -100 -54 -88 29 71 -82 29 -13 -58 -102 16 46 -78 -60 -96 -54 89 76 -107 113 -44 -112 64 -112 -11 91 40 -68 -80 71 -80 -53 43 49 9 92 53 -67 21
90 -66 103 14 40 32 43 -12 90 94 -13 -111 23 -66 110 117 -91 -96 -92 -32 50 -32 127 -89 126 89 -13 -45 -111 123 -93 -102 -35 -28 32 -79 -1 -88 -59 -38 -92 -72 83 -39 -100 -86 -106 -28 -117 -40 -6 -93 62 44 53 55 -9 -124 65 -106 -72 22 62 -30 125 -114 -18 -76 18 84 -52 10 72 113 -17 -39 42 -94 3 -15 -26 -11 -52 3 65 -46 -98 -26 -25 -95 9 45 -12 15 -109 -43 -34 -111 27 -24 -124 -71 -103 -109 -43 -121 79 60 -80 -16 -78 -78 27 -35 2 -13 -98 22 -92 -124 -34 61 102 -19 106 -48 28 -3 115 -105 20 -54 -97 -96 101 5 25 107 54 -26 -98 127 43 125 113 -48 -127 -35 -66 26 65 -106 -53 76 106 -38 -6 -84 -118 4 -11 102 18 -76 -109 84 -44 -91 -44 -12 -102 88 123 67 -9 20 -72 83 -47 -62 -81 -119 18 89 3 82 -22 -4 120 109 22 52
-81 -13 -114 68 0 -76 33 -124 -100 105 -116 -95 13 -73 52 -21 -78 -29 0 115 -26 112 -93 83 68 -92 38 -63 -37 -1 -121 21 72 18 -52 29 116 122 5 89 -43 -50 13 23 -62 -106 -105 -37 13 121 -4 -105 -111 80 98 -128 72 74 -98 -27 -120 -6 45 98 -1 -101 11 91 -68 -90 -65 -9 -10 30 37 -116 -16 121 -72 -119 36 -28 -76 21 -60 63 122 12 59 19 48 62 50 7 75 -2 65 -71 48 -70 17 73 -62 36 -32 99 -78 98 100 -86 25 37 -126 -124 102 -41 -92 88 93 71 12 103 4 47 -56 11 -78 -19 110 88 -10 28 88 6 -61 5 59 -66 -128 -33 -105 121 56 -81 -13 118 124 -12 40 126 -20 77 33 109 -126 -49 36 -69 55 -66 -28 -12 74 11 81 -103 63 -32 35 56 35 -117 37 97 -34 26 -75 -47 -84 43 36 -73 12 -116 82 -8 48 -33 -71 85 -5 17
-53 112 -124 10 19 46 11 88 -38 -27 -112 -47 -84 -17 -11 -24 117 -75 73 11 4 -86 70 -14 -126 108 126 -14 70 -113 5 -128 64 101 -115 -87 -122 -101 -42 51 -19 64 -83 -100 12 106 1 -113 22 -102 80 112 -121 -31 -100 -13 -103 -82 -53 -7 48 -6 74 -39 -92 110 104 -66 10 18 70 81 -49 105 79 -109 94 23 116 95 101 -102 -91 -65 -85 54 -9 121 -8 59 19 -87 123 -80 -4 88 115 57 -114 -78 49 53 46 74 11 -109 4 -90 23 -125 82 93 116 -45 -52 64 -119 -82 12 38 -33 20 23 -54 -15 -21 123 -74 -120 -104 25 -44 -16 -95 85 118 -36 44 48 83 72 -39 100 -39 63 20 -66 -126 30 -72 -22 -87 -120 27 60 -32 -128 -118 -52 -107 -123 113 97 37 -95 -18 84 19 -18 -68 39 -123 14 17 32 -28 -63 -97 -21 39 -125 -122 -119 17 44 117 -99 -1 46 118 49 81
36 -62 58 -32 -85 89 41 -31 116 114 108 -83 17 59 109 -108 -107 -32 -103 102 53 -10 7 -37 25 -90 -117 83 59 -57 -11 -27 -9 -82 127 52 72 99 19 15 -93 23 -89 71 2 -98 105 -11 -62 -36 -101 -88 -100 41 -101 67 108 36 -38 79 -118 59 67 40 94 83 -104 -48 -20 39 55 -12 -97 117 -100 60 -79 26 12 27 -26 -92 -123 -39 47 -33 118 -75 113 56 55 68 68 -39 -110 18 116 -68 119 96 73 -8 -63 96 -49 -60 23 9 29 111 80 87 22 65 -35 44 71 32 -115 67 -36 -96 -53 108 -57 -25 -115 -120 -49 15 -62 121 -54 -53 23 58 47 2 80 94 -88 56 -58 -111 98 -112 43 -81 -30 121 -83 75 -118 -118 -26 -86 -62 99 121 0 28 -7 92 -114 -17 -121 99 40 120 -31 -68 88 -17 40 90 -31 54 38 94 7 75 48 61 -84 -98 21 -105 -52 42 -106 -26 114
-119 -91 -4 64 -53 20 50 5 -73 106 14 -104 74 -75 63 55 79 30 35 16 69 110 37 -106 -51 -56 122 37 -122 110 -59 -92 49 28 -20 116 -56 43 -78 -113 -104 35 -59 -61 -104 -68 -82 113 29 75 88 -50 -34 74 86 120 36 -115 78 27 -98 67 58 -14 58 -20 -22 5 -95 -94 11 34 -10 -10 53 -105 119 -7 5 -53 -7 82 -103 -125 -34 16 2 -9 -31 82 -127 116 -67 47 -8 -113 -80 -49 -71 92 -53 -14 -9 -58 120 -126 -36 45 -11 71 49 -87 -38 99 -56 -23 -37 -68 -83 -15 -48 85 -108 70 -53 12 70 55 110 11 102 31 117 118 15 106 -54 -61 34 -89 -58 -75 -113 38 -118 -48 -62 35 -28 -96 -50 -63 -19 -13 104 -9 -72 67 123 -25 88 -101 -87 -65 -34 -19 -88 -29 -14 65 101 121 23 -36 -16 120 7 40 -13 102 -75 -122 -77 49 113 -76 7 70 -37 -5 -122 -55
23 84 32 25 3 -105 -59 -97 108 -98 -119 -51 99 71 -59 -60 -127 26 -111 -24 -61 -90 29 -107 7 -56 -30 -46 26 -7 86 -22 71 -86 98 124 32 72 68 -53 70 -119 -11 94 -78 116 -53 -58 -38 -72 -102 96 -112 31 79 -20 -66 -99 -106 -121 -102 -127 51 -41 81 -78 -83 -7 -5 25 -68 35 40 -57 86 23 26 45 102 10 -124 -30 84 -53 104 -70 -126 -79 -85 90 85 117 97 -87 51 22 -111 16 -42 -3 -4 14 118 -104 -27 -25 -85 45 18 -109 -23 -66 -44 113 51 -33 119 -125 124 30 127 4 115 50 -9 113 85 103 -28 28 103 12 -89 28 94 115 -118 -40 125 -16 88 33 -100 -126 -12 -100 55 -98 -19 -4 13 -48 52 -117 47 21 -40 76 115 -26 -58 -89 -68 -46 -68 -106 54 80 45 -21 -63 79 26 -86 60 -45 116 -53 -92 -14 -61 -122 -60 -68 -127 52 111 4 52 -65 -56 84
-16 34 31 -85 20 93 -93 87 30 -108 24 16 72 -119 -127 93 49 66 -99 -10 121 -27 -122 -67 101 -94 60 122 120 -49 -68 77 104 34 72 -105 104 -25 67 42 97 81 0 18 25 -127 85 -82 -6 -4 -12 3 -53 93 108 47 85 99 -99 -20 -91 -59 3 -96 -46 -74 -52 105 51 9 127 -109 -13 -120 3 -111 126 108 -4 -88 127 -90 122 -13 16 28 48 79 75 -75 72 -42 -85 119 -2 81 74 32 -114 -68 -23 -72 7 63 -114 -78 69 -70 36 -115 -71 59 85 -19 -12 88 -25 -17 9 -115 -59 114 50 2 -24 119 38 21 -27 -85 34 -79 12 101 -68 118 -52 29 117 -42 20 -17 -68 56 48 -65 5 22 4 -57 -126 -23 -95 32 70 76 -89 -63 120 -107 82 -99 -21 -72 -18 75 -21 28 32 -89 68 -94 -127 -82 5 -99 60 -1 -15 10 -51 23 -67 -36 -63 45 -97 4 -64 108 -45 36
-5 64 80 43 77 51 -77 97 83 8 113 -59 -128 33 -96 75 -78 61 27 110 -26 55 69 -121 -118 -77 -47 -20 -35 -95 39 32 97 46 15 -65 -91 -71 30 3 2 79 82 -46 -101 -106 109 43 -15 76 14 50 94 108 -38 1 -85 107 -6 24 78 29 86 -104 -66 -20 -84 -82 31 39 25 -84 17 42 -61 125 3 66 -29 83 -56 38 -22 50 96 108 -113 12 26 45 -103 -78 6 8 82 19 -6 81 -59 73 -114 -126 82 88 79 -35 -100 88 121 16 18 14 -116 -70 37 50 -11 60 101 79 -70 15 -115 45 35 -5 40 -24 71 46 73 127 -97 -82 100 24 -81 123 103 -2 -102 -108 43 -65 -128 -92 -46 -123 49 13 -112 123 -5 61 -122 118 -81 -97 80 -27 -127 35 -40 122 -45 127 93 -87 110 70 67 -8 -123 -106 65 -61 49 33 -6 -117 -63 -118 114 -125 94 96 17 87 62 -75 53 51
-37 -69 119 -57 -109 -50 -87 79 3 -88 -33 7 -48 93 -94 11 113 -125 -46 -46 62 27 36 8 -9 -8 118 107 -94 70 -50 20 -71 -64 124 -37 68 -43 -1 -96 15 -96 -4 124 88 75 39 33 -48 22 -80 8 -96 -45 -60 20 -34 -16 -20 -90 -29 5 80 -81 97 108 -123 -117 -7 -90 89 -68 -54 -109 70 -121 -127 70 -4 121 5 66 57 38 80 67 75 -114 38 -17 122 -2 121 52 -79 -108 4 26 120 64 -9 95 -41 -114 40 -125 -55 -57 -10 -45 109 40 -51 122 -15 -101 118 -10 96 13 -14 107 2 -1 -106 17 73 125 25 100 60 -4 -61 90 -60 -69 -18 47 -97 6 -4 -82 -37 86 -88 -42 -22 -29 124 -98 119 -37 20 86 -41 23 -69 -6 98 2 -26 -55 55 1 65 58 -118 -39 -103 119 -96 34 -94 7 -47 67 -47 -91 50 -35 -95 97 -24 23 98 -44 -114 83 62 -103 -1 -58
-28 -16 -24 -44 93 -45 114 -64 -66 81 -9 57 -46 -62 -105 67 -29 -118 123 117 -12 54 -75 -66 -85 9 42 40 -20 -1 -121 76 93 -80 39 90 -31 25 -5 127 34 95 110 -54 127 -80 92 119 93 21 -83 76 -3 -117 58 94 -44 52 60 37 96 -100 14 -123 84 115 -51 94 -10 47 117 81 69 -100 99 -30 -116 10 115 91 -66 35 -87 -71 57 -21 91 80 41 2 -27 -124 40 -56 92 105 -119 3 -76 22 90 58 -80 -41 -97 11 68 -58 66 44 37 -69 8 -91 109 45 -17 -118 119 41 91 -22 1 -38 -45 -26 89 104 1 12 51 67 70 101 -126 53 -60 -65 115 29 -56 -99 -72 -85 7 -16 -31 3 61 -44 -95 -78 99 -39 101 -2 110 -60 42 104 -87 112 -83 -126 -62 -68 -105 -30 77 -87 -11 -74 -36 57 102 94 103 16 69 96 -8 -2 -88 38 -50 -76 81 -90 -51 -17 86 63
-14 -108 104 -9 -30 69 56 40 -44 117 -59 8 31 34 -68 13 111 -9 98 52 -117 53 -113 -55 93 -93 -23 52 -34 -47 119 -51 22 -44 -63 38 84 102 24 -25 25 66 -101 -88 -40 -59 23 93 -123 -6 -47 -89 -50 4 75 42 97 -122 -71 -55 93 67 -41 107 -119 92 98 47 -71 -84 46 6 77 25 85 68 -46 113 111 58 -18 -10 -6 123 -11 104 58 105 109 -39 -68 -107 -107 -34 30 -60 79 -16 -52 -13 -70 115 91 -125 50 -58 120 114 35 32 -66 -81 -118 123 -96 -25 -41 -11 -112 28 -28 43 65 -83 52 35 45 1 53 -83 42 107 -109 101 -57 -25 -28 -122 -15 63 -9 59 110 126 -89 -93 66 -49 -38 3 -124 -45 124 88 -118 -8 68 -20 -18 -27 -100 109 -119 -116 125 -67 84 -104 36 25 -30 -66 -85 -128 -127 37 80 114 -84 118 -68 -128 75 -78 50 -88 -31 -23 84 33 -48 106
11 -57 -92 -118 92 -99 -9 124 -87 -44 89 -93 49 24 12 -94 64 122 33 -96 -76 22 107 45 6 50 -60 91 47 81 -28 104 55 -99 -123 -121 -62 113 -68 116 -40 -18 48 79 -100 -106 31 43 -56 43 65 -33 -51 -14 -3 -123 36 -37 84 -59 -47 43 77 -94 14 -46 15 -114 15 -56 71 96 -116 -126 70 -93 85 -49 -66 -46 -125 -37 -53 20 -23 102 47 -27 -85 -32 103 107 -42 -6 51 2 -21 98 66 -124 67 -1 -15 31 -73 -88 117 -123 3 92 38 110 93 54 59 90 45 6 7 -59 -117 112 124 118 5 30 -56 104 53 49 70 59 -35 -57 -101 -34 -113 -68 -116 -41 -40 22 116 -115 -89 80 30 120 -74 -85 -64 76 93 -111 7 -92 75 18 127 -16 -62 -39 91 10 -126 15 1 92 -47 82 9 71 -8 -114 -3 90 -124 -59 29 65 -123 -107 56 -5 8 -117 -13 -51 -73 127 -55 -45
78 117 -118 -124 -114 -100 103 -97 92 15 36 -83 64 7 5 17 102 -55 59 113 -118 2 -83 28 -71 119 -30 -78 89 73 -76 107 -98 -41 -4 121 86 -116 54 20 109 79 47 119 84 -47 -19 56 -85 4 80 -118 47 84 16 -10 115 54 41 89 43 39 119 112 111 52 -4 92 -86 22 7 -111 -37 -101 -127 44 -31 77 -66 -49 -74 73 -73 -64 -53 69 89 101 66 -59 107 95 -87 17 -108 -56 -78 93 102 26 58 -54 49 -27 10 105 -44 98 83 -44 -15 66 29 74 39 -47 -72 -62 43 94 45 100 33 48 -101 -79 -35 73 -29 -112 46 -42 -128 61 113 -52 67 -103 112 120 24 112 5 25 109 -121 2 -114 -115 -85 -127 93 10 -51 119 105 -87 -12 -48 84 -75 -57 2 -37 -45 -61 123 30 42 -105 -42 15 53 23 -49 -17 -9 98 40 -103 87 24 -102 -111 35 -44 35 50 119 74 58 70
27 -99 -37 -114 27 125 -60 107 -68 48 -36 106 -60 -96 79 16 54 -22 -49 127 13 -4 38 41 41 -45 82 -91 -90 -7 -22 -96 -45 5 31 76 23 -82 -33 65 -64 -4 -25 -55 64 -8 76 -49 -89 102 -77 123 112 121 34 126 -39 -57 -61 -99 39 -48 41 -37 94 -99 -88 97 -61 86 70 -18 -86 -120 -82 82 -18 103 -81 47 -79 -53 -74 -105 -39 -32 -92 -75 98 -64 26 -78 -69 -80 -128 -9 -125 49 79 124 -22 90 -58 100 -102 -36 -55 69 93 -106 -12 20 18 12 105 -43 -99 99 -91 -107 32 81 -56 -127 115 -4 -12 -90 82 106 89 105 109 125 35 26 61 79 -27 -23 127 -69 -13 88 2 1 19 -36 60 125 83 -24 -103 41 63 -112 -86 -101 74 -15 -27 -44 52 -77 -25 53 -98 -71 -23 85 54 -95 -36 -93 37 37 -92 124 73 36 -102 25 89 81 71 -121 -100 20 2 -49 -32 -60
29 -59 -59 98 -59 -44 122 -126 79 -95 -69 121 -73 -35 -102 37 -7 8 39 87 15 19 -14 -115 -91 126 125 58 82 122 -74 10 -111 94 116 -58 119 44 2 115 84 83 -4 -101 -73 42 119 35 -106 -117 -114 -66 93 -106 -96 -125 6 72 -92 59 89 97 -95 -95 31 -4 85 -70 -9 -79 -66 -22 87 -111 -120 66 44 -124 -68 18 -115 50 -89 75 -110 -98 -15 -96 -73 -102 38 110 14 110 -2 -45 87 50 41 46 -45 97 -66 4 -109 125 18 84 -114 120 103 -51 -99 -73 42 121 -95 -14 -84 16 -115 117 117 3 -15 -58 -89 -102 54 -45 -64 -12 -3 46 -36 17 52 6 18 -47 8 118 -16 -51 95 18 -128 -78 35 -99 23 -118 -39 -45 -34 -128 -115 112 0 125 -113 2 -53 18 82 -43 8 3 -6 -127 77 32 -42 -29 87 -29 -4 111 -95 95 -105 122 23 31 102 51 -72 -42 -128 -52 -119 76
-75 108 91 -62 -71 -82 -106 127 -79 -66 -124 -127 107 123 43 106 15 -1 -49 -46 1 112 29 -37 -106 4 -92 -84 21 81 35 126 66 -10 108 -126 17 -67 -64 -75 11 -105 -98 -52 79 93 18 -84 -99 18 -2 -74 -59 -64 -73 -52 25 -124 -123 -13 -77 109 33 -101 116 79 3 -9 -39 30 -92 122 116 57 -121 -66 -92 -78 -56 -58 -84 -118 107 -33 -79 -79 -94 15 -118 2 86 47 92 -21 -85 35 -76 -93 91 97 37 82 -91 3 -11 -86 71 114 -74 13 101 -104 -56 -107 2 -106 -78 38 83 -108 73 23 -128 -58 111 -76 59 -91 -84 -35 5 7 -71 -113 -15 -19 45 54 -15 9 -13 52 -107 127 1 45 48 84 78 -10 -28 88 -23 -119 -85 -127 41 117 -18 -57 -109 16 -126 32 89 13 -36 115 52 88 31 -63 -5 32 106 -85 -73 10 90 -87 37 -105 -32 14 105 67 8 86 -81 95 -75 -114
106 72 -56 45 111 42 -13 83 -21 67 120 -5 -89 -55 -72 -88 -33 -44 67 57 -114 40 -13 66 -1 67 126 -120 -62 126 -77 67 87 -119 91 -56 -59 115 -98 89 -67 68 -9 -59 14 8 122 -125 83 43 -53 -87 63 91 -1 11 -6 -106 104 -94 127 113 -16 44 4 -98 -48 -20 -54 -83 -23 -11 121 52 32 84 -116 62 1 47 -57 -2 -99 89 5 -41 -61 99 70 33 -76 28 25 100 50 48 17 -79 -107 9 53 77 16 88 -47 23 -60 72 -79 -32 -70 67 72 14 -93 -125 126 -120 55 35 5 117 57 -57 108 -89 46 75 -90 -68 45 -128 97 -126 -122 22 89 49 53 62 13 -53 -31 -127 -11 -20 -54 121 123 101 -108 -52 52 -95 -54 8 43 -126 2 -63 15 100 -1 97 30 -109 13 48 69 -116 13 -80 69 -66 85 101 37 77 71 37 21 -81 -126 49 -31 34 -55 76 99 -126 93 15
127 120 -99 1 35 -99 -119 35 3 78 -16 99 60 68 -121 -107 -57 -116 89 -72 96 84 -52 -104 -27 -16 -28 47 109 110 80 -103 -77 -70 -67 -59 -70 11 93 26 -3 -24 17 59 98 8 66 29 -6 -70 11 63 76 33 -51 55 -19 -99 6 79 52 79 -91 -102 58 -17 -30 60 77 13 62 55 -25 -50 112 -43 -88 38 -17 100 -119 60 -18 3 -33 -17 115 20 -18 -27 15 32 83 -66 -2 -33 -52 54 -47 6 72 115 12 -31 81 -47 -91 87 78 -67 114 -121 81 -97 -23 -127 -21 -51 16 -116 -75 -126 124 68 -64 -76 -8 -59 84 -40 -35 14 -51 -126 -96 36 23 86 70 -115 -11 3 70 41 -71 -63 -40 114 -92 78 107 125 -41 -105 -122 109 -64 12 78 93 21 -120 -124 43 -86 75 -67 -91 39 -85 4 -76 105 -41 121 -80 47 -110 -66 -25 -106 63 -109 67 104 96 -122 -8 25 26 -101 58
46 86 7 -42 -114 8 79 -33 24 -64 88 -6 126 115 110 -105 -22 94 -78 -37 -72 103 -112 -106 70 20 -46 -20 -97 -43 -87 -87 -111 20 5 9 96 60 47 -31 -79 34 91 -25 123 99 -4 125 -43 84 -98 2 -34 81 41 118 -53 57 72 -8 -124 45 -27 14 96 -54 108 -78 81 -14 -90 59 -52 -31 -119 -116 120 11 111 114 -20 23 -84 42 -51 99 -69 -59 124 -107 112 92 -109 2 -1 -82 -38 -48 123 -39 3 -8 -52 -114 66 6 -119 -93 117 -40 20 -121 -101 39 33 28 33 35 106 85 -70 -82 -76 26 34 -29 41 46 -3 -34 114 101 99 -78 100 -53 71 116 -114 57 -8 41 -42 96 98 -13 52 -10 -11 -105 -58 -14 27 -69 61 60 26 -51 -36 -96 109 109 72 -102 -100 -85 -36 111 -113 6 0 3 30 -101 -104 112 11 26 89 -103 -90 119 47 -55 -95 -86 39 29 26 22 -10 102
-126 73 -73 29 -66 -29 -28 40 -47 43 75 -30 22 93 3 -75 -6 15 98 -122 51 92 95 -56 -14 78 -103 124 -43 7 -39 96 -110 -121 -29 -59 79 -83 72 -51 -120 12 118 -85 27 -97 -60 70 -5 -69 -25 113 94 -53 -1 -33 -3 110 30 -96 -70 -122 93 -55 35 -69 74 -125 -71 -33 68 -40 -12 -76 123 54 92 -65 86 -61 -107 -32 56 72 99 72 95 -98 124 62 115 23 99 103 -72 27 11 92 96 79 -105 -90 -124 76 -86 -67 -127 42 18 -101 57 87 116 90 77 -52 -80 10 -29 -113 -88 -105 -43 -26 -22 116 -83 -1 124 48 -30 -75 52 -115 39 -128 -96 35 84 -96 7 -113 -102 90 -69 12 -88 -43 -93 -2 -29 -43 32 101 77 -6 -82 -38 22 -101 -72 53 23 21 11 100 50 -58 29 61 -42 -56 8 4 -31 -8 28 -72 -109 -30 -76 92 -45 111 114 43 1 17 -81 -91 88 -6
-13 73 -8 104 -29 86 -79 113 64 -31 74 56 -125 -82 -94 -118 62 -12 -7 51 -25 -55 7 31 -32 -22 35 81 -37 -53 32 24 -99 55 23 44 22 57 -93 -37 114 29 -56 64 -12 -86 74 97 33 127 99 4 -10 -101 -27 38 -63 113 -37 54 97 -105 -86 -1 25 106 11 -104 74 96 -59 100 112 -17 5 -63 -43 6 5 -7 -42 84 -31 -55 85 -14 -3 -37 -86 79 29 -16 -48 99 125 -50 -25 -112 -19 26 52 -82 29 1 3 61 -57 4 -94 126 -59 -114 -89 -113 111 3 -24 -96 12 106 123 30 33 -23 93 22 -75 -114 33 96 -74 -29 -67 -122 -121 113 -21 -6 -116 -49 42 -95 -48 -108 -22 -86 58 89 78 -17 -25 -38 102 21 46 -109 -57 57 -33 -70 114 13 -38 46 24 43 -28 81 -79 -43 -96 -41 -95 -27 -2 -5 -102 98 119 -125 -115 98 -10 19 0 -50 -117 -22 -122 24 107 -112
-76 67 -128 115 -110 -86 49 -77 -19 -24 -44 62 -119 -54 66 125 -87 -85 100 -56 -89 -9 64 122 -29 -109 -10 36 -29 -33 36 94 -93 110 116 36 -13 -86 -62 46 92 4 53 51 77 -95 -87 -125 -31 71 -19 -3 124 -106 -17 24 108 -125 30 -19 -107 120 98 100 -96 68 -70 40 23 -94 -116 -23 -123 103 -96 -87 100 -37 -2 -31 -95 82 34 -35 -98 -64 84 49 -37 125 77 -89 12 -54 116 -76 -90 20 -104 3 113 -115 48 -35 -105 21 47 35 114 -48 125 -94 -69 -9 47 108 -78 -99 73 109 50 -10 71 92 112 -34 28 50 -124 -114 16 -110 -25 118 68 -62 26 13 -63 8 96 46 80 50 11 111 99 26 95 109 -101 -93 -63 -80 -97 76 119 5 84 29 103 108 -114 81 51 110 90 38 39 -92 -41 -71 121 -41 52 20 14 44 58 -82 -103 83 -84 -81 43 120 105 -84 -96 -30 -86 -92
-83 114 -36 103 110 -86 116 -21 126 -109 -23 -46 28 100 28 -82 117 46 3 -78 119 30 -119 127 30 78 -98 -27 -27 23 73 20 55 -28 111 -126 84 124 93 -94 111 66 33 -10 103 126 -39 37 7 73 -103 42 -123 -16 -80 -72 -102 -63 46 -63 99 -116 -85 -79 107 39 2 -99 73 40 48 -99 -76 103 -90 68 30 -28 -67 26 60 27 -78 103 19 67 -121 100 78 -92 68 -108 41 -81 46 18 -57 96 -81 -103 -57 -62 78 74 -48 -5 73 -122 85 -46 95 1 -34 6 -63 94 72 56 121 -74 114 -69 -112 28 67 122 -46 118 13 60 -52 95 98 86 -54 -98 -127 -68 78 90 -1 114 -32 -37 22 -46 -127 59 -20 101 103 -122 -78 -77 44 114 57 104 -95 9 89 31 -84 8 -50 -89 -47 34 -83 -36 20 -118 110 116 -39 56 57 -105 40 112 -52 27 -112 39 123 108 -14 -72 -108 27 100 -36
107 -48 -1 76 -78 79 108 23 -93 44 18 -109 27 76 -37 -52 1 -58 -75 -13 -108 -52 10 -15 -120 101 -3 60 120 63 -31 -60 9 -70 30 76 -46 -69 -107 21 -12 -24 -1 51 -107 27 101 -47 116 -115 102 -107 9 -97 -39 -29 -55 44 87 -61 -97 122 95 88 -28 -115 -41 64 -70 96 -117 -81 -106 50 -91 -20 -8 3 -62 75 117 -51 -35 83 107 -61 -45 -83 -5 92 -66 90 -27 82 100 -109 13 -42 89 -92 22 -37 55 -124 18 -17 -100 75 50 -96 -23 40 84 -25 6 -20 10 -39 94 -16 -32 -69 109 -100 -72 49 21 82 -71 -84 84 57 -49 112 21 36 48 -6 -109 -91 -23 37 69 -8 10 12 54 -117 -119 25 23 32 -35 -88 105 116 52 58 -2 -103 -86 100 16 -40 84 4 -42 26 58 -53 -40 -40 -62 63 6 -103 -36 64 109 124 10 111 124 3 31 113 -1 93 27 56 72 124
107 -21 -29 49 92 108 38 67 -94 41 108 -19 -17 -12 -40 -54 120 -108 70 -67 -121 96 -78 -72 -49 78 -40 -120 -89 -110 -12 -47 -3 75 50 -27 58 22 -3 35 50 -49 26 18 58 -38 96 102 29 42 8 -55 115 122 -51 -38 -98 1 56 102 83 -80 16 18 -21 74 28 16 -107 -105 -80 -60 9 49 -51 -116 -62 -47 36 -94 109 -33 -3 -123 113 112 -93 122 52 103 53 -127 50 124 57 -13 5 -47 -43 -47 56 20 55 -28 67 -11 -26 30 -75 66 118 94 104 -95 -120 -89 -22 13 -79 -24 -122 -4 -127 66 -33 86 97 -78 42 -42 -24 45 85 17 -30 0 -25 -94 -91 78 -75 123 -76 -3 -18 -37 -116 -34 65 97 36 92 123 78 -41 -111 -124 61 -110 91 -22 -124 -76 -122 -124 82 -112 -123 -30 72 -80 18 -66 51 -71 -86 -30 16 16 -48 114 74 -9 75 4 -73 119 114 -94 -104 65 -38
109 60 -111 -70 -16 66 98 -28 12 -8 23 -43 -82 73 89 -34 16 -11 -81 -108 -80 17 62 -43 -122 -56 -58 113 -18 56 -68 -108 76 27 121 -49 -73 76 115 5 -94 84 -27 -100 42 126 -33 88 87 -82 -3 -16 93 -29 77 88 94 -4 79 95 115 96 43 -49 -116 71 41 -5 -122 17 87 58 -103 -59 -66 -20 76 124 -40 49 26 -14 82 -98 -14 120 -17 -5 74 -56 60 -46 17 107 -110 -36 12 -77 103 73 -93 -90 98 19 -126 69 -82 -41 23 12 110 -95 -52 90 93 -115 -87 31 115 72 -29 66 95 10 -18 -22 -80 -118 34 -59 98 -97 -66 -116 -122 -93 -19 126 -97 -106 113 -32 52 -46 21 -2 -99 -128 -112 -64 42 21 -100 -93 35 50 -89 -4 12 -43 -32 44 104 91 -42 -67 22 -3 -55 -33 114 11 33 -56 -37 -103 24 -21 32 -126 37 -56 26 -44 -101 -111 34 57 -62 30 49 37
73 -11 72 -123 108 -105 67 -116 103 72 120 -77 -16 119 73 -45 81 -52 104 75 -55 -18 -67 -83 16 81 -44 105 82 68 -60 93 37 127 114 -68 73 94 71 79 74 93 -31 74 -42 25 -67 54 -32 -70 -46 35 83 25 78 -28 -112 47 99 13 13 -92 13 0 9 -72 -95 -13 44 32 -61 65 -72 121 -45 43 12 -72 -43 125 -53 97 -32 88 53 114 -3 -117 60 -78 67 49 83 127 -124 -33 -63 4 2 122 -81 -12 23 100 -3 -9 46 55 -96 112 91 29 63 -87 33 126 34 -50 82 102 -55 -128 -121 103 -42 33 -102 -75 -115 -110 -33 -123 17 -22 -97 38 90 13 26 -6 -119 30 61 20 -22 8 -55 -89 27 13 -128 71 5 57 98 -125 -124 -20 109 -20 5 -128 73 -28 -14 15 -114 -109 -80 21 -18 44 -127 -42 44 -24 50 84 -117 98 31 -78 -99 -60 2 -15 -8 110 -32 -17 71 6
-71 53 -79 99 66 -41 126 52 -93 72 120 60 -46 111 -30 89 -6 -9 125 83 95 8 82 -91 117 2 111 14 -76 -27 -73 -62 64 -100 -13 -29 64 107 28 99 127 87 107 12 -69 2 -99 43 10 -16 -59 112 -19 -29 -27 -24 -105 113 -13 121 61 -41 61 -17 -98 54 35 48 109 -102 -109 -112 -37 61 118 50 123 -14 61 -36 -59 121 116 19 31 -117 49 -6 -18 -114 88 12 -37 104 -7 66 93 52 117 1 -31 -40 62 53 -100 -58 -121 13 -104 43 -36 -84 22 -38 52 46 64 69 -126 92 62 -55 -58 66 -91 -20 -60 100 33 88 78 -10 44 -7 113 -36 116 -108 34 -79 104 20 -6 18 68 93 -78 99 -8 -70 -8 -102 22 12 -9 -90 100 -91 51 -9 -47 33 59 69 30 75 20 9 99 67 77 -59 44 -5 -89 65 -37 -111 13 45 -29 121 16 11 115 -65 103 -1 9 4 -50 -126
123 127 52 42 -98 -49 -82 42 42 61 -123 -4 -13 126 -118 -114 -23 -100 119 -90 116 -99 116 -64 -54 -36 -94 25 53 -42 27 -24 -80 -94 22 -108 58 124 -35 -126 94 102 16 70 -116 89 63 -25 63 -50 -73 97 -80 -53 103 -48 -34 124 -115 93 14 -27 -41 58 -31 47 34 -44 -25 55 -69 -115 -69 89 116 -16 -6 17 -72 -17 -17 107 73 -3 111 110 -1 35 86 102 -68 -66 82 -62 26 -70 -108 46 -116 -1 99 114 -127 29 58 119 49 68 -46 -37 -40 66 -124 100 4 -67 117 -97 37 -94 -117 54 -21 82 28 94 59 116 91 -122 -58 62 -9 -82 60 120 -48 -29 93 -4 -90 -72 -30 41 121 8 30 14 -18 -6 -54 -11 -55 100 108 70 106 17 -48 80 23 -40 122 -76 -26 -20 -45 41 -69 104 76 -4 -34 -22 -112 -13 32 -29 -58 35 120 -118 29 -77 -128 98 -24 58 110 18 35 95
-117 62 -70 -107 7 -122 42 50 61 -85 66 38 41 26 -44 17 -87 -71 -86 65 -67 7 -48 -60 -88 -66 18 -19 105 -127 -39 25 -26 -59 -115 84 -42 -42 79 4 46 -114 90 69 -111 18 -15 -72 118 48 -78 -73 33 123 14 -9 28 82 118 -109 -87 -113 -4 2 -10 -124 -127 121 98 73 27 103 -5 121 -1 1 -61 -4 99 48 -61 109 118 16 49 84 35 33 -72 -13 24 70 31 -105 70 58 -34 -75 -76 -60 71 7 -42 -32 125 -73 -47 47 48 111 -93 1 -30 -39 -107 96 -112 104 47 111 53 -12 -60 70 1 97 -27 -6 -98 98 -113 88 -61 -55 45 -9 114 -41 -127 36 -123 60 -51 -5 -122 -18 -108 33 45 -117 104 -30 -123 -4 94 92 86 79 110 -12 -18 -81 -41 -85 -18 80 -117 -46 89 118 40 3 96 73 -45 83 -1 -127 61 43 -72 74 37 -111 -114 8 37 -38 -7 4 29 22
-8 95 -125 118 110 87 -47 -21 70 -25 105 105 76 16 -29 54 -91 80 -35 127 -104 -66 84 -2 -107 57 46 -82 31 -107 2 96 53 77 -94 -113 102 -21 6 11 102 -71 -53 -10 -80 -71 89 102 -56 -12 115 2 -30 -78 68 89 77 51 -53 -64 96 77 -43 -45 45 14 121 -89 98 -127 -47 -43 123 -64 49 106 -128 -39 73 -68 -91 -3 105 -68 88 35 -104 -59 90 -58 -81 -50 -96 61 -39 -93 -122 -11 -90 19 4 7 -37 52 58 -78 49 72 49 90 -102 40 42 26 58 81 -24 -95 -34 -43 107 -34 -100 81 -15 122 99 -90 -17 63 72 -78 126 -85 67 99 -102 76 108 99 -37 111 -128 -97 -117 -65 -77 -62 72 -51 -111 18 -71 -120 31 -101 -120 85 -45 59 106 64 29 -113 -95 -110 3 124 -118 17 -118 -30 -39 -62 81 125 -8 -46 101 -117 43 55 -102 9 -38 17 -121 -49 -52 32 -92 68
-61 111 -96 45 58 -50 -52 -57 -4 16 -1 -61 -105 25 -86 16 12 -64 -114 95 0 -69 -8 -76 29 -23 9 -19 -81 65 -71 102 -108 -77 -24 -119 -74 -122 31 16 86 36 32 126 91 47 -117 -38 -21 2 73 -84 -80 83 -55 76 -100 50 96 5 67 -69 78 -93 -40 -124 -25 121 -29 50 -36 94 54 -68 -50 -83 69 48 -47 -42 86 109 102 -103 -44 103 127 55 83 102 -108 -43 -68 -57 -93 -123 -37 115 -52 75 -1 -59 -30 77 -32 118 -71 -9 7 -37 8 -3 -21 116 -74 107 127 127 98 -125 -6 51 68 -125 -114 -125 -89 -98 25 17 61 -81 1 55 115 33 82 -66 8 40 27 -23 -21 87 -37 38 -97 97 33 -99 -99 -23 -25 55 -110 62 119 -6 91 79 20 45 125 -44 -110 -115 41 -4 -35 -1 -117 90 33 -12 -2 -83 72 -103 -123 -125 -109 -38 73 65 90 118 -108 9 -101 113 52 31
87 -122 14 -17 -43 -82 -67 55 -108 -16 58 -17 -121 90 -118 57 -12 -75 110 -57 27 -101 -112 64 -35 6 70 105 -112 19 127 -23 -45 -35 10 8 50 91 41 -65 -67 -69 16 3 -23 112 120 -118 35 115 123 -7 -112 50 125 31 28 119 -9 40 55 -6 39 31 119 -2 -120 -32 79 90 48 -106 -117 116 38 -104 -69 -120 -108 22 -27 -36 63 48 -60 68 -40 63 118 -17 -63 -16 2 40 -16 88 -86 20 116 21 -45 24 95 -6 36 -84 69 -115 -58 43 91 38 91 -108 90 -39 55 2 54 114 -115 -107 -122 -108 88 95 -128 -120 43 -69 58 60 43 -49 -43 13 120 114 -101 -105 62 -31 -9 87 54 -13 -26 -16 89 -32 -60 110 25 -47 27 -102 69 106 105 -60 -3 49 -128 -127 -126 73 17 91 60 68 22 27 -105 -124 76 71 -94 -94 29 21 52 25 -111 6 64 -75 -59 57 -113 120 126 -90
-92 -93 -20 81 107 -68 62 -44 -118 -1 -14 -31 112 12 122 110 -42 -84 56 -2 54 71 -20 -79 3 -112 -75 12 109 -104 106 43 97 67 -73 96 -18 83 -20 -72 33 -67 -65 49 -19 -54 38 -38 99 -88 -85 47 -49 -55 -44 -76 -85 -11 -69 82 122 67 -41 64 116 -5 127 -78 17 -53 27 48 5 73 -49 -71 6 3 107 56 19 72 124 -17 -115 54 115 74 100 91 -122 46 -112 31 -123 -7 -89 -15 -115 121 -60 -127 53 21 31 -46 -65 -56 55 47 -41 -76 -79 109 -112 -110 94 103 3 78 -108 93 -103 64 -4 -102 112 120 -46 45 -8 -44 -77 -22 -35 -74 50 -109 74 64 -127 -14 -95 123 -29 11 1 60 -100 63 34 -6 -9 31 43 -61 -101 -65 -105 42 5 -119 -34 -53 -116 -37 -69 83 -63 -59 -86 71 10 95 -109 94 62 -11 -17 14 68 127 -125 23 -92 65 -117 82 -33 -99 115 -99
-60 -53 -5 -72 61 -60 55 -33 75 16 37 -120 -95 -125 -68 11 0 -113 101 120 -23 10 -80 -42 -63 -48 109 10 97 120 121 -26 -64 -110 19 26 -24 69 34 -89 -16 114 -12 101 104 -53 -23 100 35 18 -76 123 115 -74 20 46 83 116 35 -124 25 9 -47 -31 118 -49 -11 -67 -45 -109 79 47 -124 91 64 -65 -122 -69 50 -48 73 -4 -22 -12 -107 -96 88 87 -46 -9 61 62 111 3 2 126 -91 -61 -24 36 44 -94 -85 85 107 -44 -34 -10 56 56 35 65 -53 43 122 -93 -59 5 124 40 104 -96 17 -72 -126 -32 -102 -13 57 -88 53 -97 -20 9 119 -61 5 -76 -27 72 126 -33 33 -113 77 -88 57 100 -4 68 92 60 9 76 -27 125 -84 -26 111 -26 -106 -15 112 -74 1 119 96 -40 -48 63 -126 -64 65 43 4 92 110 -11 3 -100 18 116 -117 -5 -100 -65 115 24 -44 -28 85 22
41 -127 -6 -104 71 50 114 63 70 38 -13 88 -34 58 23 -25 101 127 49 59 52 -28 -23 -104 -87 39 9 -76 51 48 -41 46 34 59 -21 -36 84 92 -121 -84 -128 20 26 -8 -82 20 34 -24 13 -82 61 113 52 -73 112 111 118 -16 63 -122 36 -61 3 87 -106 -59 101 -10 -61 73 56 5 -58 64 -1 -21 55 52 -49 -100 -59 14 -83 -98 79 -73 117 10 46 -23 76 -101 -103 -104 91 -87 -20 -37 26 -94 -75 -43 -50 83 -117 -39 108 -120 43 67 107 -72 -88 61 1 29 -87 7 -21 55 -81 20 17 -17 -61 -121 -40 -27 -86 53 -24 -96 -99 17 -52 -125 -5 -102 76 45 -9 0 11 63 69 -71 29 -28 -80 47 -108 -69 -18 -78 64 -33 68 -96 0 -105 -69 -99 -91 33 37 -113 -8 86 -24 -78 -110 -112 114 73 45 19 3 10 42 -17 -37 25 -116 29 -22 -128 -122 37 125 24 68 74
119 -87 -102 -18 -117 -11 -15 -23 96 98 -39 -58 -107 -74 64 32 73 -97 -71 -35 -17 -50 -75 -72 60 65 -85 -77 -48 52 79 -43 102 -112 119 89 -73 38 -120 26 -13 -42 88 -39 -90 102 -118 0 -69 -74 -50 58 -22 -51 -122 -3 -77 -67 -15 20 96 63 22 -20 -19 -36 -104 50 58 -21 -110 -59 54 71 -85 107 -59 -115 123 82 95 -37 94 -22 54 44 -21 10 109 -94 19 94 43 74 -20 -68 -16 -18 -105 -106 -107 67 -124 -25 23 73 -64 117 -89 -57 46 -87 41 -87 38 13 -117 40 92 17 -52 104 -44 -49 125 66 116 -37 81 32 124 11 114 57 77 -81 -28 16 78 -112 32 120 -88 48 118 -77 -84 70 -73 82 8 -53 49 21 -29 127 -50 30 103 80 -104 -20 87 -59 -91 -98 -68 80 -21 -86 -12 -95 121 39 -99 73 -50 -70 -80 100 -120 25 -51 -30 -48 6 78 -120 -27 114 -89 -77
18 54 127 1 -112 23 82 119 -49 -68 -21 -47 43 64 114 -113 54 -112 69 -63 -104 114 -38 2 -118 50 57 -106 47 106 -70 64 -79 84 -98 -67 77 -79 6 -39 83 82 109 81 -33 -39 4 -1 -22 6 56 -46 57 21 38 -37 -26 -30 35 47 69 -56 60 -6 31 -79 87 -4 -44 22 -89 38 68 104 3 -93 -80 41 84 -124 -103 -73 -73 59 58 19 60 -84 80 123 15 66 -103 5 -70 78 40 52 8 119 109 -117 -65 -58 -63 -98 -15 -47 -29 -12 -23 -109 -55 -7 117 11 126 -92 41 113 19 106 63 64 -4 52 19 -19 -92 91 -103 3 96 85 7 72 45 75 105 -13 -21 -99 56 31 56 -53 1 8 54 -78 94 -13 -127 115 13 -122 -110 34 2 35 -65 -57 22 47 74 111 37 7 56 0 -32 42 68 66 4 121 69 -112 40 76 48 -47 72 -94 7 -114 -111 125 -38 36 -127 97
8 -118 -69 -22 2 -41 53 -98 -86 -121 -44 66 44 -123 -19 46 -62 -53 -125 -125 -34 28 -2 -78 -112 9 122 52 -71 9 -14 6 -31 -58 -21 -7 -29 31 24 17 -77 -24 43 30 -124 -21 35 85 87 -65 -66 -125 107 67 -96 2 92 -69 107 24 -90 32 53 63 102 -103 48 -107 -94 -30 56 -117 91 -96 40 -58 109 -115 -44 -34 104 -21 -125 -127 116 101 117 -11 42 32 98 -16 44 -19 -79 -15 -79 67 -110 -86 -39 -99 -36 46 -97 48 -107 55 -37 -77 -123 -111 -36 -19 73 74 124 43 108 -46 83 38 -68 83 -69 2 -45 -49 -31 6 66 -99 -103 -33 68 110 -95 -103 26 107 47 -2 117 16 59 -111 -84 -82 64 69 -66 70 69 117 -89 -23 -34 64 -99 -73 63 -17 -108 38 17 4 80 -28 2 68 -15 -99 -118 -78 -124 91 75 -35 12 70 -122 -23 -30 101 -48 -68 -123 -123 -7 1 127 -4
62 -78 73 -96 -92 -9 8 -65 2 95 115 18 -61 -48 21 43 -86 -22 -2 68 -107 -35 101 125 -87 90 -6 -87 95 -85 -126 61 -50 -122 -15 -44 25 -55 -82 -107 -118 83 -59 -101 80 71 64 -115 103 -112 -107 118 125 -26 14 60 -98 88 -125 -114 -88 109 80 76 -49 -49 -125 -51 126 -37 1 -121 -125 70 -8 83 -15 55 112 8 33 119 -67 -49 -7 -114 7 -5 -12 17 124 95 103 -2 90 70 0 -100 60 -91 44 32 42 -101 125 68 98 -57 -84 -126 19 11 -24 71 76 123 -81 44 -32 42 -34 71 -70 -55 55 -126 -112 95 24 -122 54 -14 68 -83 -123 76 80 -35 -93 83 -123 121 -4 35 -2 -122 12 48 75 -32 -57 -43 105 35 104 -41 11 -19 -92 -42 26 -128 -41 66 -54 14 97 89 115 -112 -126 42 -38 -43 -80 -69 18 -26 -79 -50 -72 65 -15 55 -105 -80 64 -33 -25 -116 61 -59
-112 16 17 -116 36 121 -107 126 48 34 -14 76 34 -72 -24 -59 -49 -55 -89 51 -31 12 -40 -72 119 -92 -19 -103 48 69 2 -53 -80 -6 -117 31 -125 -2 6 -38 -57 114 30 45 74 -1 83 109 -68 -30 -99 47 41 124 111 52 -11 -119 -111 21 59 -73 62 -68 -96 15 -5 27 13 18 1 78 -123 6 -75 3 -28 -89 -104 -69 49 21 -62 -61 36 -37 110 -14 54 114 -45 -58 115 4 36 -53 111 100 -75 -70 7 -44 114 122 1 -44 47 41 -101 -92 -62 -65 39 -113 -30 -57 115 -57 -95 -101 -26 -67 70 -118 24 53 -81 -112 111 71 66 -75 -33 -86 78 -88 -16 55 44 4 51 -96 -37 -122 -42 121 -20 -11 -94 -114 40 81 -13 48 -111 -114 -66 -111 -7 -15 -86 -28 -95 -18 -79 -72 -29 -14 3 122 -59 -87 -21 88 -40 -57 -124 39 55 -116 54 98 -100 -94 -88 -6 74 -107 -97 -85 -27 36
55 80 120 1 89 -105 27 126 -51 56 104 -71 -54 -52 -24 -125 -76 2 -64 -64 43 56 70 -123 121 -103 -16 -3 -109 112 74 -9 -74 -28 69 -28 -124 99 -81 116 54 44 77 36 84 -66 -3 -9 55 28 -108 -52 -110 -126 126 -98 126 -43 -17 25 -76 -116 40 52 -69 -60 -88 78 -10 93 -87 25 -101 10 4 60 48 38 63 -97 8 -98 -113 -39 -5 105 -4 -75 90 -65 -65 29 -14 2 71 -92 107 -72 77 -118 101 -117 32 26 117 71 -116 59 -114 59 119 -15 1 -109 19 -42 -115 122 -70 51 115 61 13 -111 41 -42 -6 42 -31 41 118 -31 23 -53 22 -15 121 -74 25 80 -4 -116 -93 101 -91 31 57 30 -20 85 -113 -95 -2 -106 57 109 -69 56 8 -53 79 -14 15 127 -40 37 25 83 85 -98 -63 64 72 14 -48 12 6 -86 58 52 79 35 -82 -121 -41 8 110 -120 -63 -64 17 -11
-51 74 -46 117 -66 86 25 23 47 90 -103 -84 -26 19 51 100 -40 -111 -49 -108 -77 -89 11 76 -9 -19 -91 -93 -62 -96 -12 -66 87 -114 16 33 -5 -115 18 -104 -90 28 108 58 107 -18 -101 -46 113 -25 -42 -74 28 96 -41 -100 91 -14 56 78 -76 -108 28 117 -119 -127 21 125 -111 -24 -90 -56 103 -1 -2 31 98 -56 93 25 -42 81 53 -128 79 13 -57 5 -6 -28 43 -71 112 55 -44 -114 118 -93 -60 -124 41 -126 -29 -94 -124 24 -69 -102 71 -81 -76 -41 -23 67 87 -93 -109 95 -56 53 92 -57 59 -44 -16 81 41 -10 -13 84 -53 -36 48 92 -38 -28 11 -6 -55 115 -114 -95 21 78 56 -89 -46 38 -43 -110 -27 -20 94 71 3 -115 94 -27 5 86 87 123 118 102 -48 88 -44 64 -81 72 108 -56 -96 92 121 -103 -81 5 120 52 11 -58 -106 -83 -104 70 -10 27 -75 119 -120 70
71 -50 -72 93 35 -126 -72 106 90 -57 56 10 87 -126 6 123 -123 46 113 -63 -24 -6 101 -119 62 81 -98 -105 17 -93 -30 92 116 33 -21 80 -38 -69 -49 42 -123 44 -36 -123 11 -17 29 95 75 39 18 49 100 92 -113 -95 44 -99 71 70 33 -83 84 -80 127 -71 94 -51 51 -9 -14 -11 -96 124 70 7 113 -65 32 -106 -51 -14 50 46 -51 -26 -53 -117 -65 94 94 -86 35 63 -26 95 125 88 -98 48 4 -16 29 105 -118 119 -114 27 66 114 113 -32 10 -65 -24 0 -64 43 -34 9 -74 8 18 -128 102 7 -64 -107 -45 -55 46 5 76 -115 90 -86 1 12 -69 -73 -85 -41 93 -116 44 -22 57 -82 87 -20 -40 -18 -114 119 35 -26 -58 38 50 -113 -46 94 -90 21 -95 -117 97 -84 117 -115 62 -79 -112 -64 104 103 86 93 -54 96 -87 -39 111 -127 27 -16 101 5 -9 -102 -81 42
0 3 45 22 -64 108 81 16 -109 48 108 -80 125 60 9 -83 -81 -15 79 112 -112 124 3 -28 113 -77 120 -108 -113 29 -89 41 79 -5 18 -28 78 124 38 8 50 20 -56 -91 64 122 39 116 -6 -38 -60 -83 84 51 57 112 95 77 -95 -19 -26 -93 78 -21 -50 -18 -14 -8 0 -123 117 -120 -111 -52 85 65 123 -44 -128 91 3 43 71 -70 16 -77 -119 84 -56 72 -127 -118 64 -7 -15 119 16 -92 54 102 68 46 -20 -83 -27 125 62 -109 -46 0 -27 86 98 -79 -95 -121 119 112 120 71 18 94 -104 -92 -61 50 -110 -109 -60 -80 -11 -122 -45 -4 66 -20 -122 -40 76 -51 -10 20 42 -4 65 95 -102 110 -16 80 -10 35 103 25 -60 -57 -8 -12 20 -64 -100 6 -109 84 -16 86 -63 25 -68 -118 -20 -127 24 65 22 103 -70 -59 -49 75 -60 -55 -107 65 -64 -128 -108 82 32 -23 -87 39
94 56 -15 -58 -87 113 21 54 88 100 -73 -89 104 4 -14 -94 -4 -16 -89 111 -8 -38 73 -82 57 -89 -7 90 -27 -41 43 -1 -78 116 -21 -111 23 -72 -24 32 92 123 116 -49 -18 -102 54 100 36 -120 88 -3 -110 72 -65 -100 47 111 -99 -86 33 123 98 116 82 6 53 34 112 -63 -10 -80 -109 -39 -80 -104 -46 -22 -49 -110 -128 -122 71 56 -80 -2 -102 -36 -40 60 125 62 -65 -39 14 -22 -13 -10 99 -111 -122 -93 -84 -10 -105 101 75 17 52 10 -10 69 54 -12 10 -112 -57 71 102 121 110 -64 -19 -128 47 19 93 0 54 -73 -59 76 -2 -85 86 -76 -84 80 -45 74 -104 70 -74 -88 99 -18 -14 29 -94 74 -34 103 110 -37 73 -43 -24 -86 8 -25 12 32 -107 -92 -61 -59 -88 76 -72 -112 -120 -28 -52 51 -124 120 -36 -66 -57 75 79 30 -111 -43 103 47 7 -66 -31 -82 4 7
0 95 -1 19 -83 -10 -122 9 0 106 -76 8 -81 -106 -31 -81 47 27 2 -34 -85 74 90 -64 -59 -6 85 78 80 83 12 59 12 126 -70 -84 -113 43 -36 77 69 -3 -94 -122 28 101 -111 75 56 4 -20 30 45 42 -1 19 -6 -113 21 87 -95 -102 -60 -46 27 20 50 -90 -99 90 -101 34 -87 107 -81 63 67 46 8 -12 -97 -31 7 99 -24 123 -74 53 -91 -65 102 -119 9 64 30 6 117 33 15 -38 26 36 43 72 -63 -41 -85 -104 -78 123 80 120 -116 90 21 120 -11 7 83 -77 -19 54 -19 23 -32 80 88 72 11 106 69 -61 21 75 -65 -89 -4 -66 -41 -96 -93 24 -79 -78 -24 121 -46 -27 82 116 -53 56 10 49 119 -109 60 65 -101 -86 -35 -97 33 -9 64 74 5 -19 -109 124 108 -36 -80 47 25 5 -122 38 -17 67 -77 58 -79 97 -51 111 12 115 7 -109 45 94
-14 -68 102 117 32 34 -60 119 97 -75 101 95 22 25 -115 -16 71 -25 83 -18 10 -2 -14 106 -19 -44 -81 -33 -113 12 125 6 55 -1 119 126 4 112 44 -18 -97 40 -69 44 -16 22 -128 -123 59 -53 -105 -52 -17 65 84 82 96 24 98 -68 32 -85 27 -121 86 123 52 19 11 19 -18 -61 85 21 79 -102 -48 104 -2 120 65 105 -99 76 11 -104 124 -76 123 38 13 -12 -51 -4 -94 26 15 -102 1 -24 92 -113 64 -35 -86 114 -25 25 14 -71 -128 -112 58 60 -17 -47 21 95 106 -80 100 -57 -108 108 -94 -43 111 75 -30 31 69 -25 -92 78 -11 125 -88 59 -19 -28 67 56 38 -88 -119 -126 84 78 23 79 98 -19 57 110 -4 53 -32 -42 -56 121 -64 43 95 109 85 -110 -43 42 56 -57 -51 109 -2 -24 99 35 -20 53 -55 -119 -20 -97 97 -96 72 80 70 6 -97 17 102 -89
57 -94 97 105 104 75 -76 51 -49 -127 -74 -115 -108 114 102 -20 -2 62 124 -88 71 25 -25 11 94 6 -128 90 38 -101 -125 -87 -121 49 21 -81 -53 29 127 51 95 36 -96 89 -27 -92 -96 -7 85 -47 -13 -123 -48 124 -56 71 -8 112 -43 65 103 -39 60 -111 -89 -39 -70 -109 58 -86 -24 2 -27 19 82 115 66 -115 -26 51 -85 64 -18 -3 26 103 24 -43 108 69 109 -43 71 35 85 -7 -123 114 -92 -99 59 -56 66 82 -55 -20 3 -111 36 33 126 -71 -109 -65 10 102 -69 127 -59 -114 -82 -65 67 23 -61 43 81 -35 -12 -12 7 -4 93 111 -65 -49 -45 -13 -123 -100 117 -87 -83 48 112 75 -81 53 10 80 -53 -78 -6 -3 33 -52 -92 11 -7 -74 -1 -115 79 54 73 -8 18 1 66 -93 -79 96 87 124 14 -67 -1 23 83 117 -117 -88 19 -96 -127 114 -90 -85 -57 66 96 -8
-35 28 37 25 93 97 -25 39 6 -35 60 59 -50 86 78 -51 76 -74 -27 -94 -28 -120 114 35 34 -11 -112 106 72 69 46 121 -83 -90 -102 3 18 105 122 26 78 14 8 44 105 63 95 -44 114 -99 -78 43 62 -80 15 82 70 -56 -8 -60 85 -51 101 9 51 39 50 63 92 14 -81 73 -114 -70 70 -70 -85 98 59 42 119 -76 -102 18 -5 -85 33 86 -81 3 -17 -63 -74 83 121 10 84 -57 -16 108 -89 22 -123 -77 -50 64 116 67 90 96 -57 -103 113 50 -59 -98 19 -68 -121 -55 65 39 99 -72 79 62 -125 -46 -82 -57 53 -12 -65 -23 55 -6 -113 90 75 -20 21 -123 43 -51 72 116 -58 49 -71 9 -33 -82 -114 46 -46 87 -6 36 -14 32 125 -120 26 -66 -102 49 -69 127 76 13 -52 83 26 -83 -78 -76 -105 56 86 -51 -5 93 -44 62 -97 -42 -95 -43 -89 10 77 33
-80 110 -35 -14 11 -109 -126 97 -107 119 -32 85 -21 60 8 71 3 103 -77 -59 31 72 80 94 -16 -72 45 81 -38 -121 -116 -83 -5 -32 -23 -103 85 59 -48 -74 -93 22 -20 -82 54 -100 -35 70 -115 -121 -30 124 -86 -29 81 125 -79 15 42 23 63 3 15 122 -17 45 44 15 80 107 56 -69 -95 -112 30 -115 87 68 -88 114 -38 30 83 -7 118 -113 52 15 -86 108 -34 -26 -37 49 123 -111 104 -86 101 -108 -25 -28 -82 109 -114 -8 105 7 -89 96 -58 -68 98 -78 -25 -58 -25 -42 -105 -40 124 39 42 -16 -12 -93 34 -51 79 27 -37 -45 -29 -62 85 -14 106 -35 10 114 107 -105 -56 110 126 34 74 116 104 -109 113 -103 -125 -38 99 -24 -92 91 -122 51 -64 76 -70 54 -82 -13 -11 75 -28 86 127 3 8 53 -121 94 -67 119 -108 27 -47 118 102 46 100 -43 -119 27 -88 -121 -103 -44
38 96 -102 69 101 -46 53 -2 -59 22 82 73 15 58 86 13 -124 -61 -7 -124 13 91 -28 -10 -45 24 126 111 79 81 -11 46 50 86 43 126 93 -71 -32 -65 82 14 1 114 -82 -80 43 -107 -56 -128 -69 55 -110 -2 -42 9 -17 48 -128 -39 59 -20 -15 -38 59 13 81 48 4 119 -86 -32 -111 -73 119 -79 33 101 14 -56 88 -127 17 -67 26 -40 -14 -112 -72 -63 118 -119 -104 -123 4 101 67 92 -22 106 6 115 -56 115 -44 -33 97 -35 52 -51 -2 -71 -118 73 -117 -111 78 -23 10 -53 63 -14 -30 -27 106 14 -4 -48 12 73 -58 126 20 -120 77 -23 122 -97 -9 -60 -12 -7 -28 18 -17 -54 82 -85 -87 -118 98 -50 42 81 -93 111 27 48 74 -85 -79 72 25 -93 -29 47 -55 121 -13 -118 59 111 18 -75 33 2 66 -60 -125 74 14 -119 82 108 -53 60 -26 -120 -120 115 -75 121
68 -126 88 -6 52 120 -75 18 -24 16 34 68 121 -119 -70 95 -114 -30 36 -84 -36 -104 22 16 -99 -17 4 46 30 -1 42 -78 115 -63 56 98 94 92 1 -121 -38 33 -3 -68 -61 13 -80 -76 -116 42 64 26 98 59 -54 83 34 -70 76 -125 116 65 -95 30 72 -56 46 -98 9 54 -60 -37 -93 -55 65 51 -88 -65 -105 62 50 67 -60 -121 -99 125 -57 106 94 -37 -91 116 -126 113 -47 -72 -49 30 113 68 -16 97 121 115 45 -32 -81 -11 -73 -80 -116 87 -1 7 16 -74 -37 82 10 46 -29 -63 -29 -38 -108 32 -85 100 -90 91 -90 118 -19 11 47 60 -119 103 53 -47 -83 -123 27 117 127 17 -72 23 108 110 24 -78 -66 -4 38 83 -79 -121 -74 -57 30 59 -126 -121 42 -98 -112 107 123 29 -70 57 -55 -116 -100 -90 -50 116 -30 -25 -121 70 61 -99 2 80 7 47 31 65 -59 72
-98 93 113 91 -66 97 -77 -79 9 -120 -90 101 -9 -128 -114 45 -112 -44 -2 -6 94 -109 54 47 5 114 -13 17 -128 -41 -119 38 -48 114 73 -11 -50 -89 36 -16 15 -85 -105 30 -2 96 70 -14 88 -43 112 -107 -118 -112 -99 84 -68 -126 -58 56 110 -104 -121 -115 36 52 -82 118 -121 101 30 33 119 -8 73 14 82 107 58 81 -55 -29 118 -73 118 -77 19 61 -66 -37 -97 116 -1 27 -52 -73 40 80 -58 40 73 120 -111 49 -125 -7 59 116 85 -85 -103 83 -31 19 -36 -105 -58 88 -114 -97 -117 -88 76 -82 22 -88 78 -107 69 -65 75 -24 105 2 43 14 37 -33 -115 113 12 -111 -50 16 63 71 -77 -76 77 64 -92 -55 29 -12 89 -67 -82 -93 -111 -34 -29 117 118 -117 100 55 54 -25 -29 -76 65 -24 -97 -6 -18 -1 57 -60 -93 78 36 82 -50 63 97 -42 84 -63 60 -96 37 74
90 -105 9 -115 -83 112 -57 17 12 -76 -51 -119 -81 44 -100 -19 107 -57 -59 77 -78 116 21 -89 -95 9 -100 104 18 79 35 18 -83 -28 -15 -23 119 8 -45 72 47 -102 102 28 -50 82 86 -107 21 -8 2 33 -71 49 -104 24 27 29 51 8 28 18 102 -44 -115 -40 20 -82 -55 113 73 7 -2 118 86 69 55 -16 -32 -64 -77 71 -89 -56 -3 119 -52 -128 -15 48 16 -119 -127 -81 -71 -8 13 -117 -111 -57 -56 -6 76 -108 -92 -18 96 94 -29 -17 31 97 25 79 -121 -100 -48 73 -84 -64 78 48 82 -90 115 -32 -35 101 -116 1 -106 -59 -42 24 -50 -4 -2 29 78 86 33 36 33 97 110 25 -88 58 -6 91 -91 68 21 123 -127 55 -47 79 77 73 40 118 54 13 111 -29 -65 12 -96 63 4 61 -107 86 -59 -120 1 -61 -18 -10 84 -86 33 68 87 99 85 52 41 -56 -91 -40
-70 -71 17 -124 -125 -12 -125 -54 104 -92 -84 16 -17 -54 -33 -40 100 108 116 28 -35 -16 -27 37 124 -41 -9 47 80 -124 16 105 120 -103 69 71 -102 -79 -18 -62 16 93 -47 -90 -79 -44 -71 -8 -44 -109 90 37 -35 36 6 -72 -40 -101 -66 -30 -23 38 -10 -73 -66 -72 -40 -45 13 -78 -9 114 -59 -106 -37 17 -67 6 -71 -21 82 -16 -85 -31 80 42 81 93 -121 -31 26 25 -104 -109 108 69 77 39 -105 23 -113 -18 -109 -109 -44 34 -33 17 88 -85 -100 -39 92 -18 32 -106 -24 36 -32 41 -38 -32 5 108 -70 -55 95 24 -90 74 -70 -21 -106 -1 -115 118 60 29 58 -26 -107 -33 -128 -115 82 -38 10 16 95 49 -59 -68 -93 7 115 -95 122 64 103 -29 -124 10 114 -2 86 14 -9 20 -79 -93 93 3 -65 45 77 -29 25 -3 102 -49 101 -105 103 105 13 -20 -78 86 -86 -102 -70 -60
-122 28 103 21 22 93 -42 -100 -70 83 64 -5 -90 -31 -100 -13 87 72 52 -104 -123 14 120 -15 35 -111 -127 -37 11 41 -84 -30 -34 9 68 118 -16 -42 -78 40 53 71 -47 14 77 -68 -104 51 92 -37 -74 56 45 21 -119 92 -21 -9 103 0 -101 -96 28 1 30 35 26 18 -71 -58 -101 62 -114 -80 -117 56 52 27 -113 -92 68 -124 16 -32 -71 118 44 4 -13 36 49 -121 -15 -5 -21 103 -45 -115 -92 -30 -106 47 122 -111 -32 114 111 -80 -95 65 127 -5 -111 83 119 64 -4 4 43 -110 57 111 8 -14 -122 101 51 -116 119 -9 -102 113 -92 98 43 4 -36 112 -61 -62 32 105 -62 -27 -101 3 102 127 -50 28 22 -98 -8 28 75 36 115 -85 -21 -90 35 -123 110 -21 -48 43 -68 126 19 -45 -98 -122 -65 -96 34 -106 1 -4 90 -90 -69 47 -82 -98 84 19 111 -106 -116 96 20 17
-93 -67 48 -105 -101 35 -26 -51 -89 -36 -10 -104 -66 123 -13 28 126 -123 17 -119 -41 34 -27 64 -60 -110 39 -37 48 -62 -19 54 -106 61 70 -63 -102 -128 -76 -71 72 -18 9 -54 71 84 55 45 11 -98 -107 -96 81 -7 -3 -123 -10 -5 62 -69 -22 -122 -32 -15 56 -10 60 6 93 -126 57 53 21 -104 -75 -8 -18 52 115 -40 117 83 54 103 92 30 -128 39 -52 -125 61 -72 -122 48 63 115 83 101 53 76 118 -6 -82 71 -105 0 26 -6 -83 69 103 2 27 40 49 -25 -34 -22 100 4 65 70 38 -46 91 35 -10 35 -32 -87 115 64 -94 23 119 7 -64 -8 18 71 -52 -119 77 -23 20 1 -94 -34 50 -6 -9 -56 -20 87 39 105 -54 124 -36 -61 127 111 -78 99 -27 101 44 -127 51 25 120 -37 45 125 82 118 89 -69 82 23 13 115 48 2 13 -18 26 97 69 -2 114 -8
117 1 96 67 -117 -48 74 111 19 -116 -28 -68 -58 54 120 37 -71 -106 97 -81 54 95 -16 37 -46 -5 -26 -127 -62 32 -111 125 7 31 72 5 20 -123 -42 72 111 57 -122 -109 -75 59 -46 75 91 117 -94 105 -14 29 87 109 104 42 71 52 30 -111 79 -89 -82 1 -56 55 -88 2 -49 60 56 120 116 -83 -99 -46 86 98 49 123 -36 -11 122 -30 -114 12 74 -9 -4 -8 32 63 43 -56 35 45 1 -45 27 29 94 -57 90 23 62 91 -118 -39 -86 23 -13 -18 37 29 9 -41 87 -90 -17 119 -9 47 126 6 -105 21 90 94 -49 -67 -107 103 34 80 22 24 100 -15 94 -109 -125 -17 126 -116 98 41 -43 61 72 73 -74 4 75 -57 78 124 -36 1 31 96 31 90 87 40 70 82 59 -90 -44 59 -49 96 115 126 -71 -95 -59 -9 -69 -71 106 46 -112 78 74 -20 77 20 62 -94
32 -103 63 15 -111 18 4 -58 76 -36 -50 33 107 75 -122 20 51 26 7 -43 -52 -115 75 -43 106 41 -51 78 120 65 -61 33 -46 -81 84 104 21 99 -128 78 33 14 -126 -24 26 -46 -91 -78 -29 69 98 90 123 -128 -109 45 114 -78 -38 45 -46 17 68 53 16 -63 32 -80 -75 22 -48 12 -10 -71 -49 88 88 4 105 -7 -1 -88 93 101 21 -19 103 12 -99 -69 100 -108 53 -18 59 -46 80 -62 -75 -48 -69 6 -1 -43 -120 -99 -7 -107 64 101 -103 -63 99 1 65 10 -86 -68 103 91 79 -96 -32 101 21 -71 -17 -94 -2 87 -64 -16 61 25 -123 105 -119 -45 -43 -51 -92 -24 0 -90 69 -50 -15 -3 66 31 120 7 -53 -112 -64 -57 -103 -78 97 75 91 -3 -122 -21 0 8 51 -41 -81 38 45 -43 70 -52 9 91 73 -9 36 -100 -77 32 -81 -108 -126 7 22 -4 81 -91 50 32
46 -43 -37 -46 127 -24 -71 -82 51 -36 -92 -106 -48 -48 91 -126 -125 28 39 -1 34 124 -127 -108 71 -96 -9 -65 -93 -16 118 105 116 -58 93 -70 102 20 40 -59 50 -114 -63 123 7 -53 85 86 -38 -97 54 -106 -73 -71 123 81 -21 93 -1 -96 -43 24 -83 -55 24 -102 25 -52 97 34 -100 33 -9 -66 -37 -105 103 32 51 -41 46 77 48 62 46 74 106 -57 -102 -105 -40 -115 -27 -52 86 98 -52 -34 -36 -72 -37 79 66 88 -59 -70 -10 16 -55 -39 79 -35 -1 -44 34 -4 49 -15 100 -46 15 19 67 -103 2 -101 -25 -47 -40 -2 93 102 -19 65 -33 119 -2 -101 -37 20 -113 -58 60 -3 103 115 121 -111 -56 -34 42 2 -120 89 -128 -55 -126 25 14 109 41 112 -97 103 -116 29 98 124 -122 -16 104 -42 -126 20 -34 -61 -121 -7 12 55 -72 101 -119 119 55 28 -87 -33 -92 41 52 -84
-111 117 15 1 5 -112 69 46 9 -58 70 -94 -20 -41 39 -36 -74 23 74 78 -92 81 0 22 -16 -38 -58 -31 -56 125 -12 117 -9 -25 113 -110 49 -12 11 101 -115 -51 -20 -75 -18 -13 23 32 -33 -116 -24 110 -76 13 -102 95 -106 29 127 -27 88 -126 68 12 -99 -55 -43 35 64 -107 -45 119 114 125 -7 -32 -115 50 -55 -63 58 94 -97 124 -127 -68 -96 -43 124 1 -2 13 58 -33 -4 70 -43 -47 85 60 -61 -99 -17 -67 -104 -17 -109 88 -45 -7 -9 -36 -67 61 109 16 72 -27 -125 -79 -118 -128 -30 -76 -73 44 -107 42 -90 -90 101 -61 -103 -29 101 65 60 51 39 -35 29 -93 52 13 29 -33 -64 110 -128 10 -70 63 -15 -11 32 49 -62 -80 -116 36 47 -118 39 92 -12 -71 -117 -26 -23 -56 -67 -61 -113 -111 -60 -20 27 -50 18 -67 -72 -123 -87 -15 -107 -17 90 79 -72 125 42 109
-58 111 -98 -36 44 111 15 105 -100 -110 115 6 97 102 34 37 -13 26 31 31 48 26 96 49 48 74 -21 49 -43 -33 -35 26 -110 -105 100 85 68 5 -128 -44 68 84 -12 -54 47 -49 76 -35 88 17 -51 102 -115 31 -87 -10 87 -42 9 -102 110 127 113 -94 89 -58 115 -97 -75 -115 -61 39 33 -40 26 -31 -67 -5 74 -18 -75 -53 37 -84 -74 33 99 -106 124 -6 -88 -40 86 17 -96 -33 -6 108 -1 -70 109 -59 -108 2 -118 -51 99 -15 -79 -21 32 55 54 77 90 36 14 74 -10 -52 -80 51 88 116 124 -52 120 -103 102 -86 -48 -68 -54 -12 79 -60 -31 18 -28 -22 -79 -72 -127 -107 -94 85 77 -61 6 -51 -85 18 17 31 23 -19 62 24 -54 -88 -53 37 -63 4 -62 78 -15 105 11 80 100 -7 -87 45 54 79 23 116 -9 16 -63 -27 126 59 -76 81 -15 -58 -85 74 -81 -101
-98 31 -37 -3 -59 12 35 105 -45 -40 79 24 106 -82 101 -59 23 2 -66 -101 -99 62 -9 -28 -39 -39 77 59 -39 -61 -60 16 -90 -39 -27 28 46 22 -10 -31 -35 43 75 107 -56 125 -23 -57 -128 -37 6 -1 104 -118 83 53 64 1 112 -107 45 -57 86 -22 -53 -123 79 112 -90 40 95 -19 61 16 30 -35 -4 102 -15 18 25 -21 -75 73 25 45 104 28 50 -75 107 -51 -80 11 -67 -55 -98 65 -32 -18 -65 -102 -33 -84 -85 125 67 89 -9 -97 -74 12 124 49 122 72 26 -39 -108 -51 -18 -35 110 -88 83 -76 -92 37 -12 92 93 -81 60 95 -105 -16 -70 116 -123 100 -79 87 -55 -83 21 -96 -88 -64 -77 91 111 79 -109 72 -105 -14 56 53 91 107 28 40 87 -112 -3 78 18 -90 -18 75 -94 73 -18 104 18 117 -23 -58 118 -121 -21 67 -99 -78 -59 113 26 -127 -68 30 -65 62
-91 22 -50 -20 109 -12 101 -107 119 -51 16 19 -41 -101 -38 -3 -32 -85 -117 39 -25 -23 -114 -32 121 97 -56 83 -95 95 99 81 122 -82 -71 -80 48 53 86 64 117 17 -42 63 -39 -14 14 -109 -16 64 125 -90 121 -120 5 -105 -81 34 127 21 86 21 -8 -10 -4 -84 60 13 -25 31 -73 -113 -104 -124 49 2 -39 -14 -5 16 35 -44 78 -101 -37 70 59 115 -61 39 -66 46 -68 108 -45 87 101 29 -100 -104 5 -108 -80 -101 120 -17 -29 17 85 -114 -92 103 -14 -81 -19 -103 60 105 -55 -10 47 89 -18 -24 -85 1 -75 4 -69 -31 -9 -124 42 -59 118 -93 -88 44 -122 -52 122 -40 86 79 112 -86 -92 -27 86 66 35 -57 51 -88 -72 -38 69 -28 64 -41 97 25 -71 59 122 31 38 -52 56 -122 -7 -11 17 35 -128 27 -22 -52 -47 -127 -114 73 63 49 -55 -94 -59 -59 16 68 19 58
-24 80 -115 -35 59 -101 51 34 -50 -98 -87 -73 -7 16 -20 41 41 126 82 -103 22 -57 -23 88 85 -15 127 97 -124 -57 108 46 -127 -86 -52 71 68 -48 -112 -59 102 -61 -114 -126 92 44 121 82 -24 -40 32 -82 -126 -77 -107 100 -6 -105 121 61 11 123 47 -59 106 -68 0 14 95 39 32 56 -53 109 17 5 52 120 -98 80 19 -108 29 -105 48 127 -76 -14 69 -53 47 -5 3 67 -97 -72 -70 -70 12 -105 19 -87 -110 -108 -110 -11 11 127 53 -103 -110 -43 112 18 -73 46 -96 81 13 75 116 117 -126 -15 -2 60 -95 4 18 -105 42 -49 23 49 -111 -77 29 -48 -123 -7 97 -18 -19 67 43 -39 63 94 -44 -47 72 -60 -62 19 95 -25 15 18 22 -84 22 -42 -26 -87 60 -73 -17 -65 18 17 -54 83 -21 -29 47 -20 -56 63 -104 55 18 -126 -125 -58 -99 23 -6 74 -36 66 14 82
15 3 13 -123 85 82 80 100 -100 -84 112 49 -79 13 -120 122 41 105 -85 -121 -13 -81 12 -91 -17 -45 -98 -16 -21 88 113 -108 -98 54 -100 -47 -93 -64 19 -41 93 36 -119 65 -93 48 -108 3 -111 106 -110 -51 -19 -82 -43 -38 109 92 105 -56 -12 -84 -26 -33 -32 -55 77 -16 -106 18 91 40 -11 -25 71 19 -80 -2 -77 31 118 -39 -22 91 72 2 -4 -95 -82 -4 70 -49 23 48 -23 60 115 71 86 -19 19 -105 -120 -64 -39 1 -90 59 14 111 107 -109 110 -113 -127 96 -96 -115 72 53 25 41 -69 -33 -68 -97 60 -28 -112 -52 -40 -17 70 -8 -62 17 -54 -127 -10 29 -91 54 127 22 -21 109 -79 -23 -37 94 125 -113 -49 118 113 -58 93 64 -42 -86 -116 -54 -2 97 61 -29 -11 57 -16 117 -115 -124 -20 -49 14 58 50 -67 30 -44 80 96 -109 31 -127 56 -3 -112 15 2 34 -58
-6 25 99 -62 -31 17 -23 4 99 -45 58 30 -33 -70 -63 -96 28 53 -70 -20 75 -66 -71 103 -32 -43 -10 -85 122 13 -72 -43 127 -97 -5 106 19 -32 -73 54 -115 24 -93 -117 -11 121 -92 58 9 -88 -115 -5 70 9 -45 122 -71 59 63 20 -43 -36 68 13 -79 104 53 -61 -25 -56 66 -88 119 -87 5 18 69 126 -1 108 -29 78 97 -51 12 -61 -96 112 43 108 -32 -22 -39 -22 -35 -104 68 -57 51 -36 73 38 -77 -17 -11 79 59 -86 89 -86 -48 -106 -33 99 -1 0 24 55 43 0 -40 65 85 44 -37 111 28 110 42 43 -98 -128 -18 -83 -11 -39 -40 9 73 -90 -39 -15 -104 -5 -71 -112 -17 23 27 -9 -84 15 -30 27 102 -106 -65 26 49 31 -42 86 103 -67 -93 67 53 67 52 55 -18 0 -100 37 115 -125 5 47 -68 33 -88 -3 127 27 -67 22 54 65 90 104 -49 99
78 104 8 9 -127 45 95 62 18 -98 -24 -57 -10 -56 -76 -48 -4 127 -107 62 112 -18 -42 -70 -63 34 96 -1 -63 -34 116 -89 29 -21 107 -56 -30 -86 87 -87 -16 -114 107 -94 107 -67 95 5 -127 0 118 -95 18 111 50 37 33 -57 56 -22 45 15 -75 120 -95 -30 -61 62 -79 15 112 113 40 26 -92 -1 -22 -102 -45 -70 -27 -110 -102 -18 103 108 12 -112 -12 -54 -96 -110 41 104 -104 -62 -43 -102 44 -120 9 -26 3 125 -34 38 22 -31 -70 -39 49 98 125 66 -9 -68 81 104 -26 -37 26 62 13 95 -106 111 -104 69 -84 -121 4 102 99 -30 -72 -13 -79 -126 38 69 -104 98 -104 117 43 -44 -34 68 27 -10 15 29 52 29 -102 84 55 16 91 -24 120 -80 104 123 105 0 16 -6 13 61 53 -92 -24 124 -80 -104 34 14 -23 42 -93 45 -68 -12 -46 -62 125 -80 -2 79 -23 15
-65 23 -115 -92 -98 13 8 -58 5 4 92 -24 -45 13 -75 -26 26 118 22 12 108 64 25 -81 80 96 17 -26 20 86 -8 -78 -37 111 -77 -118 93 61 -11 4 53 -40 41 103 -112 -18 65 -85 126 -116 25 0 78 30 -35 -37 -11 28 -85 127 7 97 27 63 34 127 -113 -35 126 -79 92 1 -53 13 -44 8 117 -50 -82 -51 -24 -47 18 -28 125 -71 28 79 66 121 -11 9 -41 34 -92 -115 28 -1 -65 -16 6 -82 -60 74 -45 -21 94 100 -21 112 0 44 32 75 106 -45 -15 -77 -39 3 1 127 -100 -25 72 -80 103 -95 63 -88 -113 66 -56 88 78 -49 -114 -34 -33 -119 10 -125 -126 -125 -60 -110 51 -39 117 107 18 28 -69 -88 -23 -79 49 67 -97 -116 -105 -14 10 -106 86 -68 99 -79 107 123 -57 96 -107 -69 0 117 -99 44 -71 -17 -63 -65 118 -80 -33 -124 84 125 -28 18 127 -2
108 -128 102 -118 -5 69 -64 -15 0 79 66 -25 -42 -30 6 -112 -100 50 50 67 123 -43 -93 9 -102 75 -70 49 96 -11 50 -51 -23 -118 -70 -72 16 105 123 49 -84 11 -92 17 -108 -67 -112 -4 -84 -60 -73 67 32 -97 104 -7 -63 7 46 -51 -95 77 58 77 48 79 -39 -19 39 43 92 -34 -50 -48 86 -46 -5 -108 -83 104 -17 111 -63 33 56 -110 127 60 -27 61 12 30 -120 4 -87 -106 -43 106 -71 34 2 87 -128 16 -55 22 -27 58 108 -72 70 21 -51 13 -28 -74 -5 -122 -80 -101 -91 42 108 -33 8 40 46 34 -106 44 20 0 -119 22 -103 46 57 11 6 -17 -116 -72 69 -103 -63 17 98 84 -53 17 -41 -11 14 -16 89 -12 -97 -11 -44 105 25 -24 -27 -68 -73 122 -94 8 -67 -79 0 -8 25 -116 -107 -19 112 68 -64 -24 101 -32 56 99 87 -26 119 127 -103 1 127 -36
95 29 -68 109 14 6 122 17 47 -90 34 -112 80 95 114 -97 90 118 102 30 65 68 -52 23 -52 121 -27 -44 77 115 -126 108 -10 -9 57 -59 13 -83 -19 -110 -7 33 -22 85 -12 -9 -21 -93 -3 27 -91 23 123 -124 -81 -70 93 -1 -100 47 -97 41 -59 -93 -18 103 0 -110 75 -91 124 -21 -88 119 -75 -14 -110 -76 -65 24 -63 -59 23 -122 88 125 -74 127 117 -63 111 17 -102 -5 56 -118 37 -14 -46 -55 68 -78 -42 -108 -125 63 -105 72 -2 73 89 29 -68 -76 -31 60 106 -26 -93 -120 45 -57 -46 39 -25 23 32 -39 37 66 -21 47 -99 17 73 104 23 -4 65 -107 106 56 38 -44 17 112 102 88 73 78 83 125 112 20 2 24 -123 -11 -22 14 -60 -127 -67 2 5 5 -108 69 -128 113 -50 94 -10 -17 44 14 -125 88 44 -118 -94 -96 19 -66 70 -62 -84 -34 71 -68 115 64
-17 113 110 107 -16 -67 -78 -99 -33 -62 -26 8 -112 40 112 120 -58 31 112 -51 -18 16 64 94 120 109 -111 39 -62 -35 -110 -79 -91 65 63 -109 -102 112 -69 64 66 -62 75 -98 -47 15 82 -101 101 103 -10 -85 101 13 -11 -24 -50 -81 -42 25 -101 1 43 38 -43 109 4 -14 112 -5 -36 -117 -54 34 -119 -105 33 -51 34 97 43 113 -18 -71 115 90 -67 -103 95 77 5 -55 97 -61 -89 60 40 -21 34 13 34 -28 -93 -89 105 -61 113 -107 19 39 19 -45 8 48 27 125 42 -100 -116 56 -12 91 7 83 58 -29 -18 114 -23 74 -103 -111 -71 -54 57 -13 31 -101 -40 38 80 -100 -12 57 -10 -67 -112 1 -15 -57 84 120 43 37 110 40 15 69 51 -32 82 27 9 -5 107 126 45 74 -47 -4 -90 -99 48 119 -47 4 126 -44 58 -10 109 63 100 -55 13 -74 122 113 100 -55 -63 -3
36 -110 110 2 -99 -6 -37 -110 3 32 -16 10 -11 15 114 83 -128 85 -102 15 22 116 120 58 95 40 89 -11 76 41 -14 -18 65 42 -86 65 -121 97 -80 -81 53 42 87 -124 -114 -64 64 -53 31 -96 23 -88 55 43 -86 -99 -67 -8 36 54 -11 -100 -110 54 48 21 49 -53 -114 -73 104 -90 86 127 -26 -78 98 -24 124 50 -34 -80 64 80 -126 -2 -58 10 -41 -46 -50 -38 -50 -12 118 75 -39 -106 6 -53 107 -122 -96 31 31 55 107 80 -93 -99 -70 96 105 107 120 37 -38 87 38 -29 -111 -93 45 -68 -127 -31 -61 34 -104 81 -62 -118 -47 28 94 29 101 -68 -12 -97 30 107 25 106 -58 60 99 95 -15 119 -26 91 -88 56 29 124 -113 -8 -124 47 -39 87 5 18 7 21 -109 83 -9 -57 -36 -26 -118 37 97 -124 123 -90 -116 -52 -57 -68 10 39 15 126 105 -98 110 41 -71 93
103 42 -96 -27 93 -116 83 -81 75 43 72 123 0 126 108 47 -13 -113 69 -104 -18 -22 -75 59 60 -59 72 95 89 92 33 -96 11 -16 51 -10 32 52 27 61 23 13 45 -104 51 -35 -15 10 -7 -23 -83 -42 -37 -53 -85 1 -30 112 -62 16 24 114 -29 34 45 -72 10 85 84 76 -64 42 100 -49 -17 -22 -26 -26 -61 38 51 92 -34 111 -127 -41 -30 72 23 94 -33 10 -127 -90 -33 88 42 64 25 -91 6 -47 -74 -73 -128 -76 115 63 -48 120 -65 -38 -41 82 105 -94 -106 -62 -50 109 22 -6 -99 -26 -83 -55 86 -7 4 -13 -74 -26 -47 13 -121 58 54 55 34 -44 -16 -77 -96 63 -8 23 43 116 124 -106 -93 -20 52 93 -119 1 27 -35 -122 -1 -113 -127 41 64 -61 65 72 121 -57 -79 103 38 103 -32 10 31 -88 -24 68 55 110 -11 -125 40 30 30 55 112 -123 43 -71 107
-33 125 -128 89 -42 22 -88 55 105 91 -91 -110 60 -50 -103 -56 -118 54 -63 -97 -69 40 77 33 27 24 122 46 -111 -59 -117 115 107 -108 64 119 30 -35 -70 -65 -41 57 77 89 -6 39 -22 25 76 21 78 120 82 -50 113 -20 33 63 5 -72 -45 -16 -88 96 34 58 16 4 59 -5 104 -77 -103 90 18 -122 -73 -9 62 14 54 124 90 -88 11 -82 -128 42 5 -16 -120 84 21 75 40 -47 76 124 107 87 -16 23 -85 -49 28 51 103 66 75 68 67 60 16 -78 -12 -50 -4 -55 -61 69 47 -108 -60 -87 80 100 81 34 -125 82 40 118 -97 44 22 112 118 -113 46 -81 -33 103 21 -35 106 -48 35 31 -103 -126 -14 51 -88 -79 97 55 33 88 -76 -53 -52 -117 -107 78 -39 107 24 -4 -79 -83 28 -90 4 73 -66 123 -21 110 -127 127 30 -63 -21 117 3 27 -67 72 -18 103 -35 76
-35 83 3 126 -36 -99 72 4 87 -33 -102 47 110 65 -44 46 -40 -52 -90 38 -91 -12 -48 90 -79 -82 9 7 75 48 -6 61 -62 -56 70 127 -64 65 96 24 -8 -115 86 105 118 -102 31 -74 59 -36 33 -93 42 90 -73 31 77 27 -76 -112 35 105 -100 -46 -15 42 -86 20 0 10 -106 102 51 3 102 68 -17 -30 113 78 -56 101 119 59 13 123 -70 16 -85 102 -11 -103 39 -87 88 50 -114 68 16 21 -36 94 118 13 102 -14 31 -87 33 71 -10 14 -14 -29 -104 86 -22 119 33 1 30 -64 35 -25 -95 43 82 -97 -127 -8 -107 -27 79 -82 95 -81 -102 -98 -102 106 -80 -90 -94 19 -31 123 35 25 -26 48 120 48 63 0 15 -121 26 -54 -108 94 75 32 20 -45 4 -11 -36 -89 -38 101 -7 61 -108 -22 26 70 -101 -72 -114 -15 2 -49 -32 21 -81 29 99 -16 89 35 100 22
51 -114 -15 88 82 -6 -113 -1 4 116 -35 -43 15 -78 8 83 -85 -15 1 88 -99 108 -68 0 -54 -30 -42 -12 -50 18 42 -40 68 -31 110 -119 -35 44 -14 36 -116 -87 52 63 127 -107 66 -1 -61 -128 -26 -68 96 -91 -117 124 53 42 51 -33 -122 -25 113 116 -21 109 -75 66 -79 81 7 44 -93 80 118 26 -80 -3 -59 69 44 80 29 65 -59 68 59 5 31 35 14 -39 118 37 26 -19 6 -37 65 -6 -1 -66 107 91 -124 84 126 106 87 34 -122 -127 47 -66 -96 62 -37 112 -25 -42 89 101 -31 -38 15 -34 65 75 46 69 100 57 54 20 -128 -65 92 41 12 44 -41 -2 -26 -29 74 -13 82 63 -50 -25 99 56 9 82 26 -74 48 120 -27 119 53 -11 -49 114 64 26 82 -85 -45 -9 -74 123 78 -125 66 -36 -101 115 -99 -91 87 -106 -54 -5 67 -90 87 3 87 -116 -77 83
64 -43 23 -1 31 104 -41 -103 -99 -21 -10 110 -43 -3 -19 14 -65 58 83 56 -56 -72 100 -95 -121 28 123 -22 -13 5 -36 -94 73 99 -59 -95 79 -66 -103 75 -118 -41 -81 -126 -100 -4 9 -127 -109 -17 4 81 -15 -64 7 -54 109 37 -49 -24 35 -94 -127 35 -43 -40 -66 124 -5 -86 30 -58 3 -63 -44 9 35 -58 -107 -120 -92 107 80 121 -72 -1 127 -94 12 -127 97 -79 123 69 86 82 -90 -55 -22 23 -106 117 -44 93 62 -101 114 95 77 -94 -109 -29 107 9 -114 -57 11 43 76 -24 91 37 -28 31 -2 -19 -49 116 -103 73 87 123 -116 -90 -118 122 -27 -99 -83 46 -59 -15 29 88 88 47 -124 -9 -37 63 92 -124 31 -89 -2 -117 -72 -104 -71 -11 -110 61 10 91 -2 6 120 7 19 17 -62 -27 82 18 92 58 -121 -32 -15 -124 123 83 -119 -79 77 18 -82 -103 -79 -42 -114 60
32 -63 -55 2 7 -117 16 12 -27 119 -107 -31 -128 52 56 74 -39 43 83 -5 85 102 -40 17 -42 94 -116 -110 -10 -54 -64 -71 86 69 73 -37 -100 2 -31 -58 17 14 94 87 -74 92 5 -23 27 -58 -104 11 41 72 -113 -66 -31 -23 -18 8 -64 117 -83 59 -49 -38 -27 -52 -59 29 40 -52 -126 127 -89 -10 -114 84 -105 -107 46 55 76 -126 72 35 121 -111 -94 -11 -65 50 -79 120 -5 121 -67 -11 -90 78 75 30 113 3 -109 -98 28 -102 -114 125 -21 -83 44 109 -8 -41 53 -92 -92 -8 -73 54 92 96 14 28 107 -84 -56 15 -8 -112 -25 67 104 -75 -71 -59 -65 -70 -119 114 124 23 89 97 47 75 -21 3 -92 -96 5 -101 -126 78 -17 -27 16 -86 -39 -33 59 113 -102 31 70 47 70 -123 22 -32 -61 108 94 77 73 103 26 74 -46 -57 14 71 9 57 -86 -85 31 25 -65 -27
-6 16 103 -127 -75 -88 13 23 -126 -79 -67 -52 -18 -100 -92 -35 77 73 73 -101 -44 22 11 93 -114 -110 -29 95 -1 -31 50 108 48 -117 -124 -20 107 -120 -38 79 45 -116 -50 -108 35 -44 52 -17 -10 -127 -52 16 -114 23 30 -75 -88 59 -73 63 -102 -114 -88 -11 -30 -100 53 -73 113 124 -15 -45 49 37 115 78 -100 53 7 -31 51 118 77 -128 3 7 17 71 20 3 -51 -101 -86 -19 100 127 15 -10 -82 -29 -107 96 -64 -94 -3 96 -117 -95 -121 -75 53 21 -86 75 65 18 55 -40 -94 -19 -127 81 -85 -8 -59 19 64 28 79 34 63 -37 97 -122 -39 -2 -55 -55 59 14 86 -69 -95 2 68 107 -10 58 -4 -15 13 -88 96 62 -10 -79 17 96 9 -92 -103 -47 -92 83 103 -113 57 114 66 19 -86 17 19 -125 -10 -50 -110 -88 -77 108 -47 24 -37 -37 -82 -26 73 95 -21 29 21 -73
-12 -44 102 -122 23 116 24 -72 1 48 58 71 37 -114 33 49 -31 79 -22 -29 55 81 -5 -35 48 47 -83 118 -78 -99 -23 38 113 12 3 37 -102 -30 -5 -33 73 77 81 -78 -7 1 73 -55 -70 93 91 -112 -10 84 -33 -14 -127 34 -76 -38 38 69 51 21 -87 48 4 -27 95 -3 -43 42 26 -1 93 58 -61 -120 83 -81 68 75 60 -120 -61 -62 121 28 -92 8 -126 102 18 11 -18 23 -75 -58 -123 -4 -115 -67 -74 -73 9 75 -8 24 -12 23 -2 114 -11 97 33 -8 -66 124 -75 67 -85 116 104 3 -7 53 71 8 87 38 -49 15 -110 1 46 26 -86 -108 54 -121 113 -44 -81 74 1 70 -24 65 -99 41 10 127 61 70 -107 11 10 -89 12 -112 93 -95 -105 -56 -7 16 -114 66 -1 -28 -64 -80 -72 -91 -96 -28 124 -64 87 -7 103 115 73 -118 21 -22 117 97 50 91 -92 -113
-87 92 3 9 -44 102 101 -47 -77 42 -22 80 75 -47 -13 12 22 -86 -79 32 -35 15 49 -64 -123 -69 36 -35 -37 46 -10 -55 -73 -23 -103 15 47 -69 20 45 -14 25 61 -72 24 72 27 5 4 29 -109 -58 -68 98 -15 -34 89 115 -62 29 90 -85 45 -123 95 -49 27 -69 -76 97 -112 -58 75 -44 0 103 27 72 -13 -2 39 -100 -52 110 -92 33 -93 122 -48 126 -1 -12 -78 -105 -117 16 -87 -96 -20 10 16 81 -48 -90 117 25 86 -92 -44 -97 123 62 -86 33 -10 17 40 105 -78 -125 -45 18 -110 123 -30 5 120 114 117 7 66 -56 -27 -124 -108 21 117 -87 -94 38 -41 -98 126 118 -18 -41 -95 -4 14 50 18 105 0 -118 -85 47 92 96 -99 47 -91 -103 -17 -58 -51 -66 -71 -102 -125 -9 -113 15 106 53 -72 -103 -51 85 -3 81 -6 20 -25 109 -27 -87 -98 111 -53 122 -14 -47
80 -98 -39 -68 61 89 -122 -76 -59 57 -18 21 126 -30 -103 -51 95 115 -84 -23 -126 64 113 -3 103 50 48 12 47 -27 105 10 -127 102 85 100 -126 57 116 63 -49 -31 -43 -1 71 97 122 61 -53 22 34 41 40 112 22 -61 54 65 -91 -37 -9 11 19 86 -32 64 -85 -72 -92 -73 75 -34 86 -73 -11 116 -57 5 -10 55 34 38 24 -117 77 -35 -60 -31 118 -31 46 40 31 -119 106 -22 108 -123 -69 113 104 16 -34 97 91 89 -92 41 75 -108 122 -62 109 -121 -120 -6 -67 -31 -30 7 -116 59 111 -73 100 4 -42 65 45 122 -54 -16 -121 -8 -116 -6 -52 -104 63 105 -71 77 89 110 43 127 77 21 -125 -57 57 -80 121 -75 40 -102 -123 -39 21 -47 121 -93 -99 105 127 -13 -76 80 -35 34 -119 -31 95 -99 -47 30 69 11 26 51 98 -3 -70 -71 -70 127 90 41 64 72 41 -1
19 -118 14 19 -123 92 114 125 49 115 108 -81 -49 8 70 -85 -59 -68 -34 -13 51 13 -121 74 62 -84 -38 26 -122 57 -107 33 -84 61 -82 -1 -79 -47 -90 -80 -79 18 67 -85 -16 11 3 -80 -58 119 79 28 -14 2 8 121 2 80 -38 46 -112 -98 44 -89 -81 105 43 -29 32 -44 -128 -6 -6 -31 63 -18 63 -42 -43 -46 -126 105 -6 -103 19 125 114 -34 -5 -102 -37 -118 16 97 127 -8 4 -47 60 -97 -125 0 -20 -34 25 -17 50 -101 36 -47 22 21 -2 -18 -102 99 -54 30 -60 43 -53 -2 -122 -111 -21 86 -8 122 -120 -60 48 -46 -59 -3 -89 -107 60 83 116 -118 102 -61 -99 67 103 81 -1 83 97 -3 62 -37 -26 -11 26 -55 -7 123 -54 91 -54 32 -81 77 52 51 34 -40 116 -64 -46 32 16 7 31 73 -68 -125 24 103 116 -4 89 -113 -118 61 -105 38 -82 -113 -75 -50
-22 -25 -18 -35 -78 83 -111 121 -57 -61 103 -119 -2 -29 52 122 30 -11 -9 -12 -11 -62 -31 -127 77 -115 125 -121 104 116 114 116 60 -26 -43 102 -106 73 -28 -116 -64 125 -103 -23 -70 18 112 21 -39 126 -79 123 88 -29 -11 -125 -115 34 -106 -47 79 -107 -125 87 117 77 -88 47 -65 67 49 -83 -12 81 59 98 -35 47 -35 61 28 -11 -125 -58 74 -100 -73 87 -29 -107 -92 -62 -44 -20 81 52 -61 34 -77 -12 -52 43 116 -6 123 16 -59 -97 66 -32 -63 -51 -46 52 -78 54 41 78 54 45 52 1 -75 79 3 -127 -78 -119 25 17 -36 61 25 105 77 75 28 116 -27 -18 30 113 -112 7 71 -43 37 -117 -24 -52 -26 17 -91 -56 -125 27 110 -71 -10 92 -83 -87 17 68 77 -3 -31 26 -6 14 -5 -1 -35 117 -24 -99 77 -77 -66 -50 122 112 -60 34 -52 113 106 -41 82 -85 -59 102
12 -19 62 -66 -95 48 -8 -50 -90 20 -27 20 -42 77 -80 -6 99 -62 -14 16 92 -7 -19 125 -87 -96 -21 -99 96 26 82 83 -40 -106 -87 102 -127 -112 54 17 42 -53 -17 -28 -66 120 26 103 -81 52 105 126 -71 66 -115 -92 -101 -22 30 -121 89 101 109 -23 -95 -2 10 63 -52 -109 5 -37 -33 -88 69 -75 -16 123 -70 -46 -19 -115 -40 45 -66 -62 -80 -43 -2 10 -44 -86 40 -110 23 65 57 -39 83 92 115 -87 75 -55 126 35 -89 -43 120 18 84 -25 -94 -124 48 56 -42 -29 36 -49 27 -115 -123 12 67 -9 54 -79 -113 -126 -65 -125 14 69 90 40 4 -33 99 -17 -106 -87 22 -29 -53 -62 13 21 21 -70 -63 -105 -47 58 -112 -81 -9 -61 82 10 -61 -62 103 31 113 28 -52 59 -33 -113 89 39 -10 49 -111 102 -22 -30 -117 -8 -26 -80 -73 106 -2 51 -48 25 33 0 -57 73
34 36 73 100 -91 -2 119 24 -37 -26 10 -89 17 -68 93 15 -69 -21 44 35 -68 77 71 -35 75 -122 -53 87 -53 -26 17 66 92 84 71 -46 112 -51 25 -72 38 16 6 -49 -124 122 -68 -50 102 10 27 37 66 34 -21 63 71 -5 -108 -92 17 82 97 -102 90 -52 108 -60 86 50 66 -99 29 -79 121 60 114 58 -1 -52 106 83 -42 -27 93 15 -106 -2 41 31 122 125 -11 -28 -84 -117 102 -13 126 -90 29 -125 -39 96 -2 111 -23 -90 91 67 -9 54 75 -92 -31 -9 45 -97 10 119 -76 -60 8 -24 43 121 -11 24 28 85 15 -109 -14 55 32 25 -64 -124 88 -18 -49 110 -103 -117 39 7 50 97 3 -113 73 45 18 15 -26 -9 -98 82 30 59 63 36 80 -102 40 95 -47 -68 -112 -81 17 20 74 -107 -98 60 -98 -126 59 -116 -88 110 -39 -88 -6 -74 2 -36 -2 39 -26 125
-91 0 58 -8 -15 -99 -65 100 37 90 -23 83 -63 -88 45 -40 -127 -56 -56 56 -22 58 54 -51 -17 127 9 -51 -71 9 -13 -3 71 37 120 9 111 -78 -114 -10 43 126 67 7 124 -94 -110 25 57 74 44 4 -46 -115 43 102 -114 -51 -122 95 22 -33 65 2 -13 36 -10 73 122 11 -96 34 -33 -28 19 -116 109 111 122 -14 127 -33 70 -20 -111 62 19 17 -52 -50 -18 -61 -20 -46 -44 3 -117 -16 -41 -64 -124 -128 -1 105 -84 75 42 -88 73 -121 55 -12 -69 -30 -109 -10 -78 -114 80 14 56 -107 89 -109 54 4 9 117 93 75 13 -123 113 92 7 -104 -126 121 116 87 122 -8 86 -123 44 122 -51 68 -125 -94 93 -126 -94 118 -89 -48 102 -20 18 63 -87 13 -57 8 -119 115 106 24 -117 87 -100 -64 -74 125 -101 -92 -43 -76 107 -87 80 78 64 3 -54 60 -101 -87 70 -64 73 -44
-72 -52 -46 76 -49 -100 -93 -39 22 43 29 -59 -3 8 102 -43 59 -23 5 -94 86 -25 22 -81 15 -38 36 66 -61 62 116 -97 37 50 -128 114 -65 67 -36 -37 93 -34 -117 -126 49 -25 56 105 121 -83 69 -49 64 -26 17 75 6 86 -60 -38 111 11 46 115 115 -116 -4 -66 42 -81 -103 127 -128 -81 18 -84 57 40 81 1 113 -64 -10 -119 109 -47 41 -72 -91 14 -94 -32 109 2 -124 -112 127 69 -37 53 -121 -52 57 54 79 -102 -98 18 47 -92 -4 -91 -47 -77 -100 82 -74 -88 -13 -63 33 47 -73 40 -113 107 22 29 -48 -76 -18 72 -25 39 118 -36 -87 67 76 0 61 -109 -73 17 -84 95 -122 -74 -31 28 -83 115 -60 -128 -127 80 96 30 22 -59 14 43 -2 73 -128 -43 35 -97 17 75 -127 -75 -70 55 51 -5 -84 -72 -60 23 31 -118 96 73 -118 89 -77 -42 113 -56 -47 -57
-7 23 -33 -74 -78 58 61 46 4 -83 -87 -85 -68 122 -31 104 -14 -12 -3 98 121 87 -49 -33 9 -53 59 -72 10 -67 101 98 -13 92 -88 22 75 -47 -65 -128 -30 83 40 -127 -18 -19 53 76 -44 92 -48 39 -17 -121 3 63 -86 -70 -37 119 98 -70 17 -34 100 41 8 26 -108 88 103 18 81 9 25 91 -86 94 -29 -101 -106 -90 -102 115 91 63 -61 -56 102 120 -90 -28 66 62 96 -29 58 97 -15 96 19 -114 -68 -54 83 46 59 -19 39 -14 92 -61 47 -63 -7 -95 -36 -22 -46 81 -123 -60 -116 100 -27 -10 56 67 -107 -86 70 -108 100 96 9 -13 -46 48 -58 55 -38 108 -83 -10 86 -61 -77 -85 -34 -11 -24 -22 4 -1 61 -44 -100 6 34 -120 -35 -126 -72 -5 -59 -54 27 -99 89 85 -13 -19 46 8 -27 58 55 -90 -2 38 -86 -119 30 104 -89 -18 92 -64 -118 -57 112 -4
-34 46 38 -123 9 102 -75 71 2 -23 -96 -40 -126 -12 -19 122 114 -128 9 -9 82 45 -31 81 30 -73 -63 -67 1 -72 125 57 -104 -113 -58 33 -113 9 100 22 51 42 25 -14 -110 -8 36 -46 -47 67 -52 -52 -121 -40 -75 -70 126 0 52 21 -30 10 110 15 -45 -42 38 0 -112 71 -125 59 -101 12 -16 -108 -70 -89 42 74 53 -103 -34 56 -72 58 67 -115 60 -89 -57 28 -83 -83 -39 -109 121 68 47 64 -55 34 -127 109 126 -120 80 -84 -119 -56 14 57 -38 -78 -58 -15 69 -92 107 -111 17 -110 80 25 109 -43 -46 -25 -120 104 62 -96 -50 68 -104 -67 74 -34 102 -88 34 121 -26 27 -70 -78 -104 90 54 18 17 68 -83 123 -30 -55 -110 119 80 -126 -120 -13 -11 96 105 89 53 20 -39 107 101 -121 33 96 -125 62 -63 109 -20 -44 -69 119 -48 -121 16 43 -23 -96 7 -23 -115 62
2 -114 126 -12 45 -57 -70 111 68 124 107 123 94 -75 -31 57 40 -117 55 -89 -86 52 -90 -51 -80 20 -32 -20 -117 -69 -60 52 17 -27 99 -33 -57 -92 4 -5 89 -105 29 -104 40 -121 -39 -70 -2 5 105 57 29 109 -34 18 102 -35 -70 -86 -107 -111 58 -81 -75 -21 67 -90 -99 -10 49 11 -117 27 -94 96 73 -108 77 -23 -8 -37 113 -60 -8 64 69 71 -16 -117 -83 -73 -30 -26 -60 98 -36 10 -54 82 11 48 127 -91 -111 -61 -65 -37 -102 -1 -65 52 -28 66 -117 50 -60 -55 -126 -19 -108 -97 90 68 77 -39 -63 3 33 125 -115 -80 74 23 57 58 -63 -92 96 -69 40 -3 63 121 -94 21 15 114 46 -2 -68 30 105 -26 57 12 42 94 7 23 106 -31 -118 -62 103 8 33 118 116 -62 -51 21 -63 39 21 112 43 -104 -107 116 -114 103 52 -91 -8 -38 10 77 98 -26 -112 -103
40 -23 122 16 39 0 -36 -109 125 -79 13 42 62 76 21 120 -24 57 2 57 97 43 -84 -86 -35 -66 42 -96 -48 -15 11 85 12 58 -84 77 74 -17 14 98 -106 -121 -8 88 -83 73 86 -75 19 34 27 -78 -27 -74 -67 16 -72 85 49 27 15 44 -124 44 -102 -11 49 78 51 -37 121 -100 -53 26 62 -87 126 -2 -110 71 -50 99 -111 -44 107 -11 58 70 -73 -14 90 -107 -88 -34 -117 42 -83 -40 112 -53 -50 23 106 -23 -19 118 69 35 -27 -74 -118 -96 114 -72 -73 124 31 113 -10 110 -9 28 16 127 -32 -102 -61 -89 -63 17 42 117 -98 82 -8 -55 73 109 -23 33 -110 29 63 30 117 -48 -94 -112 -83 103 66 -71 -17 28 59 -7 106 89 112 -59 -92 -11 74 42 8 -87 -95 81 65 20 1 127 119 38 -8 14 111 -26 -114 -55 -110 -49 51 1 40 27 -97 7 117 -34 -123 63
66 108 -63 17 -39 49 77 -73 84 8 -78 89 55 -125 -57 -5 38 -84 -94 -103 11 -126 -56 10 50 -94 8 -15 77 49 121 6 110 -69 -84 -30 119 -45 -38 -40 111 60 -66 -44 -88 -14 3 55 -93 51 -50 -53 80 35 -60 4 16 95 74 50 21 -51 96 122 68 118 -90 14 -66 -8 -79 -125 -113 57 81 100 32 1 24 -19 -32 104 36 3 -54 26 -15 29 103 -125 12 21 -93 -105 49 76 41 78 56 80 65 6 40 -86 78 47 120 5 -74 -36 -78 50 50 -32 62 108 -86 -103 38 92 23 44 -35 8 47 46 41 -29 -104 -112 -5 -12 -73 36 67 -80 45 96 28 -1 -124 -60 -57 92 101 98 -112 -105 -51 99 28 -20 -99 -79 -23 91 65 -12 88 57 93 5 95 70 45 35 23 -17 -87 -7 -31 -29 -53 -35 78 43 -74 -17 -82 -24 113 38 -48 -35 102 -36 0 -118 106 -107 30 65
-17 -24 83 16 -38 31 -10 60 107 100 71 -67 9 -87 125 108 31 -97 -72 58 -24 80 -51 -27 90 -120 9 97 83 -117 6 11 72 79 3 112 -87 -13 123 -3 -27 -64 -52 61 -81 22 116 -68 38 -38 96 -42 -127 -50 78 24 127 61 1 31 -29 44 124 -113 -119 44 29 -28 100 46 31 16 8 6 -14 -27 66 50 115 26 65 -35 18 -8 26 -26 23 83 5 22 57 54 -97 -106 50 72 -16 -45 -118 -43 101 5 -32 -106 9 11 73 -26 -43 -41 6 -19 -124 -50 51 79 57 114 43 119 4 -56 -127 -101 42 45 65 37 97 122 90 82 -123 26 -31 -29 5 -75 -37 -63 -33 90 -58 118 -68 -88 -31 -41 81 90 -32 -73 -107 -13 -99 62 90 86 33 54 22 107 -72 26 -45 99 -110 75 -56 -104 -117 -32 -105 58 96 -76 29 0 -17 -54 -30 70 57 1 -90 -12 74 -3 4 117 49 -68
-5 46 66 80 -45 -109 -15 123 -68 116 -56 84 112 -36 53 -8 -55 18 8 84 49 76 -95 -91 121 -62 -18 106 -50 -80 45 78 -84 65 -30 -61 83 107 39 -122 67 47 77 57 -24 51 -15 -39 49 106 121 94 19 -87 50 88 -85 85 -30 -68 -24 60 -50 80 51 -8 121 -116 -75 60 -99 126 -42 75 -88 -116 114 5 -8 -69 4 -119 41 22 -70 51 101 101 30 56 -20 -58 -111 -63 -57 -27 16 38 33 -71 -32 -114 87 37 118 -51 109 -14 -88 -54 10 -44 -44 -73 40 -42 107 -58 71 -9 -32 65 118 20 124 -22 33 89 31 -60 67 -5 13 114 51 31 111 58 122 14 6 25 106 -94 -63 -128 -21 33 -35 2 41 -64 48 110 64 35 -127 90 66 91 84 -41 26 -52 -23 -4 22 -55 33 21 54 123 -38 112 -2 -100 -2 -85 -41 67 -32 -58 -46 -28 -85 -29 -27 -89 -16 107 -46 121
-32 -113 51 33 -125 78 125 114 80 85 -17 -8 114 -16 3 -46 -45 0 -63 -5 -46 -3 52 77 -6 -105 -56 23 -13 -19 -77 0 -45 -7 113 -76 73 -7 77 -35 -112 116 -55 -48 -28 122 76 108 119 64 82 49 -5 -60 9 -1 12 18 91 0 -53 -62 72 -55 -76 31 53 43 85 125 124 20 -93 -53 -40 108 15 -66 72 20 -91 -28 -90 -111 -59 85 0 -49 124 66 -119 -51 92 -19 64 -19 66 63 -77 32 112 -99 23 -64 78 41 -36 67 -79 87 -95 63 5 85 -9 32 112 -49 3 -99 -51 120 -78 28 -107 -31 -112 97 80 -19 -4 119 120 -85 -61 35 111 -64 120 65 -53 -122 97 -126 26 72 -95 -107 4 -117 -124 73 -50 -55 2 30 -21 -79 -25 42 -124 23 -53 72 100 77 -25 -79 -15 -31 7 -93 -63 91 69 5 10 -59 23 1 45 69 83 112 -83 58 -45 -100 -107 125 -57 -5
26 -11 -119 112 79 54 17 67 -61 -8 38 82 114 -107 119 -111 71 -47 84 61 -35 -33 23 -99 -74 -50 -98 68 -60 -103 34 -20 -111 78 56 115 -84 -95 -88 114 -89 -69 -59 34 -62 115 -45 62 96 -34 -111 -25 125 -31 44 -74 -15 -60 -69 -108 -102 -126 -91 -39 127 -59 -111 -47 -18 125 49 -84 -92 101 -87 11 -83 37 100 15 44 127 -83 36 71 106 45 18 111 76 44 67 73 21 -95 97 64 -27 -55 68 94 126 46 37 78 25 -38 9 -64 27 26 101 -54 84 -75 -5 -25 69 -52 -35 -115 95 72 63 -38 -67 -21 -90 -18 34 94 116 -65 51 95 10 101 127 -31 -59 55 55 42 -37 -8 -106 -85 13 55 33 105 -49 -36 16 -57 -12 124 -126 69 -71 76 67 66 77 -97 -35 112 127 -22 14 -123 101 81 -123 -97 13 -109 -101 24 -37 9 -110 8 -96 -125 25 10 89 -61 -60 -87 -50
-30 11 29 -113 -112 41 115 59 -33 18 92 -119 79 46 -70 70 -55 94 -107 -75 -99 -127 -103 -128 99 -65 -58 -100 -122 75 94 62 77 61 37 85 24 91 28 73 16 87 -38 -62 -57 -63 102 -57 -97 -9 57 -7 22 101 -69 -80 79 -63 -18 -65 -66 -1 -29 -51 76 71 -34 23 -57 -41 49 102 -70 112 -75 -107 -74 -65 28 -27 -101 -109 -11 2 31 -86 -35 15 59 -59 -42 65 112 58 -7 49 69 -14 -127 59 47 -125 5 -6 -76 -118 20 95 -55 -64 -68 32 13 117 8 -51 51 -84 9 44 -60 -106 -46 67 -100 -39 -19 125 106 -61 -59 -105 -5 -36 -29 -106 89 -100 18 -18 9 17 -86 -116 -66 -106 -39 -31 28 8 121 89 -39 102 5 -11 -15 92 -101 50 45 46 109 88 69 63 112 -72 20 -41 -94 -97 78 91 -83 20 10 73 -79 -92 79 3 -108 -17 -39 127 -23 5 -43 52 -2 88
83 -44 -12 -69 37 41 -5 1 23 103 104 43 -16 -107 91 53 -63 21 -62 -1 107 -4 -114 -88 61 -95 -24 58 -18 -95 -32 -44 -70 -22 -71 79 35 -2 -117 76 -120 4 57 -90 -1 -99 7 -111 -58 7 30 -112 79 21 74 -109 75 115 106 -47 3 -109 33 3 -18 24 -112 29 -53 65 -19 -114 63 5 -29 42 116 94 -6 -2 97 52 -81 -101 -9 -113 -75 66 -54 -91 -80 -108 -17 -14 30 21 -19 58 109 -52 -69 126 39 -48 -5 8 -59 -80 -91 -94 -113 27 -104 27 -99 44 -101 -88 117 -8 121 109 109 -103 -71 114 -11 97 -21 -119 -95 4 -127 106 -66 -103 -65 -77 -116 75 -81 103 109 47 -108 -33 58 -128 -27 -117 11 95 38 -73 -84 -92 -107 58 9 -125 86 104 100 106 5 48 -28 -84 36 117 28 -17 121 72 50 116 120 -98 32 -28 -95 -55 -18 39 -92 -127 92 112 -87 64 57 -93
-48 -123 -109 -36 -121 -125 -121 28 94 -19 7 -60 72 100 -62 60 111 -100 -75 106 -117 -31 -8 -16 -21 -124 -35 104 -71 109 -49 72 -35 -22 -15 10 -105 -80 107 79 54 100 48 -49 -42 80 -84 -18 91 4 -50 41 125 19 72 120 -93 56 50 -26 -112 65 82 -100 79 61 -89 22 8 63 117 -2 56 -98 -107 -54 -47 -49 -125 1 75 -71 -1 80 -104 108 -88 82 111 93 -98 1 43 65 -110 100 101 -21 121 90 -8 -101 -41 -15 97 85 66 28 4 -6 77 98 91 -72 127 -90 -24 -33 -10 -39 31 -54 -48 99 54 33 -120 -52 -8 66 120 38 -32 16 -50 117 122 17 55 -98 -5 35 40 63 -7 92 21 -66 35 104 -101 -107 -27 20 60 -109 -28 102 38 54 -119 -92 76 110 -100 98 89 89 14 95 2 31 12 -25 103 -82 119 127 111 -25 84 -67 -97 -97 -21 39 94 118 -18 -19 5 53
123 -6 51 82 -47 45 85 16 -107 -97 -21 -108 -39 -112 -77 -87 -32 -57 -56 49 57 33 -88 -92 -45 -52 -51 -50 9 85 86 20 53 -6 62 -6 -113 82 -94 40 -27 -117 -120 24 94 -122 6 -13 -98 46 -37 -117 9 -47 125 -117 107 -85 -42 -47 -60 -15 -72 9 85 -15 4 -127 -44 -21 -19 -116 126 58 -63 120 90 -102 -2 -35 -6 67 82 37 121 68 127 -23 92 60 60 120 95 97 -30 75 54 4 10 71 -81 -103 111 -33 -6 66 71 -94 51 3 -56 51 -47 -34 -110 86 -93 -122 79 -26 29 56 79 -118 62 61 -58 90 89 57 127 44 -41 -87 6 -53 -34 0 -47 51 99 93 59 17 -15 7 11 -54 -27 92 -21 -86 -90 40 60 101 57 -54 120 -48 74 18 5 -30 -67 12 83 36 32 66 64 -77 19 114 -97 -124 -92 33 -61 -57 -75 41 -52 100 -107 -1 -24 83 -30 -9 121 7
114 38 44 -66 -76 30 70 -88 64 6 127 29 -75 -86 57 -8 -30 -45 68 -6 40 -60 90 31 123 125 42 59 82 66 -27 114 19 92 -44 39 -119 110 -106 -5 -87 -18 55 -114 110 -48 81 -87 -61 -10 -57 68 40 90 -119 91 -66 40 44 92 -39 -48 -80 -98 29 -6 -115 44 47 47 -16 -18 -126 122 -74 -86 -54 -126 114 -48 -118 39 25 66 89 85 11 44 50 110 91 41 -99 62 -112 96 -105 126 -30 -122 -112 112 -88 114 64 -66 125 62 51 112 63 -31 -47 95 3 91 86 58 86 93 77 -95 -15 -110 83 103 -28 -82 -54 -24 94 60 78 -107 -100 2 -12 -89 55 -31 2 -27 125 37 -41 -7 -14 23 88 21 -41 43 69 -94 -109 -72 -43 -5 96 82 -79 118 101 -53 -84 -56 -41 -48 -114 25 -46 91 -121 75 -101 110 -121 -71 5 -12 -25 35 14 17 -103 124 127 -79 60 100 -88 -120
-36 29 36 -35 -30 19 -81 -22 49 82 -28 113 -90 -123 92 -111 42 103 18 -125 12 118 95 -40 76 21 63 110 -13 71 19 -108 -75 -93 -67 8 124 1 29 117 -89 35 125 -96 -112 103 -8 15 5 -60 -124 47 107 16 81 -92 3 63 91 -110 -103 114 -126 -124 92 93 -19 10 -13 -114 17 0 -23 -123 17 50 56 -24 52 22 -14 77 26 -50 -71 -106 -36 -12 27 -12 -23 -65 -123 -32 24 110 -58 104 86 55 -67 -36 125 -16 116 -93 -66 68 -75 -55 -41 -34 -103 55 -69 120 102 59 106 -65 -43 74 40 -77 54 -100 -73 27 -85 120 64 0 93 -50 -73 -21 86 59 -101 91 -30 -38 -124 111 -86 -120 115 -67 -113 -124 102 23 -74 83 -83 93 4 93 -25 -5 43 -96 16 -25 -95 63 73 80 -12 -73 16 86 -60 62 -104 -94 -126 76 4 33 -55 123 -113 0 -73 11 96 74 -2 -114 6 -113
-92 13 17 8 -67 -111 -85 8 -15 5 21 -51 -128 118 -29 -9 -3 18 -125 -70 -87 74 83 79 119 -94 103 -14 -104 -81 -112 -37 70 -57 -70 123 66 114 -72 114 -44 83 31 53 -57 14 114 93 -104 103 85 -123 -11 -18 45 -52 -99 42 -86 55 -120 10 107 -121 -20 68 -111 96 37 83 83 45 -117 96 -107 -12 -58 -126 -115 27 75 82 103 60 79 68 6 52 68 -75 -68 11 -9 -122 -60 -94 -32 -80 74 -30 89 36 52 -124 -64 -127 110 -115 51 -61 -32 18 56 28 59 -11 5 82 104 -117 -94 -85 4 -92 -83 -102 -19 46 -84 84 -84 42 -36 -97 -35 -19 -102 41 -37 65 62 15 -84 -91 -102 -48 -70 58 -77 50 51 100 -29 10 95 75 -117 91 57 101 120 -69 12 118 34 -19 56 100 -78 -30 -91 -27 -57 -75 -56 -106 -109 108 113 107 -61 -76 -35 -13 -125 87 78 -4 -60 81 -110 -89
98 10 -32 -91 56 -48 116 -22 114 116 95 -35 -35 -19 -88 -58 77 -3 -41 -106 40 80 -85 84 26 124 -75 -39 101 -104 -21 -43 -74 -93 -12 -97 -80 80 43 -116 126 118 -58 122 79 -53 75 -125 -33 75 -71 72 42 -106 -83 49 -122 -14 -47 -13 -33 -111 -122 16 98 58 -78 -106 -35 84 -25 53 -103 8 -111 -71 120 -73 -2 -107 -89 111 88 114 10 40 68 -74 -122 -119 125 115 123 109 -92 69 -20 13 -119 -120 -34 5 -33 6 -63 -110 -21 103 40 -28 -43 -61 -45 -122 115 115 -95 52 -27 41 109 42 22 45 91 -18 -71 -115 -3 49 120 -84 109 -8 -43 -113 21 -45 40 -1 -89 -75 19 81 -3 -112 -126 -1 -14 105 -51 58 113 -68 -2 -52 63 -114 -13 -20 -24 55 55 26 85 61 -96 -116 79 13 -40 0 -88 59 -33 85 108 48 -84 -28 97 -51 75 -57 100 -61 -12 -47 14 24 -43 -53
-54 10 89 32 24 -71 57 42 -52 -59 63 -59 17 -128 2 85 78 -4 -88 -108 74 68 -16 -109 60 -15 60 -118 28 58 121 -82 89 106 -38 -84 -28 122 45 0 -120 20 -9 109 73 29 -5 25 57 119 127 58 110 -23 123 -91 -67 -8 -50 93 -122 -92 -35 105 -19 -50 15 83 59 117 -18 70 88 -92 -124 -41 26 -128 113 123 81 -98 82 -54 87 73 -78 -11 93 -94 21 111 115 117 -2 -102 4 -12 -28 -33 -93 103 -22 95 109 117 -37 -31 48 -98 -14 -56 -81 -80 24 -52 -40 -99 19 -3 124 6 -64 70 7 -82 52 -52 -43 -101 45 99 -40 -75 97 25 -43 116 -25 56 73 116 -84 63 24 -29 -93 120 118 73 96 -97 114 86 -125 4 11 -43 -62 38 48 -44 102 81 -1 108 -80 -13 1 127 -118 42 -32 8 1 122 42 -19 -73 -59 34 -104 31 110 0 -33 54 109 122 -120 27 -62
26 -105 51 -63 -118 -70 99 -64 0 -125 83 76 -43 -72 54 32 118 105 94 81 51 -53 -123 123 -58 81 124 17 101 87 -65 -116 -27 -27 -22 -36 22 95 -107 83 49 89 -1 -68 -43 -23 21 -72 -101 90 -51 76 48 -1 -108 83 115 33 5 103 39 102 0 -84 40 110 42 -116 41 -46 18 96 -84 -112 -37 126 -14 -33 -77 -15 -12 -96 21 -128 -111 -82 -28 35 -56 -98 112 4 67 -35 -119 -17 28 -127 -46 -20 25 72 -52 7 124 -30 43 92 81 74 -12 -15 100 -38 -35 19 89 -46 120 -70 4 69 -40 -63 32 124 27 -45 1 -57 -100 -124 -98 92 7 11 -86 -2 1 -80 -104 53 50 -113 31 -107 -28 -109 -68 -48 42 88 124 126 64 -70 57 -69 98 -47 -86 -30 67 58 93 -104 41 -30 -21 73 91 -70 -69 24 124 35 117 -22 14 -119 -9 76 8 -3 67 -76 100 90 -4 29 -6 95
-107 78 18 86 -19 35 41 -1 -95 17 -20 44 -80 -35 -39 1 124 88 44 -46 -114 91 -63 -71 98 103 70 110 -25 35 -92 95 68 -72 -75 11 -123 35 -47 -94 -5 -96 104 -43 -96 91 -5 70 24 -85 -66 54 -126 107 -11 26 -113 -99 67 127 -83 76 13 93 101 -125 97 24 107 -113 -80 -72 26 10 97 -23 -27 -109 -93 117 -8 118 -72 70 -57 50 126 -96 94 75 55 108 95 -5 -99 -47 -117 -97 -65 34 124 -101 124 102 120 35 74 5 10 -31 -122 60 -62 -52 -120 44 20 66 72 22 -54 98 -126 42 -113 -66 78 -37 82 42 47 -21 -101 31 -39 -36 22 -127 70 -19 43 127 -31 14 115 24 33 122 -48 48 41 -93 44 120 0 -24 -13 98 9 36 -65 -10 -89 28 -80 49 -89 -41 -37 -57 9 -2 -33 22 28 -34 -59 -36 1 84 -109 -37 79 -78 22 65 19 47 50 47 -42 33
-117 22 126 61 -125 -122 79 13 25 115 66 -93 98 -67 -97 -57 99 -31 110 -35 102 123 -51 -87 46 -59 -28 99 66 52 -93 100 -25 29 -99 -110 14 11 -123 -98 127 13 -33 -80 -42 28 123 83 91 -81 -10 115 93 78 -50 70 72 68 105 -118 -14 -116 -57 67 28 101 -51 -59 9 65 -98 115 -20 -1 -120 -3 -42 7 -125 14 -120 27 -75 -69 -50 -56 118 -108 45 70 -51 81 69 -72 39 -87 19 -77 4 44 -63 75 -28 23 60 -127 -10 88 -44 -45 88 -96 106 60 -55 -87 55 -93 119 -64 11 82 -50 -95 105 51 19 87 95 61 -119 -126 114 -56 -54 19 -124 -28 -106 -20 6 34 -91 -84 94 -79 122 18 -24 83 -113 -120 87 15 63 110 -2 19 -50 79 -71 101 116 -111 92 45 -40 85 -65 60 -39 103 13 -106 -65 -54 74 -12 -79 -31 124 1 42 -101 -57 82 -88 -80 110 11 114 -68
78 -59 -9 -56 -15 27 106 -114 -42 -29 10 100 -127 -11 -99 -77 -4 101 -70 19 119 -93 -124 58 -78 -81 -63 -11 81 53 -108 -44 -49 -30 -72 44 6 -117 13 -99 -38 40 0 122 -72 81 -125 -118 -26 103 -67 91 -116 57 -8 63 -38 10 -26 23 -3 104 107 -61 116 -72 -69 3 38 -93 -5 -73 121 72 -78 50 17 37 56 -114 11 -20 -34 -105 73 92 -57 13 115 -38 -53 -67 120 113 41 -63 36 -108 -97 -26 38 17 8 3 67 -123 -40 70 -118 -82 -20 40 85 -7 -31 -120 -106 -45 -113 17 71 70 -37 -50 -51 2 25 117 -114 -86 -12 87 -27 -90 -102 -57 65 -62 -33 6 -95 -44 -113 50 -106 -87 27 57 63 -11 87 97 -120 -126 121 50 -126 85 -95 -57 105 115 -66 -3 -65 31 85 -15 -94 54 -115 27 -63 66 59 -59 -39 -114 -35 -97 -99 -63 -58 -84 85 60 -28 118 29 115 111 99
-117 123 95 52 113 -83 36 -87 38 -115 -6 53 93 37 -102 -46 -84 101 -68 49 10 1 49 -86 98 -78 89 -17 -119 -91 112 -82 114 -10 -56 -84 -81 124 -89 -10 7 97 34 57 -49 -95 36 65 -53 46 81 117 70 -49 97 94 -118 -93 75 -95 -67 89 -29 -86 -99 23 -90 70 -118 121 -55 25 -105 38 -29 -53 110 89 73 38 -28 5 83 -125 3 -118 -21 53 -9 -32 107 18 37 -65 23 9 9 10 92 55 66 92 108 0 74 70 -70 62 71 -117 5 -87 10 29 110 20 -19 -52 -92 -54 -27 -19 28 44 -62 -1 -51 24 59 96 -65 -10 -81 110 120 77 44 -30 -75 -127 -90 54 4 108 65 80 -3 18 -119 -76 60 -47 -73 -116 92 120 52 73 -98 28 -11 -107 62 11 -21 76 -48 82 -30 -63 -128 120 -93 -26 20 -64 10 92 92 123 -106 105 91 -7 -69 55 33 30 -118 77 11 -104
-79 -64 21 47 64 -102 -28 78 125 85 64 -18 122 -37 8 -93 67 -31 31 126 -81 -74 -60 -85 77 78 67 -113 -77 -2 -42 124 85 -83 -68 39 -121 -82 108 101 19 7 -44 36 7 25 -65 71 -1 103 -101 -5 -116 -40 -37 100 -112 126 89 109 18 -90 33 -98 -9 26 124 23 -88 89 -14 -33 118 -122 -120 58 -16 19 1 -88 71 -56 95 24 -118 17 120 -97 97 119 44 112 62 -5 69 -37 -98 108 39 -119 13 -114 48 25 95 -8 -97 82 81 -113 -81 93 -64 92 16 123 -117 -37 114 -64 -76 51 -3 15 120 43 111 -27 117 -72 -11 -75 -113 80 97 -121 118 76 37 64 -63 107 -55 -77 116 -115 58 -110 0 86 89 54 23 -67 66 39 34 26 -93 -70 -45 69 -42 4 -98 -102 123 109 29 67 -103 -56 -63 -91 107 -57 55 22 -6 -81 18 67 57 51 -44 -103 -50 37 2 -91 -89 -88
-14 38 3 6 19 -102 37 124 34 60 62 -106 -87 119 -108 -100 -32 -114 68 -108 29 -33 35 -31 -48 95 -63 -8 -42 79 -5 94 -27 -77 -71 -126 84 -4 -117 33 87 96 -47 -54 -66 -76 105 38 -36 77 53 69 55 -11 -112 -116 51 67 81 -65 20 -55 -46 -66 -2 -110 -89 46 -27 23 -92 -90 -118 -24 59 28 -107 -50 106 -6 107 108 117 -119 92 47 74 -81 -1 81 29 16 -115 -89 55 -121 -96 -64 124 -73 119 -32 39 -19 88 107 52 1 107 63 104 -58 116 -52 -28 45 54 91 -27 62 1 64 7 117 58 -95 -33 4 92 26 -56 -119 -24 65 -46 95 56 -109 -42 70 -56 10 -116 70 70 102 16 -43 -116 -81 -17 85 7 92 103 -54 -100 90 124 14 -1 -23 -125 -119 -23 -128 33 -96 113 -11 -121 51 -125 13 -96 23 80 69 -4 -43 95 -104 -92 46 -30 -92 10 9 123 31 44 -81
105 -90 -116 -4 -36 -12 -117 -69 -9 86 -29 -78 108 50 1 -11 -94 31 69 110 -101 -70 41 27 -86 -38 8 31 6 -103 113 -90 -49 118 -107 111 88 0 -123 -67 -39 107 59 8 -19 -22 42 56 -7 -59 117 25 6 124 96 38 -66 -99 -122 23 1 -58 13 9 -119 58 -128 -72 118 19 22 -78 24 -82 126 89 -29 -42 -10 -41 46 -79 32 83 -116 -32 12 107 -67 -72 -85 -22 119 -1 122 121 32 125 -120 -88 -118 -86 -94 -82 -24 -88 -95 54 -109 -106 27 -102 55 -109 7 27 -111 49 -61 18 119 76 4 -66 31 -128 -31 -125 -40 71 -55 -19 -124 -6 -80 -77 -12 -20 44 -36 -87 21 -121 -31 -36 -126 39 -11 -117 -67 -8 92 91 66 115 -21 95 60 -6 -50 -37 55 115 -14 104 66 4 17 36 -8 118 -5 57 -103 -49 -106 -69 -26 96 -99 58 -8 -108 -121 108 79 -46 -41 -35 -68 75 -83
81 37 17 37 -88 -1 -110 -21 51 -5 -36 -87 42 -100 -53 118 -90 -76 96 9 44 -96 86 -73 116 103 -11 -84 -28 120 25 -113 9 8 121 43 -75 -68 20 -106 89 -99 101 -24 -47 -14 118 -1 117 -37 2 -35 54 -13 -5 -116 -2 -50 -95 -34 1 63 35 -33 121 26 -128 -62 54 -24 75 93 21 88 -30 56 89 -65 80 -97 -2 93 86 66 -114 82 61 -22 -50 -111 91 -71 -80 8 11 93 35 -115 82 -63 -30 -81 21 17 -105 -81 67 -126 -113 -31 35 49 9 88 19 -83 -11 60 -9 -9 -68 92 5 86 102 -115 -79 100 -124 89 -123 -89 27 -65 37 18 11 -125 32 111 -97 -110 10 -108 33 -25 -106 95 -80 -112 54 50 93 -101 45 90 65 -102 115 -94 -37 51 0 -123 90 -112 -98 63 5 -122 -40 -95 17 -85 -21 -49 -2 -94 119 87 -72 -36 78 -118 -19 -122 -84 -7 -83 48 -69 -104
38 47 -39 -125 -38 -36 65 -126 -121 18 -69 -15 -66 81 73 -6 118 90 113 -93 120 -58 40 114 10 65 -72 -69 -108 -125 68 95 64 -31 -17 -56 85 -10 -71 0 109 -86 52 125 17 -118 -102 -38 -45 -49 -8 78 -60 -111 18 -97 112 29 -27 -103 -5 75 -120 -40 88 -64 -14 -64 -40 112 72 -26 56 -86 103 26 -18 -99 -31 64 -95 -112 -58 97 101 123 39 70 -34 70 18 89 -105 94 50 -6 -56 -75 87 -12 -7 -77 -12 24 72 -7 -92 -69 39 -99 -93 79 -123 65 -56 12 125 53 -101 -121 100 74 24 102 26 -35 -64 -103 -42 72 -75 85 122 -89 -94 84 56 39 -81 -114 85 -93 -107 -60 119 93 -43 72 -17 9 45 -32 49 55 48 29 110 -98 -108 -8 123 -111 4 -102 30 78 104 -94 -94 41 -36 47 36 67 -29 65 14 -18 12 -1 -6 -5 85 -71 75 -67 5 -32 -88 -88 69 -63
116 8 83 26 -92 75 50 7 -4 84 121 -102 -73 -124 40 125 -52 -70 -102 -57 115 34 -124 -3 -32 85 82 27 83 -86 1 114 -117 113 66 116 50 -118 6 -111 45 111 -105 46 69 35 113 7 -29 84 -61 -3 -28 -19 40 46 68 2 111 107 -89 34 88 -62 6 38 43 -7 65 54 20 76 -27 -3 83 60 81 -102 -25 102 -115 69 80 -108 -66 63 108 -75 -13 -14 -6 24 26 11 34 16 -71 117 27 42 -69 -8 -81 24 -30 -57 82 53 -32 23 -44 124 -14 -94 85 59 -14 -101 55 96 -8 120 -91 -21 58 121 -89 -43 -9 65 -64 -69 76 -66 1 108 -78 90 -28 -54 -49 -96 -48 -12 -12 -10 -51 -6 -87 -59 84 -39 118 -104 101 -34 123 -34 97 -49 4 66 -86 80 30 -41 55 94 98 65 -116 41 -72 28 97 -36 -18 -56 -2 71 15 -26 61 -20 118 -56 -39 -40 9 83 96 -45
39 -101 -67 -56 115 57 55 122 93 -52 50 -56 -51 -107 -34 108 107 72 -92 107 -69 23 84 87 -95 8 -81 -29 116 -111 79 86 54 105 -62 -62 -67 37 79 -23 -5 3 73 79 54 -48 -16 -79 9 96 103 113 75 -125 27 -50 87 21 -3 111 11 -8 -107 19 69 71 -8 57 -101 19 98 114 -37 48 88 38 40 29 94 -104 88 63 37 82 75 67 15 -105 -127 85 111 86 89 50 -76 -88 45 -67 33 61 -41 -14 -68 58 10 -104 63 -16 85 -4 127 18 -4 -62 -51 -25 104 -17 114 40 -114 -76 -28 42 119 79 108 -29 -77 55 42 -112 88 126 -108 32 -32 15 -71 -24 -71 49 108 -27 39 -88 63 90 120 102 103 86 -87 124 70 67 -102 -65 106 1 -102 9 -52 -39 -50 43 7 -101 -67 -58 -76 -100 -96 -39 -97 -2 124 37 38 -91 -122 -33 84 -42 -48 -57 100 24 73 -25 -109 -14
102 66 -123 -123 -17 32 -100 -45 -6 88 -128 10 88 -58 -73 25 56 54 38 -99 -41 124 38 116 49 55 -112 -103 47 -66 23 102 -4 12 103 -24 -98 24 -42 -110 -12 68 63 5 37 -19 -123 15 -87 80 -60 -51 -35 65 -104 -26 -110 33 -59 -12 8 29 -78 -20 22 -90 25 92 36 125 117 108 110 0 49 28 124 77 82 1 -104 -44 94 62 -100 116 15 81 -82 -66 -50 -99 25 56 31 -87 2 -20 -37 -126 -23 -38 127 53 47 94 -112 -110 113 116 40 -10 -100 65 -44 46 109 -9 -72 116 94 75 -119 105 -13 114 75 -79 43 -26 -47 35 -72 5 46 -102 -86 -106 103 -34 -97 -73 -70 -66 -71 113 94 1 114 -95 -101 100 -37 -22 -118 21 69 -51 43 -45 106 68 27 -101 61 -1 -86 -95 123 -51 -27 52 58 104 31 -50 -47 -94 48 12 -87 -72 -111 -101 -5 40 -22 15 103 70 70 83
-2 -94 -3 100 -116 -41 -65 39 -94 -68 -63 -101 26 87 -86 -89 -19 44 14 -101 -97 -97 -79 -105 -115 125 -29 -43 55 -104 -24 -33 -111 61 -103 -121 -105 1 -122 -55 104 -17 48 -62 108 -70 -67 -29 -91 126 80 -11 10 112 -19 -23 -30 -95 -78 64 77 -82 -112 -93 23 62 13 4 34 35 -89 -66 110 77 -42 69 -70 -37 -28 -9 75 -80 25 122 47 -30 80 120 -20 65 16 -50 -124 -11 -61 20 123 44 80 -113 -94 19 -103 -3 117 -3 -27 79 7 -36 18 8 -126 -31 -91 25 5 -83 -81 1 62 125 96 -7 -110 -123 85 24 7 -41 114 -109 -109 59 92 90 -76 114 71 32 14 -75 -85 -15 79 -21 -40 112 55 34 -126 -85 114 -13 -127 -86 -20 -87 70 -103 -56 51 51 -102 -38 60 -93 -21 95 21 -72 -75 -93 -76 127 -99 -92 -69 -2 126 75 42 81 67 -71 78 -83 2 22 -4 -51 -45
-32 -3 101 -17 51 66 -14 116 24 30 -31 88 -97 117 28 -80 -98 -108 -40 -44 -91 37 -29 47 -49 9 50 23 -111 -79 71 16 93 -20 -105 72 101 42 76 67 -32 -30 100 103 123 43 -38 -75 -44 94 -32 -123 -80 -66 127 69 7 -25 -56 -102 17 -22 95 -77 75 12 -56 109 -103 46 -40 -21 -127 -59 7 69 -84 29 -31 -27 43 85 76 106 101 120 78 -45 78 36 67 61 -126 -88 117 61 1 92 56 47 24 104 -20 -105 47 -37 122 23 -104 11 -39 -107 -98 59 4 -100 -112 -106 -33 21 -83 102 -19 -53 -124 -3 -33 -55 73 -100 51 -44 87 -54 110 87 4 -84 23 -26 103 119 -106 -93 62 70 -17 -35 -94 -69 22 6 -96 113 21 -60 52 -12 24 58 -17 -114 2 75 48 -81 -26 -126 -23 53 -53 -92 98 -57 19 -19 -36 71 108 -111 41 20 100 126 64 29 -46 -44 101 21 101 -34
95 -62 -19 118 -11 3 -41 -85 -104 -32 -28 -32 -104 -54 -110 -40 -63 -15 -5 19 -101 57 -120 115 -25 -15 -96 -113 -121 -114 120 -19 30 64 -6 -27 23 39 97 36 -30 -47 -96 -50 -70 -84 53 -41 23 -86 98 96 -82 -122 -95 -2 -77 78 5 -10 -90 35 49 -119 28 70 43 -64 -10 46 -124 -99 -109 -80 77 -91 -63 -111 13 -74 47 126 88 4 -87 95 -114 30 15 -87 83 33 -62 -126 -34 41 -80 62 88 25 88 -31 125 -99 -119 -74 -37 37 114 78 -121 108 -53 28 -59 28 123 86 20 -6 68 -85 24 87 78 108 -58 69 -74 -89 125 -95 18 -127 -64 109 -60 -117 43 -17 -80 44 18 122 75 -13 -68 -34 76 -15 -51 -77 -35 -3 -2 -18 113 -35 -34 65 -10 -107 -94 22 2 86 -23 -60 23 58 -2 83 -81 -24 70 126 121 48 30 -2 -13 -30 -57 -126 -122 112 -40 -122 120 6 71 84
44 35 -99 106 -47 -106 65 -12 77 78 -104 -119 35 79 -33 -41 -115 -82 -20 71 -58 0 99 -93 -42 -96 -15 12 123 -32 -85 -35 117 -107 -91 -104 49 5 -1 80 -90 126 -16 103 -75 105 -119 -21 -111 8 104 -7 33 -99 17 -77 53 105 55 -68 -76 1 -5 -21 -86 109 -32 103 -90 47 -41 -74 -43 -41 -49 81 -69 -57 13 -104 73 5 -20 10 -37 -94 -59 73 30 -108 -70 -63 75 -49 54 109 -76 17 -35 81 -3 46 -30 -73 105 -17 38 79 -70 -56 -60 -17 22 39 -38 -35 -77 106 -115 111 -44 -9 115 -12 -111 41 110 -123 -50 7 -108 -43 75 9 82 -128 -52 -26 -71 3 34 -16 42 -101 102 97 0 -112 -98 -73 107 -67 39 17 4 -52 -8 30 78 50 -22 -7 53 -123 106 109 77 -24 -18 -24 66 59 -110 45 -107 2 110 27 -97 -125 37 6 -66 22 75 56 -105 -79 52 108 58 -32
-80 90 0 26 -97 84 -46 95 7 -76 -20 5 -34 -25 -57 -89 18 126 108 76 64 -102 -89 -120 33 -53 -25 27 106 9 -73 102 -48 18 -120 -31 58 -66 -50 122 -85 86 127 -11 47 -128 -43 -24 21 -27 -54 -30 -123 -33 -38 127 121 118 96 15 -123 -78 -90 -95 -11 81 -70 93 96 -44 67 54 -54 10 -110 -81 62 -66 93 73 39 -71 -5 85 -20 83 73 93 -26 -101 69 115 -31 -102 -21 31 20 74 -55 23 62 46 -18 34 86 74 -120 107 68 -56 -43 -31 71 55 51 -58 -23 -46 -122 -37 75 89 -66 -15 -59 55 102 4 -20 87 -108 19 124 -85 96 -103 50 123 104 114 0 -56 77 65 80 51 45 84 74 107 -103 92 -127 -69 75 100 -72 125 111 -27 117 97 44 -99 102 -44 28 -11 -59 58 -115 -123 27 125 81 116 -21 0 17 96 76 -50 51 79 -36 122 45 -19 -124 50 118 -2
-12 -43 104 45 77 -62 -77 36 -60 2 12 -104 105 -79 71 -49 46 90 126 -14 -125 34 9 15 -115 -23 -46 65 0 -101 49 -71 -60 -114 114 29 -42 -99 75 0 115 -70 124 -1 -87 -88 75 20 -65 81 -97 20 117 57 109 4 100 -60 -89 -55 13 -77 126 -121 5 32 22 -7 -22 -68 10 88 -3 94 -72 67 -26 -10 -5 5 -110 -82 72 -94 -97 -46 65 21 8 43 120 29 -70 -117 124 -86 67 7 70 44 36 61 -123 27 103 101 -3 122 -48 -72 -39 -84 10 -40 122 79 108 -113 19 55 -124 31 -128 -67 74 -109 19 63 121 114 119 -51 93 4 33 -92 -80 -103 -111 -31 41 -31 25 -56 -128 -36 117 27 85 -53 -101 36 -71 79 -74 14 45 126 -100 -44 -73 -95 -58 -112 102 -127 44 -87 -121 -38 27 -23 -58 96 87 104 -63 -65 -39 66 76 3 86 110 39 -114 14 -115 39 -83 62 -38
-24 -80 -60 55 119 -32 -1 20 99 -101 113 -60 44 68 -10 43 -31 -122 49 -119 -88 19 -6 83 36 13 -30 -79 -82 -92 49 -24 -125 114 -13 6 -9 -104 -3 -84 51 31 32 -124 33 84 86 8 -87 32 64 -60 -31 -112 -27 -67 67 28 -29 -4 127 83 -98 86 -10 -45 91 47 81 -4 61 123 -122 -33 15 0 88 -25 47 107 -8 111 -86 88 -52 115 -76 111 -107 5 127 116 59 83 7 -2 -60 -111 64 77 -101 41 94 -22 42 -60 53 -103 37 -93 109 -19 52 75 -120 -15 17 -79 103 20 -73 9 -101 47 -52 -98 -99 82 -118 44 -108 -53 -5 126 -13 -84 -94 -13 126 39 -98 82 71 -15 -121 -26 124 118 -48 59 -103 -84 -37 -113 116 86 -14 77 126 -71 83 -23 -100 95 -102 -103 85 -30 -67 103 -17 46 -17 -71 -56 111 67 -70 17 17 102 -123 -14 92 46 123 40 120 30 84 68 -37
116 -18 -59 20 -21 111 -38 -74 19 -45 -50 -49 -37 31 -83 52 -87 109 -41 61 -119 100 124 3 -57 -53 112 -49 78 23 -97 37 31 101 69 -79 -2 41 -76 123 -85 -122 24 -115 13 16 126 -9 -26 -36 -124 -67 -30 56 56 93 52 -83 -119 101 105 126 63 -73 -26 51 -40 -20 -88 -25 -120 -9 -101 -97 95 101 61 -127 -96 117 63 -69 -23 90 -112 123 -88 83 -25 -1 93 -3 73 41 98 34 -28 119 -123 125 -86 -65 63 -121 -20 78 98 -79 41 60 -98 1 28 -15 -77 9 -16 22 -17 -100 -102 -79 23 103 117 -53 -108 45 64 3 -45 -49 15 36 -41 -126 -10 121 -19 -46 -50 -60 -119 -29 120 62 -116 111 97 75 -113 71 -30 54 68 -12 76 -54 -78 -30 -44 -102 -107 52 23 -98 85 -109 116 -44 78 -125 -3 -102 48 -23 20 -16 44 76 112 -12 90 -99 96 -56 -84 -100 -6 -119 12 80
-20 -13 82 -101 -125 29 -98 7 125 33 -40 30 -91 -117 -40 -70 124 53 -70 28 -31 -96 92 16 -50 68 -95 1 -30 -14 -31 -51 -73 -110 25 -18 101 71 113 -37 121 -79 -27 -46 0 -56 109 11 -38 47 -118 -127 20 16 100 87 82 -18 9 107 38 30 -90 -105 75 17 -13 83 -6 94 -52 111 -94 94 -14 104 7 -18 37 -115 -24 -77 41 -118 -74 -9 61 88 -48 -38 116 -112 -13 69 85 -28 123 -34 92 -105 67 110 64 119 -59 -127 -89 -113 -13 -59 23 -97 48 -33 -77 -33 116 79 -125 -6 -93 111 -12 -48 -6 -38 0 42 38 -126 88 -22 -73 114 -28 65 -4 -45 -4 52 -100 -89 -121 -119 50 -128 -79 -74 -30 -48 31 76 -12 -108 -57 -11 95 112 8 -128 -77 29 -6 66 -33 -22 -75 -6 4 -28 73 -55 -65 123 -5 96 47 73 -93 -108 -113 -42 -38 -61 -126 45 50 65 123 -7 116 110
-3 -8 -15 -83 -121 -7 -9 30 76 45 111 100 69 -106 63 -31 51 -21 -33 16 99 -108 -102 -96 102 -77 41 -80 -33 -38 76 -18 41 -31 40 -21 -68 -106 48 28 69 -21 29 125 -115 -115 -89 -81 -105 30 -110 43 -112 -111 -40 111 74 104 70 61 -121 54 -55 -51 -126 -122 -103 15 68 -99 31 23 -125 -40 96 -63 -112 -17 -56 22 107 89 19 71 41 -13 81 23 109 -3 -80 90 -52 120 -42 55 55 -77 -77 -127 -6 -41 5 20 -117 -124 18 -39 122 9 -18 4 -65 94 54 -57 23 35 61 75 -43 92 6 -89 127 94 3 -24 95 -51 56 -47 -102 -20 8 69 -50 -12 5 35 62 64 83 -80 -83 43 35 40 112 -60 2 -26 -103 -126 -9 117 -115 -101 34 116 -35 48 -90 56 -7 46 -118 -52 -11 -84 -122 -49 -101 98 122 90 75 -73 61 89 37 -111 -101 -33 -26 -79 26 -105 57 -102 -48 81
-7 48 54 75 -76 37 -74 94 -19 -63 -27 -27 -110 -56 103 86 -54 82 119 15 106 -14 -4 89 -62 118 83 -127 78 30 104 -61 -69 79 -56 103 127 108 -55 61 105 -73 -5 -9 126 -29 -12 47 -85 72 -124 -32 20 -73 50 -45 -24 70 61 51 -124 121 -43 -114 17 -26 -17 4 30 55 -112 -39 118 -108 -128 -75 -94 115 -17 -114 -107 -92 115 -9 81 -35 27 48 -78 57 99 65 -26 -54 -128 74 95 -74 -125 -98 88 -68 -85 104 13 84 26 -15 -86 -98 -100 6 -87 13 -46 -62 -106 11 -1 -62 10 -4 19 -68 1 105 62 -123 -29 -28 -35 84 39 124 -98 -107 -37 -107 50 6 -86 -52 -114 -107 -103 78 -82 -125 71 105 -22 45 -70 -105 -46 62 61 13 114 106 78 -16 17 87 -26 115 100 101 -43 -123 6 -25 -87 52 19 25 68 -123 -105 -28 45 -19 -73 -74 -82 -38 76 -117 -120 83 -84 87
-112 22 41 -5 1 65 101 59 45 -85 110 44 -92 98 -110 29 17 115 -26 44 -100 39 -125 -100 -44 -15 127 -96 -90 -55 89 116 122 -13 56 -32 -106 -82 51 51 -15 26 -10 20 34 108 104 -55 -37 98 -58 104 -49 78 -8 5 -126 -64 15 -70 -34 -118 -91 64 -61 -32 78 -47 -74 6 -114 33 30 57 -121 -15 -70 53 -66 96 -42 13 37 -112 7 -25 -89 117 104 62 13 -67 -21 -53 72 -24 -95 18 61 -61 -93 97 42 -23 -112 96 29 88 -125 -111 -124 56 109 -127 -37 -82 35 19 -44 -26 35 86 -21 -20 -92 26 -43 127 -2 38 115 -118 49 -90 -70 1 -57 -88 -70 8 -38 -68 -3 76 41 90 44 -73 -99 90 -128 -25 -13 112 -64 -2 24 -10 -110 -50 53 -123 -86 20 -120 14 -88 111 99 -105 -55 -108 -120 -11 -81 -19 94 -57 110 -104 -99 -108 27 50 88 -78 -92 102 45 -23 126 -128
64 38 -73 13 -80 -80 -64 -42 39 49 -39 108 15 -14 85 -101 109 10 109 51 100 78 -43 33 54 -21 48 78 -9 13 -112 -110 -23 10 13 -63 -21 28 90 36 74 -12 93 -36 -127 -114 80 101 0 -77 97 -112 68 119 6 89 -81 28 -4 51 -126 -54 17 -63 101 1 -114 111 -81 22 -56 34 112 -25 -63 54 127 -72 18 100 -123 28 42 -81 -19 -13 -14 56 50 81 20 57 -44 -10 81 36 15 -114 117 -61 113 -89 -115 22 -19 -26 19 16 22 -28 105 114 -32 -48 -20 -118 18 -82 28 -3 -36 -83 94 89 -1 -56 -115 -89 81 -57 92 -125 60 -71 -55 -98 -72 126 -94 -128 96 48 12 98 -55 58 112 -105 83 72 105 79 33 -42 -52 -33 25 99 -9 28 96 120 -74 -28 -112 2 63 25 53 -90 -13 110 109 20 -69 -29 -123 -50 -101 4 -22 -118 72 -4 -114 49 -53 100 -19 72 -88 26
-80 -54 -109 -45 110 -116 16 -11 -109 55 -50 85 112 -93 -46 118 127 45 41 -80 -126 117 -14 -119 -22 60 -49 59 -11 56 58 109 -97 63 -100 86 -102 24 63 -68 -99 -94 -67 -104 -102 -103 106 113 44 109 71 19 51 107 33 -125 111 -101 -127 -42 -14 -21 55 127 -10 -40 -97 113 27 120 -40 -18 -43 66 -19 51 46 -124 -73 37 116 62 16 81 47 -39 -66 -50 91 107 29 -34 56 -105 53 -71 -96 9 54 80 -78 -66 -46 41 77 -22 117 101 37 22 -84 -30 -13 -115 58 -82 23 -1 88 -64 -118 -22 -43 -2 -83 -66 -118 -6 -82 110 82 111 38 116 -120 -4 100 -52 4 -122 69 -125 105 41 -18 -47 -16 61 -117 -69 71 -107 43 -96 48 -114 -16 -73 -26 -23 64 -104 81 -42 -90 -32 -84 71 -117 40 35 -41 36 100 68 26 60 -125 1 -114 27 58 -27 -55 -56 26 91 -44 -40 -110 -19 -5
-24 21 104 -103 -58 23 -93 -74 -28 -31 -36 -57 58 -50 -11 -86 62 -72 -69 -118 -115 76 -109 -43 -4 117 121 93 -118 108 99 -64 45 96 26 -125 104 -94 57 -25 35 33 -93 76 -10 46 -91 -36 19 34 -66 -106 9 -58 55 40 -87 -68 126 46 68 111 -38 52 26 48 -75 -109 -17 31 -110 -61 -24 -119 68 121 -68 32 -46 -70 34 -83 -7 -94 -76 -36 -30 -125 -37 25 107 70 -18 -82 -74 89 -22 99 56 64 -36 58 117 58 38 -36 -52 -76 31 -33 -84 75 102 87 115 -13 107 -20 -124 73 80 -122 -45 122 23 -24 59 60 39 82 73 -110 -79 -78 15 -94 42 -94 37 -69 -86 -20 -33 -15 -119 8 21 -13 106 -78 60 99 -20 111 -31 -68 12 81 99 41 -113 -65 -90 -56 125 65 102 -6 -125 60 -19 -4 25 -58 -68 127 -45 77 0 -50 37 63 79 -26 17 102 -47 31 -110 88 98 -83
124 62 106 82 30 45 29 -71 41 -71 -96 72 98 -28 -28 -124 -53 16 85 -88 121 52 115 -36 44 -95 63 -53 30 -116 1 -119 -31 60 -96 -50 0 -6 -109 -40 -82 -110 -40 -116 -84 -74 -46 -21 -54 79 -8 -37 122 103 -39 -41 40 72 -88 -78 60 -73 -5 79 -78 -52 -108 52 115 15 41 95 -121 -80 -58 66 -90 67 -78 63 18 -33 -60 -106 -5 100 38 39 60 -120 -14 1 23 58 -4 -5 -128 -42 -54 101 -63 -127 17 -77 62 -112 33 -98 100 95 -95 -14 -2 33 67 19 -5 76 25 -127 -20 120 117 -47 124 -16 -108 107 53 125 97 71 10 58 -49 -9 28 119 93 -25 -96 -92 -63 100 77 -25 -37 -29 -96 13 -116 127 1 -75 -36 -26 -38 -55 -31 -67 -14 -84 31 28 -48 -115 68 22 -32 104 92 -45 74 26 24 8 -124 -3 -66 41 31 -68 -54 -127 -72 50 86 90 40 -62 120 62
-101 -54 -2 111 98 44 -73 -52 83 -114 101 3 -64 -96 -61 -103 123 -49 -68 111 95 -9 -34 -101 -55 -74 -113 -125 -34 -26 -1 105 -19 97 -55 39 75 11 92 -88 -127 -2 -89 -80 113 12 62 95 -14 85 48 -42 9 -64 -66 -47 -1 -125 -80 125 123 11 105 25 68 -48 -121 111 107 -8 -96 102 -128 -83 -5 99 -3 -98 -46 3 -25 18 -109 55 -38 28 -73 0 -110 112 -50 -91 -76 -49 54 -60 22 -40 89 -50 -121 10 111 -59 80 -21 75 78 15 100 72 -65 -72 41 -67 -75 -67 27 -81 88 111 94 26 -101 56 91 -68 -95 0 -118 123 -126 24 108 117 -30 89 -126 78 102 -112 -1 -61 -19 -33 -27 48 117 -59 118 -13 116 113 50 -96 77 47 13 104 -9 -127 61 -42 49 -11 -32 109 114 15 -91 -44 88 -112 -10 70 18 -30 95 -20 -23 20 -16 118 61 39 47 -115 -118 18 -72 -49 -105
-78 -59 -67 -54 58 -49 -49 65 -72 -16 -12 46 122 13 79 -105 -108 30 49 0 85 -93 78 121 -23 1 88 -116 86 1 -26 27 64 61 -99 60 34 -96 -113 28 -24 70 -22 -10 -78 -13 55 79 24 -8 114 -32 125 -19 -66 -58 1 103 -33 -71 -42 -82 -79 34 -94 -110 17 17 78 -121 118 103 14 61 -26 49 -53 -55 -81 81 101 122 106 54 -66 -63 -94 28 -59 0 -11 22 -110 69 -113 78 123 -57 75 -14 118 -43 15 98 -27 35 76 -90 40 75 -16 35 62 120 -99 -54 66 74 -81 5 12 -16 -35 86 32 -54 30 -61 -30 -46 89 -20 121 85 -117 23 -123 -45 22 -60 -122 22 -125 122 -6 50 -64 47 80 -122 -72 -3 122 -18 -64 31 92 71 34 -41 71 42 93 -31 52 5 95 25 -123 -104 109 80 21 -36 -81 73 12 -41 -99 -98 -103 -107 82 26 68 82 74 33 -34 -76 -85 78
58 64 -83 87 118 82 109 -32 114 31 12 71 96 -67 115 93 126 -55 -30 -99 52 63 77 104 -106 -107 -68 120 -7 78 -77 -6 -106 -61 123 5 32 -58 -124 -100 -22 -3 -90 105 29 72 36 42 16 -49 121 15 8 56 -54 -53 -68 11 -92 -116 114 -50 98 -28 25 48 -69 -77 -65 -41 -36 38 92 -69 69 41 -126 -73 -4 50 57 -38 -18 106 35 -7 -104 -125 48 -3 -46 90 -67 -73 55 95 -77 20 119 42 59 -124 -38 -90 64 -13 -114 -90 -101 54 -38 103 -17 -121 55 -10 115 -68 -82 -19 44 28 15 35 27 -101 -31 36 91 -21 -89 -20 -24 101 29 83 0 51 -123 -42 103 -105 -96 -94 -57 -81 -35 52 -15 120 111 23 10 19 94 61 115 26 69 -58 -23 -51 26 -11 103 26 33 -110 40 121 96 -59 -25 -13 26 32 0 -8 30 -73 103 -82 -66 52 -128 -73 -115 -99 114 109 106 -118
-113 -50 -113 -70 -117 26 58 -47 2 12 37 84 -102 33 92 -127 91 -121 65 101 12 114 -8 -31 -78 122 -108 -128 -15 -1 -29 -7 43 92 101 -96 46 37 14 -57 -103 -42 -32 4 -30 -19 -80 -37 -122 97 -125 -109 -93 61 80 -88 33 -50 126 -63 59 -31 -15 -87 46 -45 -66 81 -112 49 67 -75 23 127 52 110 -17 -40 70 89 -77 -76 70 62 -51 35 127 -91 72 20 -84 -21 -104 32 -17 -69 91 89 -16 -56 127 127 31 81 -15 -124 62 70 -89 44 87 0 110 -91 21 18 20 23 -18 -65 -81 -12 11 112 -43 -114 -112 -127 -37 74 63 70 12 116 -43 -51 33 -39 56 -83 -112 -117 48 79 30 -8 58 -10 76 99 -47 6 -95 18 -101 122 -66 99 17 -56 66 80 119 127 -18 89 19 48 120 -10 45 -115 16 -41 -47 -60 0 90 -105 -12 -55 115 15 -22 82 49 -47 -122 -9 4 -18 -112
55 -56 -92 40 75 54 -7 -12 -43 -96 -29 92 -42 -86 8 -41 -73 -79 -112 64 -99 -87 -13 111 56 107 101 25 -89 86 36 -51 -90 69 -59 81 16 16 118 119 42 125 -18 29 -66 -21 69 16 -25 18 44 44 30 65 9 -55 -114 124 -9 -52 95 -51 -73 67 52 37 19 74 85 46 12 -1 84 -55 85 21 9 63 -67 -108 58 -128 125 15 -91 -24 -122 70 61 -27 -14 -85 -109 -63 125 66 -75 -53 105 -27 70 103 -30 47 -65 107 -82 2 38 -23 -8 -86 47 23 -58 55 -75 -68 -100 -76 38 -117 97 36 59 -111 -103 -32 15 -81 -48 -41 53 -114 -44 -30 73 -66 109 -26 98 114 -66 -107 -88 102 -100 38 -93 -44 -20 51 79 -94 -80 120 7 110 -99 -46 57 -79 105 127 76 116 43 29 -35 10 -56 -34 79 -102 -61 6 9 -3 85 -34 -118 56 104 65 103 17 34 106 19 -114 -73 116
79 -12 -126 85 -32 -106 -110 126 -19 -113 -100 -128 45 -93 -124 53 -32 12 -80 -10 30 -91 -60 -111 112 -121 2 13 105 -58 -10 72 25 96 68 17 65 -54 -76 62 120 78 91 106 62 -93 115 89 27 -41 23 -76 14 59 -88 55 -126 -30 44 -109 14 110 -86 -48 -70 0 44 7 -90 29 -72 63 127 -104 6 109 23 -27 68 119 70 -36 -43 92 81 35 -110 -118 -59 52 -77 -8 31 34 -64 -79 -58 1 -38 123 52 75 105 -30 -78 71 16 111 -14 -40 -91 112 59 35 18 -120 -22 2 14 -11 39 -67 -21 54 93 48 83 77 115 -12 -3 117 -62 13 -55 -75 -97 74 24 54 56 -75 -103 81 -27 24 -80 -72 44 70 -128 -18 50 -53 -68 -40 -43 -123 22 -113 -108 -92 87 -87 103 104 57 126 -45 -58 -10 -26 -104 -39 -9 -32 84 -43 -125 6 -69 -8 60 11 -25 117 -126 -57 -37 28 59 18
34 35 -98 29 20 -12 -114 -128 -3 -102 42 -91 -116 -53 52 4 -21 -127 -83 -122 54 32 -104 -28 77 -53 -28 -125 76 -93 39 88 84 113 2 97 98 55 -16 99 -6 -51 119 6 -61 -54 -65 -45 73 22 -19 -103 119 -81 -70 20 53 40 -10 -72 -32 102 41 27 -75 57 -51 -126 26 -48 -48 -59 79 -78 -36 72 86 -86 -46 62 -101 -19 16 29 59 -20 99 30 -12 23 -58 -88 75 7 11 122 -31 32 -102 63 34 15 13 18 0 100 87 -114 -56 -4 -117 15 -95 -73 -3 -117 55 102 -42 119 0 25 -43 51 -127 -87 -55 116 2 51 -72 9 119 -4 5 107 49 70 118 2 23 -85 10 -51 71 -44 5 -83 115 -88 -79 65 88 89 40 -119 50 -4 -118 -62 -116 58 20 18 61 42 38 -50 114 17 9 0 -56 46 26 103 -78 -10 -25 -109 45 -113 -66 24 106 -6 -60 -29 25 98 -29 -9
-127 -112 -68 110 -62 -62 26 -77 75 119 -63 125 74 -32 -98 -128 -46 109 -112 44 36 -91 3 -111 97 58 101 127 85 -80 45 83 -118 -32 25 17 68 -76 50 -76 -73 -57 -17 40 56 112 -57 35 -39 -89 2 -111 -87 5 -109 85 -15 6 78 90 -93 -5 52 -124 42 -101 44 56 109 -85 81 27 15 -59 88 -20 -35 -127 0 102 -4 -40 72 26 44 -71 -54 -112 86 16 -12 95 30 -3 118 103 110 -2 46 -118 25 -98 12 80 -121 -48 123 118 59 -120 114 82 -29 46 81 7 -1 27 90 24 119 101 103 -68 -36 105 -103 44 19 102 9 59 32 75 -31 91 56 18 -64 -53 64 -89 -28 -116 -42 82 52 83 38 60 95 -39 60 116 4 77 4 -99 65 -125 36 -24 103 16 -13 39 -48 4 -106 5 -108 -84 7 104 99 73 114 101 -65 30 71 52 -68 36 71 8 81 -46 -5 21 -18 -97
44 -86 -87 42 33 -114 -58 109 -66 30 30 -76 -91 71 -43 33 -32 -88 -40 21 -127 90 98 -102 -36 100 68 -124 -53 -84 126 -11 115 58 66 -119 -81 -89 19 105 87 118 -65 19 -122 24 -25 -47 -32 -24 -15 68 -83 -111 67 -96 88 116 -69 -19 10 53 -87 27 -20 -50 61 66 34 77 111 64 -7 -92 8 -64 -45 -83 24 -13 -58 -43 96 -64 -100 35 -34 -13 -17 60 -73 -120 -35 -83 94 46 -92 -24 -81 68 62 108 7 -72 113 -4 -53 -68 16 -99 -15 -31 41 20 79 113 39 34 89 36 -8 16 -72 83 -23 -10 -90 48 -86 -46 -45 -4 62 48 -21 13 103 35 -31 -111 9 -101 -55 -113 105 66 6 -98 -46 -22 103 -64 30 56 -18 -7 93 91 -124 120 -90 118 -120 24 13 -80 111 6 39 20 11 -58 12 57 125 -56 28 -35 -43 -115 0 22 86 123 8 -18 58 115 31 -57 -93 -123
115 -94 107 99 -83 47 24 -36 -100 -80 -56 85 -112 37 88 124 96 80 -97 108 -17 72 30 99 -36 65 9 102 16 -59 -125 127 -35 -74 102 -72 -62 -47 57 120 48 16 -1 67 120 24 -72 -84 -50 -74 -61 -23 83 -48 -66 72 -71 -60 16 42 -73 -79 38 -4 40 -86 -58 -89 9 83 42 80 -92 -12 -33 15 -17 -37 24 17 -42 97 87 98 -60 61 43 -79 89 -107 -86 13 -106 -47 83 -30 94 50 -92 38 105 -47 -64 -72 -4 -50 26 -124 89 96 -101 99 -17 -69 126 -95 79 -30 98 73 2 -46 109 -35 -127 28 53 38 -118 -98 -37 111 -106 -117 45 36 -125 78 -48 27 88 36 39 114 -40 -27 -35 47 43 -4 89 104 -113 23 -110 18 10 -18 -61 -32 100 64 117 41 -101 -67 -98 -34 125 26 74 105 -6 -109 45 -96 -65 -116 127 99 26 -65 97 25 -111 44 -120 -86 94 -59 -39 -80
51 -65 -77 65 -26 25 -87 62 67 43 12 -37 -60 -69 64 -126 -113 -25 -18 99 117 -68 86 -1 65 47 -116 -28 -38 -26 5 -125 111 -96 107 93 -115 -94 39 -31 74 1 -28 -44 80 -52 58 42 -5 121 -94 126 -79 -126 -23 18 -96 84 -84 -101 -25 -38 63 -20 -104 -34 -30 -94 84 92 28 -63 -118 -72 -113 54 79 64 50 15 106 -81 25 90 -34 -57 -12 -124 107 -113 42 -77 -32 119 -98 104 117 35 9 -104 36 -30 -103 36 90 14 55 9 -93 57 -74 -115 -79 -79 116 -37 31 28 -1 -70 -96 -10 -58 -35 -67 38 -128 -115 100 -66 125 -68 53 -89 86 109 -20 35 -64 -119 71 -13 -110 55 101 92 40 86 54 -83 90 -3 126 4 67 32 -38 -68 -114 -92 -27 -45 -71 9 69 7 -123 47 -83 86 68 -115 -4 -127 -68 -5 21 102 -65 23 124 43 78 -19 -39 -65 28 -85 62 -82 -43 -69
-21 -93 84 24 65 -118 75 48 74 2 12 -111 73 -95 -21 -63 83 97 -38 -39 98 -69 -59 -123 17 22 -37 -89 68 -94 -8 41 83 -76 -19 -97 -80 13 -32 111 -40 -77 -72 82 25 114 51 -64 -31 -57 -105 69 82 -109 57 90 -110 79 -16 -91 -83 80 26 64 -47 2 122 121 -35 -1 -50 -3 -21 -85 6 94 -105 34 123 126 -27 122 105 37 -77 3 121 -97 -9 15 41 14 -26 66 87 58 -111 -119 -33 -6 -27 76 96 23 -51 18 -12 -85 -67 2 -1 39 -114 20 103 -8 106 4 120 -20 -59 -41 55 -71 -29 -55 -71 -67 83 -46 -19 61 64 84 -119 39 53 -35 -124 115 -56 55 100 74 73 23 64 -45 24 -14 -102 88 82 -7 -34 98 -125 41 117 97 -42 74 126 -96 44 70 96 -2 88 -90 55 108 107 -39 83 -52 -105 22 39 -92 -43 124 57 39 -108 16 -109 44 -63 85 8 -93
59 13 63 -52 25 -107 -74 -103 -18 105 -9 -80 3 18 20 -124 -37 58 12 -46 -27 77 -22 -28 -40 14 -94 27 -67 10 103 -43 114 -11 55 92 -86 7 -69 -24 70 -109 120 -114 -23 -16 -1 -86 -15 93 50 36 -128 -37 51 -6 -75 122 -16 -13 103 82 -76 108 34 73 -67 -65 -72 -121 -37 -68 -37 11 105 -97 -128 -21 -38 -9 94 102 8 -106 -78 43 -50 -40 58 -71 126 16 -122 -64 -2 -34 -2 -84 20 46 -113 81 22 7 82 -70 90 108 -2 -66 -105 74 -20 -84 -94 63 -126 15 -18 -68 55 -34 34 -113 100 -113 -29 -87 -97 69 -61 18 97 5 -114 -103 126 -15 -48 -60 -51 -10 -48 28 -15 -59 -101 98 -76 -14 100 7 -60 9 22 99 -11 33 -88 -75 -71 99 59 48 88 55 -23 111 -98 -4 -49 48 -63 -16 40 -100 -56 71 118 -27 -40 -105 109 -65 27 -126 87 -107 91 22 89 -117
12 99 -60 -60 8 -124 87 -69 -15 22 26 -78 14 -53 2 14 -92 95 -23 -47 -111 -119 80 -110 -27 17 117 34 24 -88 -90 107 90 -9 -100 -122 116 -46 85 -57 -61 -68 -52 -30 78 -123 21 -61 84 60 -19 25 -78 -73 -56 27 -92 -80 -113 103 71 14 -126 -87 -32 -56 87 -1 110 -12 -58 108 -109 127 19 118 88 -46 32 -108 48 -126 87 -44 71 -75 -18 7 -29 -72 -28 -1 -71 56 12 -24 17 -49 -23 -70 11 67 24 7 59 80 39 95 58 41 22 -73 -126 10 -34 -59 104 89 -56 46 -93 -23 -84 -71 119 92 -56 24 -70 -31 67 44 118 55 65 -64 -126 -42 85 -112 118 -48 54 5 -126 63 8 23 22 -67 32 -93 -4 -5 -38 -38 82 -90 78 5 -116 46 -29 -35 112 83 125 -36 -107 -103 -27 -118 75 -114 53 -126 -44 -49 -39 -81 35 -122 78 30 -59 125 87 -70 -97 -124 -28 -85
62 92 71 93 -6 -28 -35 -124 98 120 101 -113 -77 -1 -101 -73 0 120 -127 120 -10 -104 -11 -5 -120 101 0 108 -74 32 7 -70 -34 -27 -67 37 41 71 98 92 14 13 -22 -121 -109 -3 -73 40 -80 -102 41 -25 86 -39 126 -20 -16 -106 61 37 -2 13 12 -87 -54 -67 -34 55 -25 -102 -36 -49 64 -18 -91 -104 -114 39 60 -113 -18 53 102 101 4 -46 -51 -49 86 -99 18 30 -85 -109 14 -20 -23 45 57 -52 -23 -98 -126 39 -124 -124 114 107 -90 -70 58 -15 -92 17 -75 71 -112 -115 96 14 45 -17 14 124 -35 9 8 81 13 125 -92 -109 27 18 -84 112 37 -55 -111 -85 105 -79 34 109 15 -43 58 -91 -20 -31 -19 -3 66 44 -115 76 115 17 -13 -86 6 -8 45 109 -94 -29 -59 116 63 -120 115 90 -33 6 76 -57 -3 -24 65 -35 -51 57 26 -87 46 -88 -112 -41 46 -100 -30 96
-80 -17 75 -96 76 107 -110 -11 -127 -20 20 17 -75 -33 -28 88 110 -89 -23 22 -34 -10 -128 -101 35 100 41 98 39 2 -70 -60 -16 -76 -49 -93 25 -8 111 22 -28 34 -118 60 126 19 30 -11 -73 91 30 -125 -51 9 -22 -52 84 -22 -89 54 27 37 -22 53 78 -55 28 -105 42 123 -56 -122 -35 70 -23 78 45 -10 -14 19 79 54 84 -93 -5 -115 49 -98 -62 97 -31 -119 15 -71 82 67 46 -87 120 -4 -103 -94 -16 -22 8 122 12 124 79 29 -63 55 -4 57 -58 -74 -69 18 -55 -75 98 -85 86 57 50 4 -127 -95 -95 -106 -101 4 -64 114 40 53 124 124 -113 -6 114 5 16 -20 81 37 5 -113 -63 79 -66 42 49 115 -41 62 93 -121 62 49 -33 -90 97 -88 -120 83 15 53 115 -64 -121 -117 26 95 -3 -126 24 -112 64 87 64 14 39 -38 97 8 67 -99 -97 -27 72 -74
70 12 24 74 -111 -85 -99 -38 107 77 -114 -70 -64 -33 110 -27 -19 13 -123 43 -90 -22 122 22 -62 -118 14 18 -59 91 30 25 71 -50 34 -81 -79 -126 53 107 -41 -102 -87 12 -121 -83 -30 86 90 8 51 113 -113 13 -46 91 -121 33 -26 42 11 35 -100 17 105 50 -76 -92 -111 -119 -1 -16 107 6 -98 37 -78 24 22 30 -22 -38 -62 -57 113 123 99 56 -106 1 122 43 54 -86 -11 -43 -91 104 105 -9 -104 -126 84 101 125 29 87 122 -17 -56 4 -93 -75 -30 34 107 -98 112 -109 -16 -16 21 30 -99 -67 78 -61 -92 -44 -106 -95 4 69 79 -99 -53 -12 -107 29 -120 125 18 -26 75 -66 9 -105 59 -119 100 -101 0 -56 -40 14 112 -60 24 -128 -85 20 124 -125 -88 -8 -56 90 52 -22 -53 60 78 80 -48 71 72 104 8 -73 -74 -105 -67 8 90 68 -98 -14 -16 127 6 71 91
-16 -112 56 -40 16 -28 79 -18 -93 -81 -21 -113 75 117 33 73 -76 -54 110 74 -49 -31 -115 -29 -15 117 105 86 -103 -35 -45 -35 1 -89 -78 96 -112 -44 71 -73 20 33 98 -34 -14 118 -85 -56 -1 -82 77 33 -28 -51 98 70 -64 -29 47 -20 -105 85 -118 -71 -82 87 89 61 113 -86 -30 -81 83 -97 -15 63 -77 57 46 -35 -58 33 -53 -24 -4 -64 25 -111 -85 16 -92 71 75 -90 -122 -78 -123 -33 91 11 50 -79 -45 -43 -112 85 32 -16 -105 -70 65 126 -71 -66 -42 -80 -19 49 -34 92 -119 -90 29 116 -16 -26 -115 122 -123 21 -98 -16 112 82 30 54 -57 -117 69 -74 104 -43 9 -9 -13 -38 63 -105 101 82 3 92 -28 105 42 -125 27 101 105 -31 32 109 17 18 -3 78 5 82 11 -5 -109 11 121 122 -54 101 -16 -103 112 -104 -37 1 88 51 11 -126 83 121 -50 43 60 15
-37 -73 -64 -55 -77 -24 -83 -124 84 103 -91 78 -91 -127 90 70 -55 19 22 -17 -84 54 92 -27 -72 61 -75 111 92 -26 -9 91 -4 6 120 110 24 -20 -126 14 -61 109 119 90 -123 -8 -108 -52 -45 -31 64 84 -37 -18 55 4 -24 -65 -46 36 -97 -66 25 -53 54 -46 38 -88 101 -50 67 -57 9 102 -51 100 -8 80 44 82 95 -128 -68 -21 17 -122 6 52 -116 -55 -45 -9 -57 19 71 -20 68 -70 -81 122 -105 82 -77 90 62 -98 87 -42 -43 -11 109 106 -68 -38 49 56 -57 99 -63 57 -50 76 2 81 27 11 43 -66 -59 27 25 96 122 20 101 67 111 -85 -114 93 118 -57 -23 4 74 108 -19 -59 22 -6 2 -110 58 -103 88 -63 -118 -70 -108 104 -19 -120 -50 -119 62 73 64 -116 -29 57 -43 13 -16 51 23 -105 86 -107 -111 78 78 55 -89 55 79 106 127 31 42 37 -83 -113
-119 -11 97 57 -49 92 -116 -110 -101 -94 -7 -3 33 107 56 -44 109 15 -94 9 46 -35 -103 19 39 -23 45 -21 -85 -11 118 -13 29 -26 -113 119 8 90 -37 -57 33 -3 -1 -26 -76 -59 83 81 37 91 -7 108 35 -24 48 -12 -63 107 -31 -104 0 -13 88 -77 -26 -17 -44 -31 -117 46 -91 104 -74 28 97 -15 99 -34 -104 52 -31 -109 -110 -80 100 110 -20 73 40 78 -100 -40 33 -125 112 2 -64 123 -104 -57 94 -61 -97 -83 -110 95 -17 -69 -36 -37 95 94 -128 -92 -73 -62 103 88 -19 49 44 38 -118 -59 -101 -85 123 99 93 -20 -6 -126 1 -106 -42 -71 -22 41 -127 -95 43 37 -75 -71 22 43 -59 -108 -78 -74 75 81 -64 -105 -104 -49 16 -31 82 -123 -101 86 -81 64 0 24 109 77 -21 17 23 -121 64 -54 -91 -40 22 -75 74 41 -49 1 68 53 93 -69 -128 -45 27 -87 12 79
-83 11 105 59 76 99 52 -122 -1 47 -55 -105 -108 -98 -59 28 74 -86 -109 -111 67 16 -5 -85 84 126 30 -25 -45 109 27 -98 -6 55 104 -126 122 -11 -104 51 47 -5 -98 48 14 12 115 -76 -97 -88 -122 111 23 -107 13 -3 -63 4 39 40 75 18 13 103 -117 -32 -67 125 109 6 1 -33 -71 -111 -123 16 -88 -69 60 26 15 125 98 -64 90 -18 -1 -127 22 -80 20 -83 31 99 0 56 -38 88 -15 -38 -32 75 -108 47 68 15 105 118 -17 -120 123 -12 63 -78 -19 119 64 58 -96 122 59 -58 -44 121 -31 112 -116 33 77 -1 0 -27 -121 -67 -47 -21 44 -9 116 -39 -64 91 14 -95 -120 121 66 31 98 30 -6 36 -26 96 -77 -24 -100 3 116 78 28 -66 93 -41 109 -92 -16 35 -26 -119 -18 123 19 52 -10 80 106 -53 -53 -43 79 14 80 25 26 116 117 58 119 -92 -12 -82
-25 -70 77 4 -31 45 -34 1 -99 9 -57 -68 46 43 -35 78 2 19 -108 49 71 -86 31 -29 98 53 -127 -64 78 -14 112 -33 -75 -60 101 120 36 21 42 124 13 -105 73 126 11 41 111 -53 -115 -16 -112 -126 -37 -9 -9 45 50 -87 -38 117 43 94 3 -28 103 108 11 -104 -99 14 -116 -102 -72 -71 -7 -122 125 -107 34 -66 74 30 -6 44 -59 -16 86 -48 -4 63 2 -88 91 118 14 110 24 16 -42 -19 -123 -16 20 -63 62 -99 2 30 57 -30 46 -78 -81 -13 -79 -66 46 -13 -86 24 -86 -28 -118 -19 102 -50 -77 112 105 79 22 -73 10 67 70 -52 46 13 109 -1 30 26 -82 124 28 -38 115 -59 -7 48 -99 -126 92 -64 53 -4 -127 104 43 117 38 28 -64 0 3 55 -66 85 -82 -72 20 -23 -56 -42 -32 112 -55 99 101 0 0 -84 115 -112 -63 -50 -18 -114 47 126 -44 -25
75 -64 -18 102 110 -104 119 -104 53 -37 1 -82 14 50 46 95 80 -54 -29 -45 108 45 54 111 56 120 -35 -33 31 -48 45 -30 22 16 -75 109 -55 -39 83 38 84 -1 52 -125 29 -43 40 58 -109 78 126 -11 96 -87 120 -9 61 1 -23 97 108 77 -47 69 75 71 112 52 -85 -26 -100 -108 -128 -66 101 -12 113 23 -123 -68 -15 71 -9 8 -79 -31 17 48 -40 60 -56 84 -5 123 -15 -15 97 23 40 -109 104 65 -123 5 -18 -117 -106 0 -120 -93 -4 -12 -53 -63 101 -105 92 -66 -6 79 118 -88 102 113 79 -117 -46 119 -110 -42 16 -73 -77 -76 31 29 6 -115 53 94 -58 59 -127 -12 -88 52 115 -7 95 -39 86 -4 79 118 31 89 -102 112 -15 -24 64 -5 22 -114 -73 -13 -52 -95 75 20 -41 -121 31 106 -108 29 20 -70 20 25 -54 -48 -58 -4 40 -113 96 110 26 77 -47 103
-89 1 -81 121 -7 -11 21 -105 12 -112 -19 59 19 -110 84 49 89 121 115 67 77 103 -111 104 17 0 -96 -37 64 78 -86 -96 19 32 -21 -83 -37 -107 -80 -47 88 34 119 66 -109 -51 69 -18 -68 -80 -32 47 94 23 -77 77 -106 -109 -32 93 -12 -47 -93 -6 -25 -105 -110 103 -86 -62 -115 33 110 -73 -38 -95 -101 -45 21 -49 -73 -106 -71 115 -111 28 -120 101 -53 47 -20 -92 -88 -117 -15 -50 29 -68 32 -9 12 15 -114 98 111 29 -54 -15 50 -21 -32 -128 -94 34 94 -71 -34 -93 123 -29 34 -83 -103 36 18 48 61 40 35 6 -125 -119 102 -28 -120 -30 -66 -70 71 -16 2 -8 4 -17 118 -40 56 102 -128 77 -28 39 -79 18 -55 73 -113 20 -94 -83 86 42 13 114 116 46 107 -102 -86 -20 -12 98 88 -54 39 -54 -64 -60 -112 -9 95 75 -49 -72 -18 64 114 48 88 -118 -123 116
41 -88 105 -44 -74 -68 -63 16 121 68 17 -3 36 60 55 93 -123 65 125 103 34 20 4 73 -66 -82 -78 -109 16 46 -29 -79 -28 39 15 -110 65 -80 -101 -68 -7 -49 65 -102 -101 -124 -119 18 -16 -26 34 109 29 -48 -115 -10 95 121 76 -116 36 -9 37 -19 15 -17 -80 93 -18 -82 73 -6 42 91 -122 -57 -98 -41 19 -120 12 -89 -120 -12 -11 12 -38 47 -41 43 -59 -60 46 13 -10 -30 112 -79 4 63 111 84 -90 -24 -120 118 83 62 -4 57 73 41 59 -114 -38 20 -18 -8 84 0 -125 80 112 -124 61 -97 -71 25 63 -44 49 -7 -4 57 109 -66 -94 31 -96 -95 36 -36 95 -82 -6 -85 105 -50 -27 -73 -84 23 -27 -1 83 -23 98 -34 -83 -16 60 -43 33 -89 -34 107 -109 -108 -118 35 31 -47 96 -57 -117 -106 -88 72 98 54 -25 -82 105 112 99 103 -104 -63 -115 -112 -119 91
-84 -35 85 -98 43 97 106 -67 -122 7 -99 -12 27 -75 34 93 -64 27 -66 22 -23 84 -95 69 85 -112 -88 6 37 43 3 95 2 -111 21 -126 67 27 -93 32 -118 35 -108 -73 44 -94 72 91 13 -14 -55 -38 -11 3 4 114 -43 52 -57 -122 1 -18 8 79 -125 106 86 -65 -115 -55 -9 21 121 -72 -48 83 104 118 25 -80 -91 -37 -110 95 61 84 53 47 58 37 -44 -71 -49 85 -57 -25 109 -58 -54 -96 -116 -62 78 -10 -75 70 69 -72 -55 -30 70 27 123 121 10 88 -102 -112 -34 70 -95 42 61 -109 9 95 -39 105 12 -1 12 -97 48 40 -64 127 -28 -8 -16 -81 -99 0 -119 84 25 -28 -51 112 125 -10 -122 -39 88 -125 -90 97 104 99 -23 -82 26 -117 19 -9 5 106 67 99 86 -35 45 106 -66 19 115 26 -34 -67 -11 -24 -68 -54 -89 -6 -88 50 113 105 16 -14 -67 21
-25 125 122 111 120 -33 -71 -25 41 -128 61 90 -48 113 3 -108 53 -98 105 -118 50 -102 86 -6 33 -40 67 -76 -56 -75 119 -27 22 60 -78 -102 -22 103 105 42 120 -4 -111 -119 -115 30 -59 -66 74 32 30 -125 -83 8 -19 91 -8 69 -17 30 53 -80 -124 -89 71 -115 1 44 -7 -25 -50 -11 51 29 124 -127 -95 -43 -88 37 75 20 -82 121 21 80 -106 -55 47 102 -9 -24 -116 -46 118 -82 99 70 -98 -38 -45 37 49 54 -98 122 -42 -12 45 -2 -55 -56 -20 -120 97 28 -76 68 110 41 -68 -49 -14 -44 61 103 13 25 75 -56 -6 -96 -49 25 -72 -50 64 -94 24 48 -76 111 100 -70 88 32 16 42 9 110 -98 -80 87 -94 86 -28 38 -84 -11 -80 -63 90 86 -34 -22 -99 90 -67 -122 52 -10 -12 -20 87 -14 -99 113 2 -16 -120 -127 125 56 83 -72 -24 -74 -21 -16 -101 -35 -115
114 42 85 -13 -46 15 120 -75 -58 4 -115 101 48 -33 90 -15 18 98 92 -82 -109 53 30 97 -3 -83 40 51 105 56 72 59 -45 42 -88 -96 32 -43 -17 -97 89 -39 19 9 96 38 58 82 58 -117 101 56 -72 25 -49 53 69 22 109 51 22 37 71 -40 11 83 47 12 97 -106 -104 -58 53 57 61 -107 72 11 -49 120 115 10 -12 -75 121 -11 -102 13 22 -47 8 25 66 -28 44 112 26 -52 -81 74 -33 -12 -125 36 -13 67 31 -121 -46 -54 -123 -98 -19 101 71 62 31 4 -61 -31 -18 122 124 -60 115 84 -93 -12 -113 -107 87 -43 117 -45 -101 -45 118 -41 69 85 13 -52 -28 -128 -87 65 -72 56 48 -107 -113 8 -63 53 87 -127 -99 72 -79 -93 -51 -79 100 105 -52 -86 -15 -103 74 -42 -1 89 63 -42 -105 105 -52 29 113 116 -121 64 8 115 -38 44 -116 -91 -97 59 -76 -68
-6 -10 -22 8 -105 -110 111 80 86 -29 84 -12 10 -98 -88 -28 94 10 -76 127 -108 -112 63 -14 -21 61 119 49 -22 61 -16 -25 -125 -103 30 63 -83 -65 116 -12 119 -109 68 62 83 -31 39 -49 102 -120 -112 66 10 7 125 -125 -70 -80 -99 69 -80 -61 -31 126 7 -81 -106 -38 -108 23 60 105 9 8 -45 -53 87 -21 -14 -27 85 -18 78 -82 55 2 -26 124 19 -90 -9 14 -104 120 85 47 6 37 -126 3 -33 -7 104 -14 125 2 106 -86 -42 -90 62 -6 119 112 -71 -25 -59 34 93 -121 14 -126 57 111 21 -29 -20 48 -102 47 80 -98 -40 26 29 90 -15 86 106 115 -57 -13 -9 31 54 -81 -114 111 121 -3 -127 -128 -123 92 -101 18 21 81 -65 -34 -90 86 -96 -82 87 -121 52 -32 127 42 -82 20 109 -109 -52 -77 -117 -112 46 -27 -91 18 118 29 -77 -44 112 -51 78 -128 -34 101
17 -58 47 -48 -30 56 48 -59 92 106 71 126 110 47 118 66 49 -53 -41 40 51 -71 -8 87 47 -78 40 -118 -118 -78 -26 -52 -17 9 12 92 91 76 94 -35 78 -77 55 78 47 81 -59 -66 -105 83 -110 -33 79 100 81 -83 125 10 52 86 20 13 122 -92 -101 -30 121 -112 116 -95 -84 -97 -43 40 13 -112 -86 62 -43 119 6 42 -8 38 -78 45 63 -104 -23 -88 100 112 -84 -108 22 -44 98 27 62 90 -2 -87 -43 94 43 -95 49 -106 -75 -1 54 -93 -111 32 -90 47 17 127 -46 75 -77 -60 29 85 -30 63 126 100 -124 114 111 -46 111 108 112 121 -61 108 36 77 80 32 47 33 -44 -72 121 123 -108 -50 61 23 7 -64 110 4 69 -40 -105 84 65 -14 -117 -1 27 34 -72 -13 108 2 -33 -16 -95 105 -39 -119 -29 -3 79 11 41 113 89 120 96 76 -37 51 78 116 113 -127
-30 30 7 23 33 -125 -39 118 51 59 -88 -123 -90 -59 19 -102 -51 20 7 -56 98 7 82 -65 -118 121 114 -28 -121 36 -103 -71 -108 -99 -77 19 9 -57 93 -99 75 -123 14 93 58 -9 -11 107 91 34 -104 -105 -84 -27 -58 -40 47 -128 120 101 -114 80 50 -64 48 99 13 -44 116 9 -17 106 -39 64 -43 28 110 73 83 -52 -113 -113 120 -80 1 -56 103 63 19 -13 -114 -69 114 122 -53 -38 101 -8 20 102 -82 -120 -68 -22 -54 90 6 -7 -53 58 69 -40 -44 -111 126 -76 4 -74 40 -5 82 21 -49 31 13 -40 -119 -82 -86 -126 56 115 -99 40 124 91 -128 80 73 -112 -86 -52 123 -23 -57 -36 77 13 -40 43 49 -105 100 -125 -53 -26 -57 57 97 -116 -100 104 45 -112 -3 -104 90 -78 -20 122 -96 -124 -30 0 66 91 -63 -81 -102 -4 -57 -99 100 70 -15 110 -37 123 24 -120 52 -118
-6 -59 58 -99 114 25 -73 -104 5 -126 77 -4 6 73 29 -20 -109 -74 36 58 -11 -59 -63 79 -30 68 71 -93 110 -56 -93 -110 3 64 -56 -90 -13 3 127 13 -43 115 -13 -97 -113 104 -122 71 -33 -86 106 -83 108 54 54 -32 -95 101 -17 -93 13 -2 -98 48 -63 -101 96 -60 -56 -77 -32 33 -55 113 -27 77 -38 -76 -121 -33 -23 -53 31 -2 97 68 -8 -118 42 60 121 64 -79 122 116 -19 -77 -33 68 -111 127 36 -104 -32 96 16 -85 6 93 -29 69 -28 -103 31 113 -51 25 -127 15 107 18 94 109 49 -65 -91 -19 -74 -68 1 -20 113 -123 -91 -128 -38 126 -9 -23 -95 -85 -53 -82 -47 2 -16 -1 72 125 115 89 121 52 -43 -101 97 -4 99 103 123 -113 107 -69 5 107 26 -126 -64 50 11 -125 51 34 94 -42 -11 77 -63 -77 -97 -80 80 1 -73 78 -109 -23 52 -49 7 69 -88
26 -67 -16 -93 -4 -102 111 51 -62 10 55 94 -112 73 -38 -123 118 -86 58 42 56 32 96 -62 -7 29 24 -91 78 -51 -79 -41 4 -22 -7 -64 8 9 119 109 10 17 -98 109 85 -57 113 54 64 -21 124 -97 22 125 -21 -100 -72 -126 99 -102 22 56 89 -23 27 -127 55 -34 -98 75 -118 -42 -79 54 -6 -17 29 -85 22 94 72 -123 -98 -101 -60 22 122 -45 -16 61 122 -126 -95 -84 102 16 58 74 95 60 37 -83 18 -116 74 -16 92 -39 -114 -88 59 18 90 31 -30 -11 110 -1 35 29 -104 -44 66 -65 96 107 -3 72 127 -53 96 -45 4 32 -57 42 49 -92 5 -72 -5 72 -19 -93 97 113 -120 9 -75 66 57 65 -112 112 -101 -40 -34 98 95 -87 -111 -18 -114 -95 97 90 -34 41 -49 111 -67 98 119 -69 76 32 120 91 28 96 16 -66 110 -50 -116 35 -90 98 1 -9 65 10
20 68 -8 50 -59 -89 108 -64 44 35 -114 -25 114 -32 -57 51 109 -93 -116 -2 35 85 -45 -23 -112 29 70 30 -93 -126 -13 36 -87 -127 112 74 14 -59 -32 -119 -18 -5 1 28 -94 15 64 33 121 108 106 -51 -82 -34 -112 18 40 -36 118 112 32 121 -84 57 60 -11 118 0 26 65 79 -58 18 33 33 -55 -67 90 -74 -78 102 -110 -34 -47 -34 -27 -41 109 -68 37 -75 125 -81 -85 125 -63 127 -27 81 -127 -89 -116 94 -50 68 82 -7 -27 -46 -81 -81 4 78 -66 -64 -111 12 -121 79 -99 21 98 72 80 -66 17 -98 58 -78 75 -12 99 -70 -31 -116 -63 -36 -18 62 47 123 41 41 18 -87 -111 82 39 -65 -96 105 -66 -60 -4 30 -89 125 18 77 -25 -113 61 -69 -127 52 -52 92 -66 -18 15 -16 -112 86 83 -61 -104 -100 -108 126 38 -21 -26 -93 55 40 36 74 -118 76 -6 51 -103
73 114 18 84 6 -55 45 73 17 -116 -96 -79 -65 126 16 80 -7 -51 -96 69 75 -40 -91 86 -85 -43 -127 -30 -104 -4 -82 93 -117 124 -37 52 8 61 -75 -3 -100 97 -51 -6 20 126 -127 83 81 35 -42 60 117 -90 38 -88 85 89 102 8 47 -69 93 -16 4 42 -105 124 4 83 11 100 -77 14 27 -99 3 4 1 -61 12 -20 70 -77 -72 -5 -106 -3 -32 108 -64 101 44 -55 -43 -54 76 -1 61 -29 -2 42 -10 8 -1 55 -40 -122 -85 7 -66 116 99 -126 -120 112 55 -99 71 14 102 -8 -54 51 111 -46 -77 -42 69 109 -75 28 -95 -92 -96 123 -61 -97 -115 -32 9 89 -78 -49 -6 -1 116 34 76 14 6 -29 69 -117 -117 17 -99 94 -11 -37 33 29 37 -87 -117 107 -28 44 86 -105 54 55 -16 8 15 127 -123 22 26 48 53 -22 -37 -20 117 -71 28 75 -2 1 2 -24
-10 78 -123 16 -36 0 -44 -9 -110 81 -24 73 -11 76 118 64 84 41 1 84 28 117 -61 -20 -93 11 -62 90 -11 -60 70 -128 119 63 -64 -16 121 77 5 -20 -117 -12 -106 -72 -100 -60 50 107 -5 -96 -10 -114 35 -50 84 -71 -24 31 -57 96 85 74 -39 121 109 125 -55 48 91 -77 28 67 66 -77 -31 10 -124 -7 65 -21 123 110 -13 -34 -10 3 -59 -13 -37 106 -29 76 10 17 74 95 10 52 -9 -101 77 12 -46 -35 -117 107 -65 115 83 60 57 -128 6 101 -99 103 120 55 -83 117 81 0 -31 -66 87 98 11 -61 18 8 36 20 115 112 24 20 89 67 -78 35 -103 -117 -75 -81 -83 13 -107 -67 91 -58 -79 -117 53 -39 123 106 94 -85 -88 102 -100 -65 -114 -20 116 -77 -28 21 -114 35 -48 80 20 101 58 79 -19 -79 126 78 -43 13 -25 66 -125 -75 -10 -113 85 -33 62 97
-81 123 63 63 -69 -103 20 -71 123 -33 20 75 0 -112 -110 -24 -25 113 -79 106 -98 -77 -54 46 -120 89 33 123 26 -71 -119 70 -103 -37 83 44 -27 54 -28 -40 50 -123 89 -42 -59 9 40 -43 -101 83 -19 -78 66 -58 84 -24 26 23 -50 127 68 -15 -5 82 -57 -86 70 91 64 16 57 -13 -73 37 -111 33 113 -36 -99 103 -41 39 62 78 -1 119 53 22 126 101 43 6 -78 96 74 -42 -60 28 52 31 27 -99 -69 -75 -29 9 116 -5 77 94 108 16 -121 -99 52 -107 7 -84 -101 63 -49 122 13 85 105 110 17 82 94 3 -93 -45 53 50 91 25 80 99 -82 88 -2 -124 -122 -84 65 93 -122 -22 16 100 -67 -47 60 109 -32 -117 111 -124 -5 64 -80 -17 -86 -69 -33 108 73 8 116 16 15 -41 1 -123 -100 -80 15 65 -115 84 30 31 -96 72 48 -32 -93 -59 -72 59 -49 42
68 -123 -104 125 31 -19 122 78 -104 111 -59 -34 79 2 106 84 -71 30 -46 48 53 95 16 100 79 -41 -4 -127 79 -25 112 -115 114 -52 96 7 82 -101 -112 120 36 -13 4 -97 -81 -125 121 -73 -102 -23 73 56 124 118 0 -11 -81 12 -6 -69 27 -114 -36 -101 -118 -27 -26 86 27 -60 104 52 60 -30 -73 109 61 83 -54 82 -52 125 -1 62 -2 39 54 -116 -43 28 -5 -106 -115 -85 63 -116 15 -113 14 53 11 -76 97 29 -20 46 72 22 -24 -123 54 62 1 81 124 -118 94 58 -30 -116 -106 -111 -68 -101 -5 20 -19 32 -66 56 -116 -126 79 -26 -35 121 -61 -82 120 -115 64 -76 -56 61 104 90 82 2 -86 -4 49 -65 109 113 50 -37 19 41 21 55 19 -23 -86 75 -100 -23 -51 -36 108 -25 -69 -88 66 99 -9 -97 -127 125 115 -64 46 45 -30 116 -99 120 53 -9 3 18 -100 -3
-78 47 83 -16 -34 -44 -6 -78 38 -14 -58 16 -106 122 -57 -2 16 32 -88 -8 -125 -85 -117 8 64 42 55 -91 110 -38 16 89 -115 -28 -73 -5 -17 -14 94 100 -13 -28 96 -33 -101 7 108 -97 12 -8 -42 -75 -1 -22 93 -11 -44 116 -45 77 93 89 109 -37 -14 109 33 -9 -60 -56 -70 39 85 -77 96 -3 -84 -67 39 -57 22 -76 -49 1 -38 127 -9 -128 96 52 127 103 -122 -89 66 44 -107 27 -52 -19 -16 3 68 -3 -20 22 -120 102 9 92 94 -25 -32 36 -73 23 9 -60 -30 -127 -91 123 -67 -58 -3 21 89 107 -96 31 -83 20 -6 -40 6 -49 88 -44 -88 33 101 15 79 58 5 60 97 -62 -53 34 109 101 -92 -16 85 15 -48 -111 -117 -54 49 -124 55 127 83 -22 26 123 46 6 -32 -21 -97 49 88 110 -48 -65 1 -115 13 -100 -85 29 62 26 0 123 -90 -2 -48 -33
-20 24 -50 3 -65 74 -88 -82 4 107 -79 10 -40 -38 -69 -106 -59 85 119 19 80 -103 -73 -126 86 87 28 -49 121 50 69 -60 103 -68 66 32 -26 -124 -18 -123 -59 3 -73 -93 89 -56 -64 4 -50 113 104 -48 -80 -23 -62 7 92 -8 -91 39 88 45 -118 98 105 83 55 -71 93 -56 35 -121 69 16 -102 -3 27 -32 82 -92 -110 -111 34 124 11 71 -81 35 -76 117 -73 18 -53 103 -13 -122 -36 -9 43 102 -2 110 39 -35 -44 -65 43 -90 -55 -96 -24 -26 108 -83 41 8 -35 87 -16 -89 -80 -14 47 27 81 -108 -67 125 125 19 127 -91 114 -54 106 121 -13 66 -19 -36 -78 93 -12 33 -85 93 -23 56 19 63 -29 84 -11 73 9 -62 -119 102 -91 103 109 -103 43 -18 80 -63 125 -47 8 59 101 -46 32 -59 10 35 99 -72 -14 101 2 -119 -110 -38 -105 -47 -126 -117 56 -26 -97 58
-28 73 -98 -121 -8 77 -113 -5 20 -70 16 -100 70 -55 -64 91 105 -93 -50 -103 90 -53 56 65 14 96 -53 97 -37 -92 101 40 29 9 -108 54 -122 30 -7 -77 115 93 -34 50 48 -15 79 42 -12 -47 39 8 103 15 -38 58 64 -105 88 -69 -77 62 9 117 64 -73 -25 123 -14 55 86 -100 96 -72 49 -111 23 75 -82 2 -27 32 119 2 -56 96 -89 -106 -42 103 94 6 -74 62 37 92 12 -72 -23 40 123 -72 12 -69 95 78 -32 83 -99 -61 -32 -45 -9 94 -124 2 -68 -98 -66 24 118 111 -92 78 37 93 77 104 38 103 -33 105 80 62 -15 127 -79 -93 -63 18 97 -123 31 -18 75 111 -47 106 -118 -71 -8 -37 -30 41 118 -57 -20 86 113 57 -67 50 -94 -122 -78 84 -92 49 -2 66 -70 -116 -57 -74 -79 93 -49 127 -84 125 -91 32 124 119 -116 88 84 91 -97 -81 63 107
64 55 28 -69 -100 88 3 -12 -110 -111 -105 -78 -93 111 -120 120 66 58 -77 107 71 -84 56 45 -60 -34 99 87 -105 -121 -47 125 54 -20 -64 115 -8 55 100 -11 21 52 89 109 -120 -89 -100 70 -70 126 36 70 -27 -88 30 124 39 -83 112 38 -79 -128 101 45 -38 61 106 26 -92 76 -85 124 62 -126 68 -99 3 -60 123 81 37 48 -8 -80 -87 87 -109 -71 -31 70 -113 53 -105 25 26 82 88 -68 121 113 -83 53 86 67 -21 -83 47 76 86 -40 -10 -67 90 50 89 98 112 -44 102 102 80 -24 82 67 89 -58 -21 76 -44 -125 -105 -59 94 -103 -86 126 -100 72 -67 15 42 88 80 72 69 -96 -26 85 -119 -25 -20 -25 -40 -80 40 72 78 -90 -123 109 86 -65 19 -27 -5 76 109 31 -118 -95 -39 14 40 -28 24 -77 85 -123 69 -115 36 -95 27 -31 64 39 -109 -109 46 120 -11 -19
72 62 -83 -92 -30 24 42 -52 86 28 10 -39 31 90 -28 -30 8 84 -108 104 90 63 -107 -96 -72 4 -64 36 -16 70 39 107 43 37 36 0 -24 62 29 14 -21 107 -111 -98 74 44 101 39 50 -63 -47 -25 14 -77 -112 -117 92 -55 -112 45 -46 50 101 -57 35 74 91 -112 -109 -23 -16 -98 -33 -62 21 -99 -47 -89 118 53 -83 40 58 -124 124 -85 -112 -76 -47 -101 127 -94 59 -90 97 70 -93 -23 123 95 126 35 101 -51 -101 45 84 83 76 56 83 123 -127 21 -107 -78 -19 98 -128 42 14 -20 78 101 -28 -90 40 87 -84 -88 114 -46 -78 -83 107 97 -60 -54 -51 -105 -112 -5 -97 34 -123 -61 -82 42 -52 44 -62 94 -3 57 -63 56 58 -126 4 35 110 17 -34 -121 -5 92 65 120 100 116 -40 125 121 120 -29 -24 25 -53 6 55 -65 48 30 -61 55 20 83 -71 2 -24 30 -18
-81 -23 91 -54 -35 91 22 4 -79 8 101 -15 -118 -96 53 107 16 5 5 -99 -127 -1 51 66 106 125 20 -16 121 -11 -4 -105 23 89 -6 -13 20 16 8 2 -80 59 12 -28 -67 92 77 -76 -57 86 102 100 85 -89 41 -86 54 38 -100 47 -21 71 93 -106 1 -104 -105 -95 -19 91 -37 -22 116 99 118 97 -28 -63 -11 -14 23 72 -59 22 119 -46 -50 -98 -7 -34 18 -113 120 -9 -67 -54 -80 22 -46 107 -7 65 43 -2 100 82 -89 42 110 34 -112 -115 59 -77 -108 64 111 103 68 -95 69 -104 -77 -18 -42 23 -47 -41 -105 69 63 21 -77 -51 -59 -57 -95 77 -71 13 83 -49 63 0 76 106 71 -95 6 -84 -46 67 -102 -37 -67 -65 -4 42 2 25 -25 -46 -18 28 -4 80 13 -43 69 12 -51 68 -20 -127 -70 -67 -72 -125 14 39 0 90 -33 -74 -106 118 14 29 32 69 -34 50
89 93 21 -35 65 97 -15 96 15 111 14 -92 -116 -67 107 -119 12 18 16 43 68 -110 38 70 79 40 -124 -63 32 -104 76 -100 -67 -106 -20 -75 14 -96 32 -14 122 -2 8 28 -100 -93 65 75 120 -111 -127 -50 88 -64 59 -10 102 -14 -36 -65 -125 44 -32 -2 -59 111 -60 -52 12 37 -29 -41 -8 1 15 -25 25 9 1 0 93 -94 -7 14 -25 -28 -47 90 -53 43 -12 -85 10 66 86 103 -63 77 103 58 -23 -120 113 -5 126 -25 -5 -77 -11 -124 90 61 93 1 28 88 74 56 -73 -9 49 67 -59 123 57 -4 -8 -109 33 -102 -118 46 69 -112 -35 -22 33 -105 -34 102 -54 -82 -75 42 67 -95 -85 107 118 29 58 17 -37 -118 94 -8 -40 55 -115 26 36 -120 63 -92 30 83 84 78 -59 16 -86 5 -7 -90 -18 -97 -11 -121 -88 23 119 -78 -94 -120 21 34 -76 -11 111 116 79 28
-112 123 57 -29 50 -53 -78 69 -61 -74 127 -74 -93 19 108 8 123 104 -60 119 32 -33 -45 109 -68 108 -48 -11 113 -12 -72 126 38 67 14 65 126 -18 -62 118 -41 -110 25 12 -96 20 38 127 54 -49 -77 -107 -53 -88 71 41 39 -44 -89 -47 -13 88 70 51 -37 84 122 -120 54 79 -51 66 50 5 60 -67 31 -39 17 -98 -104 -100 54 -109 38 63 -21 -95 38 -12 -60 15 -101 10 73 -65 85 -32 68 68 21 -27 67 38 -13 43 -101 -5 7 -96 71 69 19 -57 -60 -96 -118 71 26 -40 -65 -63 108 -31 116 -6 116 119 102 62 -68 -49 30 -30 3 -127 -26 111 -71 -69 -111 -36 17 98 -79 -113 -118 -24 -58 23 -88 39 66 -14 -85 -27 -66 -6 -35 64 -60 93 71 -73 83 9 -95 120 45 -29 -23 -26 -32 -33 -70 -70 68 2 31 5 79 9 -89 -53 42 -93 -10 -62 70 100 82 -26
-34 52 -34 40 -6 88 48 -43 -101 -24 37 111 -108 92 -82 30 52 109 -40 85 -106 85 -78 -64 -89 6 -80 -89 -20 10 -55 -23 -17 -40 53 -104 5 -9 -97 -62 -80 -60 56 -66 110 -94 26 104 -55 -22 -124 -55 -78 54 -109 26 -94 119 -68 -6 -102 -61 75 -57 32 -42 -75 -71 -57 42 109 -92 120 5 42 90 35 50 -36 125 74 30 -16 -41 48 -100 -74 -80 -37 119 -46 117 51 -58 17 27 -89 31 104 -75 59 48 79 49 -17 -31 -124 -59 -104 -55 -103 -126 71 43 43 104 -102 -22 46 102 -124 14 81 -61 -58 23 -94 -70 -13 -85 126 -13 -20 26 -60 -73 -79 -22 74 -127 -99 26 67 -21 112 91 114 56 91 -19 -108 118 -100 -63 31 -36 124 -16 -70 -49 -22 -116 104 108 1 -80 16 5 -85 19 -7 63 119 -7 48 -39 -68 -76 -11 68 46 5 -16 54 31 80 -41 -126 -29 118 89 12
-93 80 -91 -4 11 9 -107 68 1 -6 -101 16 -32 33 68 15 106 82 97 86 -65 -31 10 19 108 -30 -114 -14 -106 12 -126 63 66 19 -52 53 19 23 -112 2 -23 16 41 -97 76 -79 -40 84 93 7 76 93 112 -21 38 -82 114 -118 -73 54 -28 -5 -70 26 32 53 -76 -110 -105 -23 -1 -67 -116 -103 -83 125 81 -61 87 -75 22 -60 6 -99 71 25 -85 47 -55 -88 83 35 67 52 32 47 -116 -48 2 -94 -28 18 5 12 110 120 83 42 21 97 -27 -116 48 -114 -27 -6 62 74 -52 88 124 -123 -89 -103 -46 -53 -26 62 91 12 -65 74 3 99 -35 84 54 -33 1 -45 23 -21 2 5 79 -8 -38 -94 -82 -22 51 -79 102 67 -127 72 121 73 12 100 -127 -11 7 68 84 -23 -114 114 65 114 98 -107 88 -11 33 45 50 -3 14 -47 53 97 -100 11 45 -58 72 86 -102 -83 -76 90
-5 50 -58 29 -119 -19 90 -127 -10 -46 14 -109 -123 87 -96 22 96 -5 -116 3 -76 -27 -16 -20 20 -125 -35 29 87 -14 94 33 51 -63 96 -85 -40 -128 36 102 -8 85 -122 -45 -21 44 -26 120 -28 -35 3 71 -111 55 -91 -37 -71 -92 -71 -122 94 -61 112 21 -46 75 96 -72 31 -75 -32 -70 12 -43 61 -24 -122 83 -111 40 85 -11 -79 101 -97 95 -70 18 -108 1 -109 10 -57 41 36 7 -89 -123 -102 102 -122 5 37 108 -54 -73 -41 -26 3 76 83 -96 57 -117 58 -78 -90 24 -50 -91 4 12 -2 -95 91 -106 -111 -11 93 108 31 -32 -76 -32 85 0 -20 -2 -44 47 -32 97 -44 -7 90 17 66 107 -13 -48 70 28 -33 29 5 -33 -8 19 -108 36 -117 83 101 -64 -7 -79 -66 124 2 -87 -16 -13 -39 -1 -97 19 -79 85 118 114 87 122 -53 82 -25 -87 -101 94 5 53 71 18
70 -124 -100 -87 106 -63 -69 77 -21 102 -96 88 20 -24 -63 55 -48 -25 -97 19 -55 115 89 -79 -103 -74 11 -76 7 40 -112 101 44 -18 -88 -51 -97 56 16 -18 10 125 92 17 -2 76 -32 -109 121 67 -30 -96 -11 51 -121 -50 23 -68 118 58 -95 -17 94 -73 57 96 -73 -29 71 97 66 -110 -91 -15 46 -94 -26 -115 -61 -82 0 84 -93 -2 27 125 3 -51 -98 -43 53 100 -72 -62 -57 -40 -5 66 -106 -61 70 77 -122 -17 14 -83 92 85 59 -94 58 -63 -19 -109 -104 -52 60 32 77 45 -57 -104 -13 71 108 -50 54 -74 49 61 -104 124 98 -67 -26 -85 -12 -43 84 59 74 -123 -118 105 61 79 71 39 88 103 113 100 29 -5 -105 125 -84 22 41 -126 71 99 58 60 -46 43 -118 -97 -33 -45 93 123 115 90 -91 7 92 -120 127 25 -92 1 65 -78 26 94 -11 -76 108 115 -107 25
-120 -56 -118 94 -66 -104 27 -65 -84 -39 126 -57 17 -89 -31 105 -10 -116 50 0 64 -67 -40 -52 -73 -122 78 52 -13 -94 82 47 96 -4 -96 121 57 -25 55 -59 -121 -53 45 -29 -90 -39 -104 83 36 -60 -7 69 -106 80 -14 -109 -94 96 -89 116 -96 73 22 -121 77 2 127 78 -96 105 -63 64 37 124 -75 37 122 -11 -124 120 -17 51 113 -96 84 123 8 54 -80 14 17 23 -21 18 110 63 -64 34 -33 -112 -77 -11 -42 98 -74 39 -10 26 -17 -6 0 110 -70 -59 -90 74 -30 92 80 46 -87 -100 10 42 89 21 -91 -97 96 -94 85 -101 -65 -50 18 -112 -55 102 -110 -82 87 100 103 74 81 -27 -15 -96 -22 -73 -111 -40 63 -73 -74 51 113 49 56 -104 106 -41 122 -109 -11 -115 -23 -60 104 103 -113 -90 -10 -119 -84 -52 48 32 -106 95 118 -96 -63 107 37 38 -7 -57 -96 -124 124 -94
87 -33 -10 -85 64 72 -82 124 -80 42 120 -24 30 69 44 37 -1 111 -48 57 -32 -77 2 -126 -52 -82 59 -77 -96 -128 117 5 -78 -103 -117 -63 113 -97 80 40 -114 -125 82 -128 -89 -97 -69 112 -9 -125 95 119 -123 96 -64 48 -43 -84 42 59 -7 -31 22 -97 2 -46 117 -110 42 -124 -34 14 18 -75 -84 -128 -85 61 66 76 111 1 -74 -33 -13 -84 49 66 26 -32 82 -87 -74 61 118 -75 44 -95 -118 -122 -55 -110 -11 109 63 -47 -36 27 13 27 -91 -9 80 14 92 -49 -12 27 -56 -47 -107 105 51 61 -63 -58 -123 -122 100 73 59 105 -22 -128 -16 -116 -5 72 116 70 122 112 126 -93 31 -68 55 -83 -122 92 102 85 29 6 -94 -89 -119 -100 -13 84 28 -38 -43 37 -5 -58 73 30 56 -122 -49 61 57 -62 15 73 58 -30 -71 23 -99 99 -65 -100 -42 -70 -34 -32 -17 114 -33 -126
-95 -100 3 -44 56 -113 36 115 -26 52 87 -72 -55 62 -10 -43 10 -55 -94 72 8 44 25 -33 4 101 53 -42 100 -36 3 -114 -106 100 -75 -85 87 57 -55 38 98 -69 2 -21 103 -7 23 -26 -49 57 -90 29 -89 -102 -21 -17 92 -80 45 -85 -8 30 44 -13 -26 -47 -84 -8 -87 51 124 -86 -23 -106 -124 105 -73 119 6 38 67 76 104 79 78 -119 15 28 8 -16 60 64 -70 -91 53 7 -68 -78 -116 14 40 113 113 -115 -72 44 9 -89 11 14 -112 83 85 39 22 -108 -121 -96 -79 41 28 112 -85 -49 66 -121 -49 -122 9 98 61 -80 100 52 86 45 20 72 -72 -110 13 53 126 -49 122 113 33 59 82 -39 -14 8 49 24 -35 50 -41 -77 -70 -60 90 -90 -47 -60 -56 -113 116 75 -99 -28 -87 -68 -50 76 102 47 -106 42 -9 109 113 117 -72 96 80 -115 50 -55 42 -52 86 -11
63 60 -64 125 8 14 61 -56 11 73 65 -16 10 -9 -27 -20 -60 -41 7 50 15 28 -5 -17 -118 -128 -112 113 -61 -38 -31 8 17 -95 76 116 -62 -36 86 -28 -44 122 90 -36 -51 105 -93 -117 121 27 -127 -58 92 103 60 103 -119 -80 23 -124 24 14 56 22 34 -93 100 -103 -88 29 53 50 75 -61 -72 -50 -74 75 -26 31 -85 107 100 -49 81 -93 39 -108 -78 45 116 -35 62 -64 66 -67 -106 -76 34 125 -23 -1 45 -118 94 60 62 122 120 125 59 127 78 11 89 -94 -122 -117 122 -77 -109 -24 -97 -23 -117 67 -83 0 -66 -91 -39 -104 -83 89 33 -62 -74 -126 -66 -27 -28 101 122 12 100 -6 -92 116 46 66 -8 -103 -101 -84 -102 18 16 60 -59 27 -75 -41 -93 102 108 88 -22 -120 11 -26 114 2 34 78 -102 59 -8 117 22 67 -50 -1 89 -92 56 -124 -38 -65 15 -110 -81 127
89 10 93 92 -35 13 17 104 -42 -32 -123 -111 -103 62 60 -54 76 -127 0 102 7 29 -64 28 -47 21 -23 -126 12 -11 -112 -118 -113 65 -58 104 0 39 38 46 42 100 109 -61 73 -68 -13 25 21 -67 -61 -90 -91 97 59 1 -67 91 -39 9 72 11 10 -73 114 -10 34 19 -33 -128 66 49 55 36 -84 116 3 -116 -99 2 -7 -41 27 -92 123 -100 39 -18 -4 97 34 118 6 -20 79 105 -36 71 -102 115 -8 -79 28 120 -15 23 75 52 52 106 120 33 94 -1 31 86 122 -100 -100 32 19 95 -65 24 -19 21 -66 73 121 -21 70 -20 46 -89 -106 -17 -46 33 43 -51 -49 100 45 23 -91 -79 69 -115 49 4 63 -27 -34 -8 -5 101 -92 26 -115 53 -24 -102 82 -74 -113 101 -101 46 26 -127 2 55 -36 -21 -112 99 -1 -123 -36 119 102 -58 -43 49 -5 -107 30 89 -74 -113 81 27
-102 -127 88 121 -34 58 -116 -92 102 20 -50 2 -67 120 -52 56 -78 -86 -123 8 34 -117 -104 48 -70 7 72 -45 -5 125 119 125 6 46 -72 63 -69 25 -35 -20 71 85 -36 -73 -12 -73 88 -19 18 123 -67 21 -105 13 32 85 -113 25 55 -97 69 -81 -40 78 42 79 40 -79 115 46 -48 127 -13 -37 100 -69 -80 21 -93 -8 -102 -98 -104 59 -77 -105 -33 -79 -34 108 55 90 -53 97 -83 8 56 3 109 88 79 1 68 -42 0 78 -67 92 127 6 96 19 -61 -44 -52 -115 73 73 -11 -30 -81 28 -87 -91 -101 -105 8 -124 46 73 -45 97 -9 -16 49 -87 64 126 12 -125 -62 80 -111 3 109 10 3 86 -123 18 -21 2 3 125 117 121 60 -47 1 116 -7 97 -60 -116 -65 -17 -37 57 94 -49 -84 36 -39 -116 -123 -47 121 43 -29 -36 125 73 86 81 76 -118 20 -119 51 -115 -73 26
-62 -13 84 -95 19 32 3 26 119 -41 -5 -6 -123 81 121 -36 -27 -128 93 23 95 -115 -108 -91 -91 81 -74 82 92 75 -120 34 -120 -96 65 -99 109 -120 48 -114 -54 -128 11 -78 -116 7 76 19 -74 -65 -117 114 -38 -31 108 -89 71 68 -80 -13 6 -42 58 -94 1 28 -59 11 -101 -69 63 88 -22 -15 -72 -64 -20 -36 -61 106 -48 112 99 -9 -35 56 14 37 -11 -80 -121 124 25 125 120 -92 -105 -4 -61 60 81 -44 64 53 68 -2 65 59 -31 110 -63 114 88 104 88 -39 17 86 -26 26 58 -110 -89 -97 -127 -40 44 -20 64 46 -104 92 61 -110 73 -56 -30 37 -25 -31 43 -117 0 65 87 -61 16 33 -88 -97 -111 49 127 -10 -98 -26 -44 -91 94 -91 -55 -33 102 64 -79 19 104 43 122 101 71 80 118 1 46 104 43 -81 -58 43 -68 -62 -108 23 79 -78 29 123 65 76 105 39
120 96 101 -22 95 80 -90 -52 -115 17 59 -29 -37 47 72 -12 14 69 -107 64 69 -104 -17 121 79 94 -81 -79 88 -79 95 57 63 -53 121 -26 32 -88 -103 -5 13 -59 -24 -56 49 -96 -20 -2 80 -46 104 80 -1 72 44 76 58 94 116 -99 55 -102 115 115 -113 -36 64 21 21 48 35 45 109 -127 -119 -101 -65 15 55 -51 37 97 -111 -83 -61 -62 -113 -35 -26 -41 -43 -84 -6 -78 -119 127 69 -75 12 -24 70 -28 -109 -32 -62 17 18 -9 70 106 125 -23 -95 115 -15 -9 -54 74 93 -128 49 -5 74 -7 -26 -25 81 95 121 83 -11 -53 -123 -27 -1 88 63 -41 14 -45 -33 127 55 54 93 -19 -119 -51 91 25 79 14 -82 -102 -22 111 -106 0 -38 22 -54 90 -128 85 -124 -69 124 107 -54 -45 -5 -28 117 -42 -23 -104 -54 118 -56 -41 98 -7 -52 73 66 -120 92 -6 112 -62 7 -87
-18 58 -92 42 51 38 10 69 -45 -56 -25 11 -56 -12 118 108 8 -53 2 -63 28 -102 -1 37 -117 124 -57 -108 62 -51 32 -119 -121 18 106 -68 -73 108 108 -104 52 0 -19 -77 -32 -77 -26 -69 -41 111 41 63 19 -93 -16 -109 52 84 -96 -47 80 -65 -101 80 22 -15 -68 -87 -41 100 -107 -109 120 43 0 -72 -58 117 100 -33 121 -39 -81 67 -115 -20 81 -45 65 56 26 8 -47 -46 -75 100 -85 -1 51 84 -115 -72 3 -112 43 -94 107 -24 -82 11 35 -14 -18 97 13 -63 101 -36 -48 60 -81 -80 -44 -95 -87 -103 22 -124 -30 98 114 -116 86 -51 122 103 1 -14 -52 -111 -40 -7 -128 -28 -116 -3 92 119 9 52 44 -45 106 -1 36 -73 27 -106 -72 -3 72 -68 27 -45 -91 -4 55 -86 -48 57 127 -60 -28 -71 124 -20 -72 -16 63 123 -123 19 62 -20 -4 70 12 28 -117 -103 -51 110
15 -124 -108 32 58 -16 -92 -21 41 42 -39 26 -66 -90 -93 -1 -82 -79 121 118 33 94 -74 -5 21 -22 62 -115 -6 20 -10 67 59 -119 94 8 -36 115 -82 -89 68 10 116 28 -105 53 101 -96 -119 9 114 17 82 70 -106 -63 -61 -125 -47 -116 -26 -78 41 -83 81 24 7 106 95 32 77 45 39 118 70 -118 27 -82 14 118 -77 33 -10 -72 -64 61 -36 -110 8 114 1 99 100 22 -15 35 71 22 -18 111 104 125 -96 -53 9 -16 -33 41 72 -113 -17 32 36 77 99 -114 -47 -106 -100 55 79 49 -7 94 91 67 -51 -65 41 66 67 4 -84 -125 127 -107 -104 99 60 71 40 0 0 52 -39 -13 78 98 51 0 -53 16 44 40 -54 21 11 -63 -26 76 -69 91 -10 55 -55 -2 21 33 -119 -93 2 -116 25 -80 -48 79 23 -119 -18 -113 16 0 71 77 74 67 -17 -19 -28 -86 122 -12
-50 36 -71 -51 -30 119 108 -31 -92 -89 103 82 122 62 114 -120 44 51 90 0 -29 -95 111 -81 87 -80 127 -113 -124 106 -60 -63 87 8 111 -17 -29 1 -4 -94 -57 -72 -72 -7 -6 -40 -41 96 113 74 100 -6 77 -84 -69 96 24 53 -114 -27 -25 -93 59 -113 -75 114 -103 -99 -24 -128 -106 -49 55 118 -128 44 120 -87 -76 -120 -127 -61 -5 52 23 -78 -123 69 61 76 23 -59 48 -84 17 13 -13 65 -88 -111 125 -7 -72 120 -30 -81 -39 115 1 74 122 47 13 -77 46 41 118 -97 -12 60 28 113 -108 -55 80 59 51 -67 8 -117 -117 -69 -65 109 108 39 59 -49 126 86 -51 -62 -74 -77 -82 38 81 -52 51 116 51 -89 32 -52 12 -118 -57 54 7 -38 -127 76 -19 102 -120 21 105 0 112 107 -86 -95 -55 44 -70 -67 -66 116 -15 85 -100 94 -5 80 81 -48 31 112 -94 116 25 -120
-119 34 36 -51 -23 42 22 -111 58 92 44 63 -32 127 -43 -38 -101 -88 85 101 -89 65 101 65 121 3 12 89 36 -102 1 -61 -18 -25 -8 91 -88 -11 -7 107 -84 8 34 39 -122 95 12 36 65 -46 -31 -65 97 -43 -125 -6 126 117 -52 24 112 28 1 81 61 -107 10 -31 4 -125 -11 -68 -8 -78 62 91 -121 117 -14 21 116 -19 99 63 9 -110 11 -31 -115 114 -9 -60 -41 -54 15 -53 -42 39 -39 48 86 58 54 76 -84 55 60 104 -44 -68 40 -112 -56 -43 93 -13 79 63 58 -19 -69 -8 -24 50 14 122 83 37 80 -122 -49 -42 -18 22 -11 -52 67 12 -46 108 -91 92 -48 -64 98 -43 -61 57 45 -68 -110 121 -27 78 58 26 127 -50 -85 -60 -108 2 12 65 -2 30 -45 -93 120 65 -65 -126 23 -58 97 -65 -4 -36 -116 79 33 94 -119 103 -9 76 0 57 6 49 123 -34
-117 -85 106 79 -39 27 100 103 36 82 -60 -125 -120 -31 81 32 -27 30 -47 11 -76 29 0 44 78 51 19 -105 120 -23 91 -112 -5 -6 94 3 41 112 77 -28 36 47 75 -57 96 -62 -94 -103 -100 -99 46 35 12 55 -56 -63 99 0 57 65 51 -28 -46 35 -111 21 57 113 124 53 -90 103 -114 -111 78 -29 13 7 0 119 104 20 84 63 9 -50 -88 4 -58 -64 26 -73 -126 -16 -65 79 -123 73 -76 -110 -51 -68 -109 -116 117 7 -45 -112 116 -128 65 -92 117 47 116 30 86 109 -37 11 77 85 127 -37 68 115 -85 -12 43 -100 75 79 -22 11 52 -109 73 -4 -102 123 127 -119 -69 122 35 44 -76 100 -86 60 -4 -67 42 -126 73 -42 95 -51 -26 -13 -30 -125 -108 83 31 -93 72 -82 16 -81 -20 3 34 -23 74 -43 127 63 -31 44 10 -118 13 -20 39 -68 -84 114 97 69 -98 -112
-9 -82 97 -53 -25 61 -119 -81 -67 42 -105 -85 -102 -8 109 -106 -10 -43 22 80 31 11 -106 -45 84 -36 107 -68 -31 90 -95 75 -82 81 -16 -42 -60 72 1 89 100 -76 -10 101 69 24 26 -128 -81 69 72 -44 -78 18 -115 -29 -72 -72 31 -45 -85 -19 116 24 112 -43 38 6 0 -43 61 -62 -68 -100 78 54 115 -12 -38 -76 18 50 7 -99 11 33 -56 -118 -6 -61 -99 94 -82 -95 121 -51 -86 -81 39 -21 -22 -19 79 -119 -30 44 -120 -71 97 -2 81 107 54 51 97 -49 -121 -15 58 110 123 -81 3 0 -91 126 73 106 -128 -19 53 63 -125 -17 65 -113 13 17 -125 80 -86 -125 -51 57 -79 52 65 119 -2 88 -75 -77 -15 74 1 59 -44 -42 -68 0 35 80 122 -107 -48 96 99 -25 -8 46 -20 -89 114 -102 -110 -79 -78 7 -114 -65 -50 -92 30 14 29 -28 120 110 -84 50 -4 -77
-78 -84 -23 36 7 -36 -53 -75 14 -16 95 -119 -92 -3 56 4 -59 -128 -78 3 73 -62 107 -111 79 10 -17 -47 -26 97 28 110 69 2 -105 -124 -87 63 -102 104 -113 -122 -91 49 -1 -24 99 17 -114 -73 81 -128 -21 -67 46 10 18 -83 66 -22 127 -123 86 102 -99 59 41 78 16 70 123 -92 -68 32 -114 -96 79 -55 90 -15 -69 27 75 -30 -35 12 -53 -116 -98 86 54 114 -105 -37 -92 -36 115 85 -75 77 37 32 -91 66 -62 70 117 -108 21 -63 -71 115 73 44 120 57 -81 5 105 63 19 69 21 93 75 -84 12 -4 8 60 102 -108 -63 89 106 46 -113 -107 -72 44 39 48 27 121 -53 103 -108 82 108 -112 -99 -85 29 -23 67 16 73 83 -108 -13 103 -90 -63 32 -74 -70 -84 102 -122 -29 65 -9 -39 94 -67 4 43 120 24 73 35 -43 28 26 -55 98 -26 -107 30 42 -94 76
-7 61 -48 105 113 -77 121 31 63 -103 120 112 -86 115 92 -16 71 121 122 22 106 -71 -98 52 87 -18 -65 122 -12 39 -13 30 -32 17 71 -108 42 -117 -106 5 -117 -76 116 -57 118 -99 -102 -57 -89 19 100 34 -46 -51 -127 -41 97 89 124 95 49 -78 68 110 125 30 -23 -37 -6 27 -28 126 -103 23 -105 -3 81 53 -110 111 64 79 15 -31 30 -99 13 -70 -46 68 55 -125 55 90 28 -63 5 56 62 9 -20 -49 2 85 99 -96 -112 127 35 49 32 -89 19 -86 94 19 71 25 98 -3 -113 53 -128 54 13 107 93 63 -47 -128 45 122 114 55 76 -32 100 64 84 -81 24 -100 122 63 27 -38 -57 109 47 -61 -45 82 31 -100 -114 -62 22 38 -101 81 -107 -85 -86 43 22 76 22 71 -7 7 12 83 18 100 108 -14 -79 -106 112 -80 -52 73 18 -80 -61 -14 105 -68 -36 -125 3 104
-63 -58 2 -99 -76 -18 62 52 38 -58 108 -54 30 -94 21 -37 119 32 84 25 -80 103 -102 121 -56 27 0 -72 86 -44 -87 1 -35 5 -86 -4 -40 75 94 71 62 -58 120 -66 35 108 -39 41 12 -59 -95 -37 -93 -7 7 77 86 36 -30 -63 -118 -68 -103 -6 117 -47 10 -37 33 51 62 -79 63 -32 18 92 9 -58 103 127 -117 -119 75 -70 108 60 17 -85 85 -14 21 -16 -19 47 25 64 126 -8 9 -90 59 51 -69 -90 41 -29 -80 121 -62 -63 126 16 -17 -9 127 46 38 -86 101 101 45 46 -81 -111 90 57 -64 59 -89 -94 94 -43 68 103 -120 84 85 127 -92 -63 -72 -76 -87 -124 -19 -65 112 59 -76 -101 36 -106 15 -18 73 -3 0 -96 120 -75 113 110 46 -48 -62 -40 -41 -25 75 107 -30 -16 100 125 -48 46 -88 -18 24 -9 -26 -18 86 7 77 -77 -109 -19 -35 31 -87 -88
109 36 -77 -41 -121 84 -43 -71 5 12 86 -44 89 40 3 99 110 -100 75 26 67 120 -10 -80 118 20 114 -71 28 -84 -17 -89 66 33 100 -63 81 -107 11 67 121 -119 -57 8 78 -73 -117 25 -59 101 -107 14 -79 -55 106 63 -60 -24 -92 -54 -18 -54 -20 -83 -33 -15 -61 106 86 121 -57 -124 -61 -126 79 -72 -49 -24 -51 32 -100 64 114 -73 59 116 90 81 -26 -33 -4 -112 -68 -73 -67 -72 41 -87 -35 -72 -99 58 -21 -32 -106 -101 37 -3 -125 -33 89 -43 -14 -23 95 -117 106 86 -44 62 76 76 73 10 -90 25 -59 63 78 71 102 -63 73 90 -108 -87 15 -70 -1 -66 -47 98 126 -94 -116 93 -71 18 42 -114 -119 -5 -121 89 78 -14 28 -84 -73 27 -51 124 67 -121 108 30 114 39 -48 90 -34 -48 93 -50 95 -66 54 -117 83 88 127 -117 -38 -55 84 -64 -41 117 -21 -8 75 59
-122 59 -81 -16 80 91 96 -65 30 109 -38 -114 -40 88 47 82 3 58 124 1 39 51 -84 20 -25 111 -118 90 72 -64 12 -103 -92 -56 -32 16 80 119 114 47 115 -27 -8 -30 70 -19 -85 102 -23 -33 -122 85 -17 42 -10 86 82 123 -1 102 -23 -76 -73 -88 81 -34 42 -115 -33 -46 -57 -90 97 63 82 -8 102 82 -111 22 34 93 -10 93 17 93 118 45 -91 113 118 -5 126 7 46 69 34 41 6 -44 91 30 74 -27 30 40 124 -94 108 14 -4 -109 -108 47 29 106 -54 -119 -24 -106 -82 24 -108 105 -53 -66 -81 -126 -127 -75 -81 1 71 47 70 126 -38 -114 -81 120 -69 -19 -23 18 -36 30 119 52 -59 -110 -97 89 49 43 96 49 109 15 -23 60 51 68 -1 -9 37 14 79 25 1 -79 99 -95 57 -85 73 -74 26 -84 113 127 93 56 76 65 92 -74 110 30 62 109 127 56
-44 -55 17 49 -115 38 -42 81 -56 -9 -21 97 -103 53 -65 -31 -62 82 126 125 -126 12 4 -1 -118 20 74 -60 57 20 25 -53 102 -65 -13 38 45 13 -2 -4 122 8 66 70 -20 125 80 47 54 76 -85 2 72 -40 7 -4 115 70 -34 10 -110 80 -44 -106 -87 -59 72 -19 67 32 -75 76 -31 -47 35 -59 -49 -54 22 -100 72 -111 -90 124 105 -77 67 -76 72 -45 85 115 -52 -2 123 -2 -104 -7 120 44 49 -19 -52 -39 -30 107 -44 -43 -48 -34 -13 89 -109 76 -61 47 1 121 30 -43 -51 35 53 93 -90 -79 46 91 2 -72 -120 35 -95 -51 -6 -92 -120 73 -15 11 124 102 -69 33 -43 -104 43 -36 2 -31 79 111 68 31 84 -42 -82 2 -118 -126 5 32 11 -110 -93 24 18 91 29 74 76 44 -16 2 126 -119 -57 78 56 -127 120 -6 106 -90 104 0 3 60 -16 -50 83 121
-30 72 92 -124 92 3 -88 117 33 8 -96 -36 57 16 -95 88 7 123 114 -47 -9 -61 -114 65 -114 74 -81 64 -8 46 0 31 51 21 2 -29 -19 -22 107 -107 -33 125 103 -75 -97 -123 70 112 -70 -10 -123 62 103 95 87 101 24 17 65 25 -10 60 18 73 -30 -85 43 61 97 11 -107 49 -25 100 73 125 -31 104 50 0 86 -58 -73 119 -70 31 -45 -121 23 4 -46 -30 -97 -91 13 27 124 -79 -85 69 -111 -30 107 -18 -88 -73 37 18 25 16 -45 -77 -25 45 -123 -110 49 9 -121 -6 -94 72 12 73 64 -8 86 -21 -113 47 -38 -67 29 116 -120 67 115 -75 -25 -90 -65 -126 -55 18 61 -53 -33 -58 30 121 -4 -9 104 108 -17 -60 8 2 -109 15 -26 121 -3 -98 81 -29 80 18 41 20 86 97 -24 -118 117 -33 36 -6 -80 65 81 42 112 -83 -47 1 36 20 -88 -68 79 -69
-82 14 66 26 89 88 104 84 66 43 -91 -69 -67 -18 57 -24 3 84 87 -85 37 47 90 52 -49 25 81 40 41 117 -45 122 108 -110 102 114 -22 65 -3 59 8 -84 -119 81 96 -97 122 -91 -18 -112 90 57 -34 116 -87 66 104 -100 -124 89 78 -42 125 -11 -58 -9 74 70 121 -45 -120 -71 85 37 -46 -54 111 15 -31 -8 116 84 -59 -49 27 101 -82 66 44 -90 -28 7 99 -47 16 -82 83 -62 91 -99 -42 123 -71 105 54 -44 102 108 72 -68 82 -50 106 -121 -23 3 122 -19 -90 -49 -50 -73 -118 -46 -51 13 39 57 112 39 103 41 49 -8 72 -57 -9 -69 65 57 -64 -38 -79 77 -89 -104 70 14 17 -69 -89 -74 -34 117 -20 -25 47 -6 -120 33 -5 107 57 -33 76 -63 126 -73 -43 -92 -109 23 95 67 -84 100 -70 -34 -36 60 68 -54 -5 2 -114 55 93 120 96 -93 -50 39
-72 -102 -82 -25 -1 117 83 -95 42 -112 85 -40 -23 -127 -67 57 -59 -40 77 -80 -101 82 -16 -87 47 114 96 56 -25 -60 -21 1 29 67 -104 93 28 -53 62 95 -76 -45 71 118 46 -79 67 -55 43 71 -1 41 -117 -105 -12 -9 -128 40 -93 -27 -86 -6 -46 -74 -107 -86 -16 -33 -40 9 86 47 -67 46 -125 83 42 28 -62 26 -17 55 -2 118 -92 120 120 -1 -43 78 86 -26 51 100 -17 -106 80 126 -12 95 -98 30 -115 16 -23 -47 120 -1 43 55 -47 -61 -41 -106 -93 83 -99 -3 95 -83 -81 -117 -38 40 -54 57 25 -98 104 -22 23 -35 87 -114 20 66 -121 -68 8 59 -28 -86 72 -11 4 -62 66 -110 111 -11 -91 -63 51 -58 126 -103 -128 -114 55 -74 -98 54 116 -34 77 -27 -48 -30 22 -34 87 -61 96 -41 117 60 -124 9 6 -40 2 32 -11 121 -112 49 18 -62 -106 -72 -78 81
67 -52 78 -57 116 -51 -79 35 -116 -46 82 79 46 -117 -53 94 33 86 -21 -27 -56 99 -24 -27 101 57 59 -70 35 -55 29 19 17 -98 22 -65 -25 102 48 84 68 58 101 -60 126 103 -59 -37 -81 52 34 55 -94 -39 122 -3 -45 -13 60 64 -55 11 124 106 -125 87 53 -124 29 106 2 -84 15 -15 39 120 48 60 20 -80 -76 0 78 89 -15 124 -125 3 42 116 34 -59 -72 -55 -30 127 27 93 112 70 47 -72 -43 63 -48 -120 -14 103 -112 -22 77 54 -62 -69 58 -76 76 57 91 43 -118 -35 54 -98 64 -25 126 121 119 -90 118 75 -3 -96 93 57 -53 -125 -68 27 -106 -92 113 101 -48 -98 -84 11 -90 122 -26 -74 -78 6 -79 116 -14 96 27 92 109 -65 83 13 -104 -56 71 -93 33 -82 -93 -102 22 -5 -124 7 3 -80 33 -51 34 93 111 -12 -124 77 -109 -86 -20 108 -20 82
69 -122 79 104 31 52 80 74 44 116 -70 -3 80 -92 -37 67 -4 -48 71 -81 -128 -77 -13 -75 43 -111 -67 -58 -110 -112 33 -87 85 -101 -74 -93 37 -30 -62 17 -54 6 -61 3 -97 48 -66 122 -111 7 121 17 70 -16 65 -65 65 -61 -39 85 -117 -18 -104 -14 -96 64 -81 11 104 -68 -28 -23 -31 14 127 -74 41 13 97 29 114 -29 -1 -109 -105 15 89 88 -17 96 -98 37 57 54 -42 8 -3 70 64 -29 -56 111 84 125 -89 -121 -93 89 16 98 -110 -41 83 -14 67 -77 -114 99 -27 -32 113 -93 8 48 -114 -73 -41 -50 32 -66 -39 -111 47 43 117 -56 115 -95 71 69 -47 78 96 57 42 88 -44 61 61 -97 -104 66 48 47 12 51 -7 86 -20 105 -128 -103 102 96 12 -25 94 92 -92 -112 -41 44 -11 124 7 -109 7 91 -31 -80 4 10 121 3 -85 45 63 -105 38 118 -67 93
29 2 68 -50 58 -67 -45 44 -54 74 -81 -44 92 -65 117 88 -17 -64 81 -47 -24 -32 52 -77 39 60 11 22 18 4 31 -27 119 -70 -61 -10 -34 -36 -96 -69 59 87 28 -28 -71 -128 -69 -35 101 1 87 -46 -13 31 -82 120 9 -59 -46 -54 -7 -42 91 93 -10 63 -42 -64 123 44 -101 64 74 -64 -60 10 118 -80 -82 66 118 -125 -98 111 51 58 -17 -33 34 88 79 8 126 45 73 -41 72 -22 122 34 79 -30 -61 -56 -31 -125 -92 38 45 95 55 -122 -104 106 -33 51 45 -33 105 63 116 53 -46 -16 -61 -117 -54 -99 -91 123 -79 108 61 24 26 -68 -8 64 26 -36 -74 -10 -49 -24 89 -13 -90 94 -21 81 6 58 21 -21 53 100 124 -20 -4 -90 32 -117 -109 63 -100 44 90 -77 -92 107 115 74 43 84 38 -122 -9 -74 -69 7 -90 107 26 117 -47 -121 -14 -123 6 112 111 -117
15 56 125 -119 -126 11 33 -18 -87 -53 15 50 -112 -42 -88 -77 -102 29 116 -116 47 -37 23 -22 57 -16 77 -63 -64 -5 -31 18 9 97 -29 -38 -87 -66 -63 -40 -3 -10 98 -78 43 117 -75 89 -37 123 1 -115 -111 -95 29 122 -92 80 -43 107 -72 -7 -50 -29 112 -44 110 -73 110 -103 -81 -89 73 -93 58 -57 65 17 5 41 60 49 38 -109 65 -76 -116 94 101 41 53 46 -73 114 -87 104 40 106 103 -67 -5 -127 -122 -117 111 -48 127 -77 31 99 60 49 25 -1 47 79 -48 119 75 41 110 -36 73 65 48 -67 29 -20 -109 -125 41 -50 92 -16 -9 98 -98 -9 23 49 -25 109 -103 113 -114 73 63 -53 77 66 -48 127 78 -12 -79 78 14 98 -107 62 -22 -10 23 44 -21 123 111 90 0 -7 -25 -14 103 50 32 64 12 -70 -43 26 -52 127 20 -86 -97 120 -100 -28 120 113 -24 -77
-25 -37 36 98 83 110 71 -58 -66 46 72 -115 115 54 120 26 -106 3 -104 42 27 62 -22 41 94 -108 -70 2 -96 78 -61 12 -42 110 60 -94 105 83 -77 -28 122 58 55 37 -25 -49 55 -44 19 -45 -56 74 -32 69 61 125 26 -55 84 -105 -71 38 -14 28 126 -73 9 -83 92 97 59 -106 60 5 -83 20 54 -73 -61 20 -87 78 -23 -74 112 95 -103 94 7 -22 114 19 47 -7 -23 72 91 -46 39 4 115 75 -40 68 -35 -105 48 102 -70 92 -82 39 3 -31 -113 77 -107 107 20 3 7 41 -5 -57 -9 79 77 -66 20 110 54 50 99 -24 86 107 -63 -58 -117 -27 112 -61 -108 -78 -13 16 6 -8 53 0 72 70 -6 -2 -11 -18 -114 -119 -85 22 -50 -99 -17 -79 -17 -58 90 38 112 -59 64 -81 -109 -25 -84 -75 85 -64 110 -44 117 -121 -51 101 43 -32 -16 -3 77 117 -80 -28
-127 -26 63 51 92 -88 14 113 41 -8 96 -58 22 -42 37 36 93 -2 -103 67 94 52 -74 -108 -97 -54 58 -116 15 58 -9 121 97 -43 -7 127 121 -38 -89 -104 82 117 70 47 -95 -48 -71 -101 -7 -36 13 -115 4 -21 -32 72 -119 -128 11 39 5 35 -52 -14 33 -111 59 20 127 -7 116 59 -6 -26 -27 49 94 62 69 -3 -49 41 -35 51 -88 -32 109 61 111 24 -50 -8 80 -94 -76 20 7 -113 -5 63 124 -1 -99 72 -121 -103 -125 17 -53 77 98 30 11 -113 -41 14 89 94 -103 -4 -38 -41 64 110 38 99 6 114 -110 29 0 -27 21 17 -111 -110 -9 123 101 -61 79 75 -125 -27 2 65 78 -32 -2 71 50 -28 80 32 86 -128 -68 109 -80 105 -103 -38 -99 -57 112 -35 104 8 93 -72 -7 15 62 -25 9 59 -85 -39 48 -10 86 -33 73 75 -10 61 8 18 -65 -92 102 52
-66 65 -114 -64 -92 13 48 21 -58 67 37 -18 -116 -46 84 -96 -70 19 3 6 48 95 -115 30 8 50 93 103 -93 28 -87 -83 16 39 -111 127 -18 -94 110 -96 -56 92 -39 -67 -38 -1 -55 123 -122 -70 127 2 107 57 71 -34 110 45 -38 -4 24 -103 -128 55 21 -118 -71 -14 48 -14 86 22 45 -57 83 38 118 -1 119 13 42 3 23 15 127 109 -85 3 76 -78 -81 52 -45 -92 -123 81 -4 -10 88 -74 -8 -14 -86 -69 -25 -20 5 -127 -90 26 -115 -102 124 99 -19 57 36 -76 51 -115 -106 69 -109 -128 -3 -81 84 -82 -85 111 -108 -109 -83 84 -118 -78 -9 101 45 127 100 -88 -114 -24 75 27 -51 105 -59 -109 -127 -107 62 90 110 -112 -32 127 -102 93 -73 -128 11 -104 -4 96 -5 -87 -118 16 59 98 121 90 112 83 -78 -125 102 -83 -18 -56 -78 105 64 127 -126 -77 93 -59 5 -74
-18 110 10 112 -34 28 -62 -125 39 -84 28 -105 103 99 -24 62 4 31 -60 -96 -122 -50 14 100 32 -24 -66 -77 22 114 34 -36 -4 -90 -119 1 -75 92 -12 72 11 16 28 -19 -3 30 -88 38 -75 43 -48 -71 25 -81 -31 91 -52 119 -124 -69 -38 68 -11 5 118 -43 31 74 -63 -47 6 -20 -115 -89 119 -43 125 92 119 -75 36 -18 94 -77 -24 31 -93 51 6 -16 87 83 -19 -57 101 11 74 85 68 116 36 -25 1 -107 49 13 96 68 31 83 6 115 17 -80 123 -96 -5 -25 89 97 2 37 31 -104 -76 -62 -100 116 74 69 -6 -6 93 86 -53 113 -31 24 23 -55 63 24 -115 -87 -127 84 -13 39 -104 10 94 122 -113 -89 -62 34 110 -73 76 15 -7 -28 -113 12 -26 40 80 -29 124 -71 6 60 85 -57 74 77 37 -52 -42 61 4 76 -120 -77 101 86 -90 83 -61 77 -59 113
-39 10 -21 121 -37 -121 71 84 103 -72 -29 -45 97 50 -88 56 32 111 -5 -108 -3 62 -5 69 -99 91 124 59 127 48 86 82 72 -13 80 124 -54 74 91 -105 30 92 -113 81 -27 -26 -55 31 97 48 92 26 36 -72 -23 -122 92 127 -124 125 -91 60 74 -105 69 78 62 -4 127 6 -70 34 20 -85 -68 29 90 -55 -27 -80 3 90 -19 95 11 1 -31 -68 -18 -21 106 -68 117 -86 85 -126 -97 -94 79 -74 -106 84 58 112 -48 34 24 -20 -58 72 94 -44 118 -123 31 -12 -16 67 -92 120 -100 -11 -128 -22 -48 -66 -117 -53 -46 -54 67 -5 -126 -39 96 -82 -27 -30 122 36 -38 -13 8 -78 -115 -25 -4 -75 -103 -103 -85 -36 -32 -120 -92 79 -128 -49 -116 22 9 74 124 89 100 -32 -45 -80 55 72 -28 -64 67 -37 3 -9 -52 25 95 73 58 -98 126 95 47 9 61 -17 114 -60 58 -90
-35 -7 33 75 37 110 90 -127 -92 37 -67 31 -25 -21 -8 -72 18 -91 -48 -30 103 62 -2 -90 -1 -116 10 -48 6 -52 62 -68 -70 94 92 110 19 -111 27 -55 99 112 127 -39 87 122 23 9 -21 79 -102 102 -91 79 -122 -20 -44 -64 -110 55 -92 -34 50 -116 91 -118 114 99 -9 10 17 121 15 8 101 -116 -36 95 120 -8 -125 125 -94 50 -125 -95 51 90 80 43 106 -125 -30 -57 -71 2 124 17 119 123 122 107 2 23 103 110 -80 -117 59 -44 -100 125 107 -94 -21 -50 -104 26 -2 48 86 64 96 115 81 -123 74 115 82 88 16 -73 -42 -77 78 66 -22 -23 98 35 92 -33 -90 -93 -84 -33 -42 28 -120 -22 15 68 -114 71 -42 59 67 -122 54 10 66 127 16 127 -45 -74 103 -103 27 -8 91 29 36 -1 39 -39 109 84 -17 -65 -67 12 -53 -62 2 77 -6 -110 -86 33 -101 -111
-16 120 -37 -80 -64 85 118 64 57 57 115 -47 111 -62 -114 -115 -115 -7 43 -90 -72 88 -76 -44 -88 70 -46 52 31 -124 26 2 46 99 115 -82 78 -71 50 64 90 -100 -116 21 18 122 -112 72 34 89 -61 82 -10 -88 -37 -73 -115 -67 -32 73 -92 67 -64 20 -9 -113 -31 -102 48 74 -56 104 121 73 24 -72 -125 102 -6 -72 -2 -94 101 38 28 -22 75 58 -17 -125 -27 109 -97 -38 4 77 44 -72 -53 115 -80 49 -83 45 9 -104 -97 -74 -127 74 -46 -27 67 73 -49 67 93 -41 -42 -32 114 4 58 37 -28 106 -125 -78 68 6 -15 -61 42 29 80 9 124 -75 26 -49 -120 -74 -46 43 -75 87 123 43 -63 -98 21 6 -69 -114 -78 -21 14 -109 -86 108 -33 -6 105 -87 -86 -17 31 -115 -97 -81 -14 54 0 78 -81 -36 -99 -33 68 -106 118 -109 -17 -101 -20 0 16 -44 57 64 112 54
18 111 -34 -100 31 8 -83 -39 36 -94 127 102 53 26 79 -52 -52 -19 -115 66 -110 -121 47 112 -128 -48 126 84 -103 -5 118 8 63 -21 82 50 -21 -92 116 120 -70 -119 -109 -73 74 -96 56 118 93 -1 -27 -68 92 119 27 87 -66 39 -18 77 -108 -27 23 110 43 61 69 -58 52 -20 -71 -25 55 -46 -37 97 -51 23 -69 -100 -59 -75 19 16 22 -107 72 -32 -124 -80 -98 -100 102 40 -4 109 -34 -104 -111 88 -89 30 -8 72 125 -121 8 9 -49 -14 19 -101 32 37 121 82 5 83 92 -11 -86 96 59 64 45 -106 72 -36 77 -27 118 61 -4 -48 101 105 64 68 34 80 75 -47 11 31 50 -23 78 111 46 7 -83 63 -28 -125 -116 -79 -70 -41 -97 -5 55 -127 57 24 -57 -45 -109 23 -48 -16 89 -101 2 70 89 -113 -118 16 -70 27 98 53 -1 75 -80 -23 45 -98 -96 -53 65 -126
34 118 -16 57 -11 -26 -109 39 -60 105 120 78 28 -81 120 -54 -113 -44 15 98 5 -31 2 25 50 -105 97 -108 -37 107 18 30 109 44 95 36 31 88 -114 48 76 76 31 44 42 -78 -54 15 -40 66 -18 -57 -66 -66 -39 28 51 -20 -107 120 -45 4 9 86 101 -67 65 112 38 -18 -60 125 49 1 -56 -19 -78 -55 54 -107 -45 5 67 11 -94 -19 -84 108 -108 7 -90 -66 15 -77 -46 -91 63 -45 16 56 -112 -105 7 -93 -99 -22 97 101 120 -115 88 -110 -27 46 -9 13 122 -108 109 -4 -34 51 79 82 100 33 78 10 -128 -93 75 86 -61 -102 -3 -76 113 -13 111 54 -100 -34 -57 41 29 13 124 54 49 -127 18 100 115 -35 -19 119 93 54 42 -120 20 -64 -6 -66 119 -67 60 -22 36 -12 28 1 -55 -97 -127 -27 21 -87 -9 39 -31 -41 26 85 56 61 -99 -34 40 -55 34 21
-122 25 -9 6 80 -27 43 61 -43 -74 -61 -29 37 101 -78 -47 -47 15 30 126 28 47 -93 -27 121 60 105 -128 48 -101 -8 -55 91 -61 -45 -2 71 41 -116 -2 -42 -30 -111 8 108 17 83 -117 35 -86 -52 -117 114 -113 91 -67 -75 43 -116 -37 -86 124 -93 -124 82 -65 -48 -60 8 -106 -76 99 -6 -26 -101 -20 116 57 -71 -62 10 -107 -96 -46 52 -61 -110 -83 119 8 75 -15 -69 52 51 28 -69 35 58 -119 120 -28 34 53 -112 -106 65 24 10 86 87 74 -4 59 -48 36 74 -17 36 -76 66 -46 -50 -3 -105 115 -27 -36 35 52 112 124 -110 -15 -62 59 -93 -15 -36 11 -77 113 19 -82 47 -102 -110 -81 -5 -74 104 104 -113 -116 78 17 -2 -78 -39 -46 -4 105 25 -63 3 -108 54 -101 112 46 108 -3 117 19 9 -117 88 81 114 126 -15 -66 -61 71 109 -90 -7 24 -126 127 17 -51
105 99 -23 81 33 20 -125 63 -47 24 97 120 40 77 39 93 -104 -39 9 86 -97 105 76 1 87 -77 108 -112 61 -85 -30 119 -82 -85 -25 -59 -18 70 94 -113 -81 12 -83 56 -122 19 -63 -54 -79 -28 -58 -104 -10 -118 -23 99 -127 58 33 91 114 -74 -74 -62 -28 86 22 45 -33 -72 -110 108 -31 10 17 92 -67 -112 -51 -25 -17 34 86 122 20 54 -20 -70 -43 118 93 -90 48 40 59 50 67 -115 -52 24 85 -14 -114 71 -56 84 43 -106 34 -124 48 -14 3 60 -78 -49 0 26 -22 20 108 16 66 -120 81 63 -37 19 27 -92 121 32 -120 -83 78 125 -49 -70 -25 -55 96 57 -71 68 119 -125 23 -11 -125 -100 -11 87 -38 56 -115 67 -127 8 37 -98 57 30 -125 11 125 -1 -108 38 -83 64 26 -109 122 6 -84 40 -78 -19 -108 -62 82 39 -39 102 -102 114 87 -32 121 -86 13 123
104 104 -45 29 -18 42 -81 -14 89 -105 -34 104 99 109 -97 102 -7 -114 -57 64 14 -126 29 93 122 40 25 57 49 104 -120 -40 55 35 115 44 17 -36 123 -42 125 -85 -9 -105 -127 31 36 6 -80 63 98 -2 -15 -76 56 90 -41 -71 -94 -80 -83 50 -49 -8 -56 54 40 116 -56 46 -15 -91 -9 47 13 21 -120 -76 9 -13 2 -78 -103 118 -47 -48 -17 -121 -124 24 104 16 28 -93 -43 95 121 125 84 59 -78 74 91 -40 6 -15 7 69 12 -115 -38 -40 -79 1 106 47 121 7 -10 -87 -15 -19 31 38 -49 -10 -117 -79 -77 -66 110 -69 -59 -26 103 40 -115 -91 30 -4 -123 -125 -62 -92 -8 -39 -78 55 20 101 -34 -45 -72 -29 0 -43 -51 101 15 85 92 -121 114 -127 -83 -55 72 -13 -119 -92 83 31 10 113 -55 -37 -109 32 -125 10 28 60 124 116 108 121 -18 115 -50 -47 -27 -96
-42 -12 10 -40 0 79 103 117 74 -24 -44 -42 64 31 -46 -33 -107 -89 13 91 -36 -7 -114 -100 90 -65 -104 -13 -67 63 -89 -45 -41 -81 44 101 -12 26 -89 -68 -45 -11 3 -84 29 78 -82 106 107 63 46 -66 -41 18 -126 103 5 67 -44 106 105 -117 -86 -29 -60 61 110 -96 -56 0 101 53 9 -128 112 2 -35 -67 -39 -7 -23 94 117 -127 -50 59 -52 124 -99 2 -28 8 21 -117 -9 -125 -46 -19 112 -12 27 127 21 96 -77 105 36 96 33 21 13 79 -42 -93 32 -50 -5 22 -97 -27 21 60 15 -120 126 77 -37 -86 5 68 58 -33 64 -7 65 -57 83 6 -44 -9 44 -39 -116 44 93 -97 -75 -48 55 13 -59 46 43 -58 54 -26 103 26 29 -100 120 57 -2 51 114 62 -82 -13 -3 -84 -100 -116 -123 -6 -50 -54 -35 6 125 63 10 -24 -85 44 7 -94 -90 3 37 33 124 29
3 37 -105 9 121 11 -4 122 -44 117 77 -113 -117 -56 80 101 -64 43 -17 -10 26 -127 17 -77 99 62 63 114 97 54 38 18 17 -6 -114 79 120 57 -114 30 -106 -38 46 -109 -125 -105 106 -108 124 48 -106 97 57 13 -8 -97 45 -113 -14 -3 36 -58 -12 30 -56 39 -67 108 -89 -37 -84 66 84 39 70 105 37 -89 -40 102 11 82 115 49 102 26 28 71 95 -119 33 61 -2 -96 55 69 -4 33 -43 -15 -22 55 -24 -76 -96 8 112 -119 44 122 73 91 23 90 48 -22 3 123 -49 82 -73 -110 -77 -117 119 93 -63 59 -52 -12 -22 35 -88 -40 -19 83 27 -63 65 -87 -1 2 46 -110 -78 90 71 -92 -14 -44 73 -94 -4 96 -86 -113 41 52 88 -74 -91 51 -78 -9 -56 80 -75 50 103 -31 -70 20 118 -43 114 97 39 95 20 -84 -34 36 -81 15 -97 -97 72 123 -41 -119 120 -108
14 -62 -110 -111 -125 -2 -17 -122 -121 -29 -90 5 95 3 92 16 38 -38 -79 76 54 -123 -101 -71 102 73 3 -25 -126 14 116 -99 31 -47 -113 36 43 -4 -77 -49 -22 63 -34 71 -110 -38 -48 124 81 34 38 -36 107 112 -69 7 -41 68 -50 123 93 46 -88 -7 -59 57 1 -104 70 1 36 68 31 123 -84 42 64 71 27 -49 -63 27 74 84 77 -65 86 97 125 67 28 16 21 -74 103 -126 -15 -56 -41 31 -115 -107 -100 -1 -81 81 75 -59 -107 82 59 87 97 69 -59 63 -46 -111 -86 -48 87 69 -126 125 72 120 -89 -119 72 -120 51 47 65 48 3 113 3 75 -70 101 27 71 -43 -15 -38 -103 92 -77 13 -112 87 65 -82 -115 5 49 -7 35 -10 -122 -12 82 66 -75 -102 -47 114 114 -95 127 -59 57 123 53 12 -56 -94 -87 9 29 -33 -69 30 -89 24 9 16 84 6 36 -86 -51
-45 103 83 122 51 92 -5 -107 -6 -15 -22 116 75 66 -106 98 110 -75 43 127 -26 -124 -36 -125 120 -37 -73 70 -65 -3 -111 -90 -48 -15 15 -57 106 126 -49 -45 90 -48 -102 -38 35 -64 -108 -15 -24 -77 -79 56 -43 -19 114 58 6 124 70 -36 108 -108 -128 -32 -67 -105 24 15 22 -95 31 -126 -62 56 37 26 -64 -85 -110 -105 57 -35 2 -112 22 52 -126 -11 -104 -10 49 -51 -42 -38 -80 81 -98 -127 -56 -122 53 -30 -99 73 -108 -13 -57 -113 85 37 -22 29 14 -96 -68 -20 -89 -45 111 75 24 85 60 -74 77 -5 -5 110 -123 -92 -76 8 51 -127 -59 -113 30 36 77 -31 -39 77 -33 97 124 78 -93 -103 -94 -49 84 125 107 -17 -60 32 -123 -71 22 -24 -61 59 59 79 -26 -106 -35 113 98 -87 -83 -12 -11 60 -51 23 -94 12 -112 -36 -23 87 -26 -101 -5 10 -26 5 -55 15 -64 -92
-107 61 9 -49 40 48 -15 -21 -126 17 -3 -54 80 19 42 -120 -23 106 20 -13 67 -73 -54 52 58 -14 53 92 85 98 76 116 95 16 118 9 96 0 89 -45 -54 67 47 80 124 62 108 18 94 98 -107 -89 -125 52 58 106 -50 64 -13 -79 -86 22 -90 36 48 -11 -97 -59 124 -18 -47 -107 -108 58 88 -58 110 95 73 -22 -3 -21 -111 66 -110 59 -54 -6 122 -27 49 -115 28 -58 22 -1 96 96 -41 54 -120 -61 16 -19 76 98 76 -75 103 -95 -9 31 -100 58 -1 12 -50 -82 22 -84 -63 -21 -13 82 -105 -119 -11 -85 -37 -117 -70 -19 -95 -100 53 -55 75 -91 9 -13 -53 28 87 119 99 14 -34 -11 -24 13 -53 -102 122 -42 102 64 -38 -67 -5 95 26 -23 66 104 -43 -52 -60 54 -31 29 79 85 -100 90 -116 -66 -33 120 -45 -1 -114 77 57 27 -115 -31 112 3 40 -97 -96 97
-122 -84 -91 -85 -79 -32 29 -65 35 -61 122 -115 -61 12 17 71 59 116 41 1 -57 82 -123 -116 13 89 127 -62 3 -81 5 -36 101 26 59 -86 91 -60 78 51 -65 17 -104 29 77 -103 -98 -25 33
-114 114 -110 -83 84 54 -1 -44 97 -25 79 25 -54 30 45 -86 12 26 56 -17 35 -97 94 48 -77 -95 77 93 85 -41 -42 4 109 41 -17 -56 87 -62 19 -61 -100 47 77 -128 -90 106 83 106 127
-13 -40 22 -32 -111 7 -109 -13 17 -18 -58 -51 46 -1 -50 -26 119 53 -94 -49 -53 -98 44 -21 -67 -116 16 -21 86 111 123 -22 38 66 -70 -97 112 -39 -31 -21 -82 -72 -76 -91 21 9 37 -41 7
-72 -126 -102 -34 43 -83 -23 51 56 88 40 -126 -89 -63 -114 -99 57 -50 -35 42 122 -123 -78 54 -85 -53 -50 114 -45 32 39 -85 -116 -4 84 26 -124 33 -122 -9 58 -21 -27 -112 68 -56 -124 119 54
-99 -120 -123 -121 21 -114 -87 -19 -58 -9 -104 -115 105 105 -46 115 -102 -52 -84 67 107 -45 91 -9 -34 47 -118 63 35 39 -20 70 -59 92 60 38 -46 -64 82 43 -89 32 105 -32 -115 -5 -91 -7 89
55 72 2 -31 -118 75 97 124 28 -124 53 -7 -76 126 -80 -40 16 56 115 109 70 75 101 -24 89 40 -83 -120 127 0 68 -63 -84 8 94 -60 10 -79 41 -45 -59 88 97 -118 85 2 -17 -127 9
-58 -61 -85 23 105 45 -19 126 -22 39 119 -128 65 107 68 -31 110 -8 15 -42 -75 59 -40 -71 -88 47 -69 -92 20 -6 77 -111 81 46 -53 -58 59 107 11 75 -87 -116 73 -79 43 -35 -77 26 -118
99 -77 -61 -78 47 -51 43 60 -98 17 44 -60 8 120 50 -66 -41 68 -74 -87 67 -93 -7 -45 -74 -26 -55 -86 76 -16 34 14 89 -67 -99 -115 -56 -106 -77 55 24 104 -126 -107 62 24 73 -81 47
-98 58 -75 -32 63 50 -3 89 107 -87 50 -114 80 -106 5 104 -108 103 108 111 -121 -23 -113 124 -26 23 -60 99 26 -36 -12 31 -6 61 -118 -92 32 -86 -8 66 -20 120 -41 51 87 -113 -88 -33 -11
-62 -126 -88 -61 33 89 91 66 69 -10 107 72 80 81 -52 0 -74 -97 15 102 -93 -10 -87 -21 17 -12 -20 -17 -117 -44 -119 37 -36 -49 -59 -113 -17 -89 82 -12 111 -107 111 53 -43 -109 81 -102 -74
-18 -91 56 49 96 88 -75 36 123 119 120 -3 -95 75 35 -118 -94 40 -126 -31 15 -80 99 16 -36 47 -103 -110 63 -121 41 -79 4 -3 -31 -87 -94 79 -99 -40 -36 -2 -122 -83 -83 68 69 78 -40
-89 9 103 47 43 -50 54 62 -35 -85 -57 83 -2 17 124 -47 -43 -56 54 13 -26 -36 1 55 55 47 97 71 -92 1 -64 -127 -24 28 -32 -22 -76 31 125 -77 -97 24 -48 -13 91 -44 45 -8 -96
-29 23 77 17 95 -89 -63 80 116 -45 86 -113 -9 -47 106 68 58 -17 127 -41 -48 -83 5 55 -46 17 -63 64 124 -99 4 16 -76 -84 -8 -15 65 7 -11 87 9 17 -62 -108 -68 -81 -44 -73 -32
3 54 -23 73 20 -70 108 -111 -104 -64 -98 89 -49 54 81 35 33 -24 -71 -65 -21 78 110 42 30 -106 -60 115 73 -96 -28 -127 82 -44 -48 -113 45 127 31 27 -20 39 41 15 75 -105 -73 -15 7
-107 -50 -12 -112 -122 -35 -47 -68 -52 -26 43 -125 99 91 -47 -57 -75 6 -25 0 -107 90 -58 42 -10 -72 -22 -96 3 67 50 -59 28 -62 -13 61 124 52 47 68 -64 -35 68 -43 -1 90 -115 -55 73
-22 29 40 87 14 57 84 -110 106 -57 60 86 -95 -70 118 20 -101 -54 22 52 51 -52 81 -63 -87 -29 48 76 -14 97 -87 -127 10 67 3 45 66 46 78 -104 -36 117 76 -9 116 90 14 -68 77
0 30 18 24 62 -103 20 -36 31 40 -22 -68 -68 -3 -122 87 -66 -109 8 125 -104 -47 -67 -100 62 -10 -112 2 -17 -43 -56 -107 -85 118 -109 -121 -53 7 41 1 5 118 -23 70 87 -62 -92 -53 11
-125 13 -21 -14 111 -89 58 44 76 -75 -69 -35 -105 -67 0 19 3 22 84 30 44 37 10 -105 -25 38 -80 -117 51 81 -61 -14 4 91 -20 83 51 -51 102 -122 -125 -97 78 -117 40 -51 -98 -15 -88
8 32 120 104 -40 43 33 -116 81 -36 -85 97 -72 127 -30 -3 22 -12 -21 -104 -92 120 81 81 -78 49 -1 -53 66 110 106 28 31 17 -101 103 87 -14 -9 112 -79 -25 -73 76 -108 -83 -83 74 -119
-116 116 -74 33 -17 -49 -120 11 37 -51 89 112 -5 24 31 -24 -108 -49 69 101 -28 36 29 96 101 105 105 -35 -80 -9 125 -19 11 -52 -120 -43 -40 59 121 -79 -35 -75 -4 43 88 18 -76 -116 -107
22 122 118 117 110 -80 0 59 100 -45 -115 -44 0 12 -91 -117 126 50 80 69 -7 -56 10 124 78 101 -101 95 69 58 -21 34 39 22 -67 65 -19 -32 84 76 -87 -34 -77 -56 -35 -38 40 75 -35
127 25 -94 62 36 106 83 85 27 -111 -114 -66 -45 20 -52 -51 46 19 -123 -94 27 52 -125 68 123 -12 -27 52 94 87 -36 -79 -60 104 -115 -3 46 41 -105 77 -104 114 95 -70 -1 -67 -34 -51 -16
40 93 56 9 -101 -3 -57 43 79 -53 -20 -98 -110 53 -24 -3 -18 -99 -42 -25 119 112 -98 -41 43 55 -12 45 -12 -1 -118 114 26 32 113 -32 82 120 -65 65 20 -37 79 106 18 14 -97 42 -124
127 112 -73 118 -109 100 -18 92 -100 -106 104 64 29 -116 76 -35 68 124 77 100 27 37 22 -62 111 37 58 94 16 30 -83 -118 -10 -11 -108 25 -70 -55 61 -114 40 -94 -77 113 -5 -49 -55 11 51
-46 63 -114 -9 -17 12 69 -90 73 79 -119 -71 -46 -101 -53 -75 60 5 1 -23 48 -80 -80 65 -110 -10 -94 -89 103 107 -34 125 -72 -80 -77 -22 -47 23 120 -7 -94 81 67 -68 49 57 -74 102 -24
22 -12 70 27 -31 -87 111 52 -33 -36 -68 -72 -62 -74 -17 -100 -108 121 39 49 -114 -55 115 61 65 -44 -69 42 -94 67 55 37 121 122 -111 45 88 -101 114 -91 -102 38 -126 -28 -101 33 -15 30 -8
75 -96 127 78 25 -106 44 -110 -95 82 14 -22 -74 -53 -68 -7 -70 -12 95 -118 -7 -115 -95 58 -68 -45 -126 -14 -76 -102 -122 -102 43 -124 -15 -46 16 -66 16 -66 -61 -79 -99 85 -74 -50 -98 -96 9
70 -35 -82 39 -83 -6 109 -39 73 44 -108 109 110 -96 20 -100 -76 -9 -21 106 21 47 -78 118 72 -88 127 -109 101 -5 95 -47 80 61 -118 -31 56 -5 -124 24 -49 -21 -104 -18 49 -109 14 88 -69
66 -16 6 71 -52 119 20 82 -33 -112 121 -41 32 -101 45 28 -111 -79 90 92 -47 86 124 -82 -72 -112 -78 -41 23 127 30 -95 -55 52 57 100 -122 96 11 93 -19 -6 122 -8 -80 98 -49 116 -46
43 -112 -13 -65 77 125 -118 110 107 -13 109 79 2 -49 8 114 -1 -50 46 -67 18 -86 3 93 -17 -66 68 104 17 -112 -23 39 37 16 -122 -62 -4 -36 -96 -56 -84 22 71 -4 98 17 114 41 -36
-40 -50 -53 40 -103 -21 -72 -69 89 49 91 -71 -22 70 -110 -48 85 -55 94 65 40 -10 58 112 -123 93 -105 -34 -107 87 89 20 -10 68 -53 44 -84 53 25 -56 67 31 72 -46 -50 -76 -106 39 89
25 55 52 88 -40 -85 -112 -74 86 -56 68 -13 81 8 -24 2 -4 16 -89 -34 -83 27 58 119 -95 -115 -125 -76 45 -87 -120 82 -105 -83 98 -44 -41 -106 -117 -11 76 73 57 18 -118 60 -34 90 102
85 55 -40 22 -26 57 -1 -30 -31 -21 -73 -75 63 -92 34 -93 28 115 -51 -24 2 -71 81 -118 32 74 -36 0 -21 -16 82 57 -90 -98 -73 13 36 53 -18 84 19 -117 4 -4 5 -48 76 4 58
94 -17 -113 13 37 127 39 -37 -122 87 -45 118 -101 115 34 -17 106 -35 7 -5 -35 -75 -24 -46 30 -62 38 80 3 -95 29 42 118 -13 59 110 -91 -107 5 -115 -17 15 -50 -125 104 -11 -109 31 18
-60 123 109 -74 -1 -90 56 -27 -110 -35 -32 -114 0 -122 124 -48 74 84 -104 -22 54 61 1 -34 22 95 -114 24 77 -78 116 -99 -85 75 99 10 -27 70 -53 -72 -106 -17 -48 120 -92 48 -50 76 87
102 72 124 66 -21 -104 -78 -29 -11 10 -16 -19 -7 -61 5 101 127 69 35 -126 109 112 45 125 39 42 5 -106 -87 46 -64 97 -118 31 37 -83 -4 83 48 -85 -2 80 -6 -15 10 71 11 -80 -68
16 -106 -3 -83 -84 98 41 -2 -63 -50 29 98 -99 -68 5 37 120 105 -75 -87 -103 -75 -75 -100 118 70 5 -122 69 -21 -101 -5 81 -3 124 -4 -116 64 47 -2 -59 -102 106 -49 -93 106 -55 17 -110
-107 -37 -31 7 53 49 -46 -38 -76 27 22 19 -75 -125 -105 95 -127 -79 -43 48 121 -9 -9 69 108 14 -42 -51 82 -122 91 -16 -31 109 103 2 -124 -82 -90 -38 65 99 80 47 58 -39 82 4 75
-5 72 -87 60 -50 -91 28 82 35 43 37 109 -64 48 23 11 119 -19 -18 59 50 55 -55 -30 -60 -121 -114 -82 -68 51 -59 -87 -103 -105 3 -97 127 -2 5 101 -43 -36 2 -72 123 -65 -78 -54 66
-81 16 16 -35 105 42 -69 -70 -126 -91 -123 17 -30 -70 115 17 -62 100 -107 -67 28 109 -60 -81 -118 10 -29 50 -123 91 -18 106 -75 -39 26 -3 -37 59 64 -83 54 -3 -21 -20 38 93 -40 89 -108
97 -1 -22 63 -108 49 78 -77 111 -29 -51 -54 -86 50 49 -66 -35 13 -27 -37 -58 28 125 -111 30 -117 36 -31 15 25 65 -102 -101 68 70 -30 -126 65 -44 102 -76 39 53 -93 -93 52 124 -89 91
-68 -13 -80 -42 -6 -14 40 -59 -127 124 31 -91 -107 96 71 -86 -90 19 121 -84 126 50 66 119 -105 101 -119 -96 89 85 104 42 78 52 11 13 40 -45 -25 42 101 82 -67 93 9 -56 49 -124 105
83 -42 5 -73 -61 -71 -120 -111 81 108 -5 38 -18 -26 -3 77 8 -93 -7 -85 -83 79 15 74 -18 -3 -30 1 20 -54 57 -30 81 48 -95 -91 74 -108 -9 -15 -114 -2 -126 -62 -20 -112 -120 -114 -29
-126 33 49 -128 -33 -35 85 -34 -119 9 94 27 -42 -18 -62 -18 -75 126 6 27 -101 124 -40 108 37 91 57 -20 69 83 114 -79 -16 -105 36 -110 -17 13 -123 -65 23 -109 7 86 -78 85 -50 -90 52
-34 4 -44 47 64 52 85 -107 -2 35 -126 -119 -91 40 27 -6 -84 -34 -37 39 -45 19 -30 115 -45 -21 -16 -123 29 80 -118 -5 -106 23 99 -31 -81 72 36 63 52 22 -21 -114 -64 79 -88 67 -29
-99 -116 -64 -30 -92 17 -101 -52 -123 -52 107 -1 -104 101 -42 19 -66 78 23 -84 56 -121 60 50 17 -69 111 39 -34 -84 31 -84 94 -81 106 122 67 -104 -48 46 -42 -79 3 -26 125 124 -83 -125 -22
125 -122 69 65 11 88 -123 -79 -50 -111 -36 -7 -107 104 -65 -32 120 28 82 -77 -35 22 -24 110 -62 22 101 81 11 93 23 75 52 -51 -50 40 127 10 21 4 -123 75 -51 104 98 66 -74 -77 -43
-83 -107 39 -74 120 98 -115 73 -107 -127 -96 -75 -95 -27 44 -108 -50 52 124 70 -127 26 -116 84 -71 -9 -7 -23 12 77 -101 -25 -65 -44 0 -14 76 3 97 105 -44 -22 126 53 59 36 -110 34 -1
102 31 42 124 14 106 109 85 56 76 -106 15 -60 76 29 7 -25 54 87 101 -58 11 64 93 -84 -83 41 -107 61 111 -28 78 -47 -69 -77 118 11 -89 127 -7 7 54 89 -116 -124 -113 -48 108 -68
-15 -53 -42 47 -65 -36 -81 20 9 -109 70 37 56 80 112 114 -44 53 97 32 80 -125 -12 -5 106 -16 24 -119 -14 80 -53 -119 6 19 -109 -23 -97 -6 -104 -111 -107 18 23 -27 -19 -28 -116 -65 -24
-79 -117 73 32 -73 -120 -41 67 -32 -21 -124 105 33 19 -121 -29 -11 12 -19 -49 -62 -18 -15 50 98 66 66 -85 87 26 -115 -126 -33 77 115 -76 81 -86 62 -90 -47 -76 7 124 -106 -91 80 34 111
-35 -114 47 -53 -7 12 -107 -14 -37 -32 -50 -15 -85 -105 29 28 7 -63 3 -19 18 -94 81 -17 110 106 -95 23 -122 -58 -126 111 1 76 -61 101 20 -107 -47 93 -95 117 -79 -47 85 123 57 -86 -101
4 -108 -100 117 -24 27 98 97 -127 -65 -31 -72 74 71 46 -20 4 -72 39 -21 30 -126 106 30 -89 -58 55 92 12 -32 -32 111 85 23 90 116 53 -116 73 -1 32 -92 94 -57 -62 -56 -49 -78 -50
-85 38 68 77 72 82 -51 -78 -24 55 -10 -51 -34 126 -97 -72 79 -56 126 -116 1 78 104 80 77 104 -66 103 74 116 -61 113 -69 127 -106 -43 98 116 109 -22 47 -57 116 121 -99 -42 -117 85 89
66 126 -7 60 -49 -17 -67 14 -90 110 -77 -14 41 -89 107 -57 34 64 -113 111 -121 -75 -21 118 -41 16 -116 -20 4 53 88 33 70 116 93 56 -75 -97 71 -33 -110 -93 94 -118 1 -77 -60 109 -25
67 -40 115 123 36 61 -75 -91 -115 127 26 16 87 71 -86 -52 -23 57 39 115 -9 38 -16 -69 89 -117 103 -81 46 50 -90 -49 111 71 11 -116 88 39 -10 -19 13 -49 -45 66 123 -115 33 56 26
-3 -40 24 3 120 127 -56 75 -25 -112 -97 22 -49 -28 2 -89 -44 -38 76 77 -42 -22 121 75 43 -122 26 72 29 -14 -47 11 120 -65 23 -42 -122 19 42 -105 -122 -24 35 -67 -54 89 47 -96 10
-125 104 -9 104 -52 112 81 -32 -64 29 68 -105 -17 -61 -64 -9 53 -79 103 91 57 -114 -49 57 63 -95 -13 57 -57 -68 -52 98 6 -45 -117 64 12 -111 108 59 63 118 14 110 -33 -89 -17 -56 -44
98 -52 39 -127 -85 110 -30 -32 3 8 64 29 125 -110 30 123 -29 -34 -4 -74 17 93 -128 -108 99 -45 -57 79 -40 21 -76 -90 -41 125 -34 -61 -25 -2 58 75 106 -53 77 -97 53 -87 -5 26 -95
16 -120 -60 59 -65 -116 110 52 -56 -19 41 -30 -103 -106 -82 -123 -98 -124 -54 -3 -66 -33 -97 -19 16 5 -7 43 -2 -47 -6 120 84 114 -97 -75 95 -86 83 -47 49 -41 -93 119 12 -119 59 -10 -92
85 100 -24 114 63 -10 15 68 -105 99 -7 68 61 34 -71 -77 4 -35 113 -126 -63 16 111 80 6 17 -105 47 50 -86 41 61 44 50 -42 -13 90 66 -4 76 -103 99 82 -97 80 111 89 13 -59
8 32 61 -45 2 112 -57 39 -38 76 -102 14 -98 -106 82 4 71 -85 114 118 47 -120 96 91 -69 -28 45 86 -63 -114 -123 26 -68 -78 -39 -57 -116 72 -83 -93 60 127 24 88 -50 63 -84 -49 -34
-118 -95 -71 104 62 109 110 70 93 -56 108 -121 59 4 14 100 -13 86 108 51 -40 57 -85 108 127 -58 35 -71 124 -88 46 32 122 -41 -32 -115 25 -40 -64 -82 10 -102 56 -128 45 112 91 49 103
28 16 -7 9 69 9 -111 22 -99 58 -115 -13 23 86 -59 -33 57 -121 -65 -6 49 -84 -54 27 -48 -106 -7 -116 -101 -76 89 -16 -40 -91 -109 -105 62 -67 -73 88 87 10 -92 52 -124 19 59 23 100
108 -6 -107 106 -69 -99 -69 -98 -9 109 -46 19 108 11 -29 78 42 -101 53 68 -20 107 -102 -53 54 95 -23 -103 -71 126 -6 -100 -61 -91 -37 -33 -91 -107 86 -113 84 -22 106 18 -91 37 -92 120 112
83 50 62 -43 67 22 109 -35 -4 74 -7 -57 84 101 -115 58 -80 120 -94 -70 -94 36 -60 -87 -59 -72 -43 -36 -2 114 101 22 15 122 -8 -52 60 -22 71 115 49 -33 -124 99 -126 -58 76 111 -14
18 73 -81 -52 113 67 -47 47 3 80 41 40 50 -9 93 -125 105 121 9 -33 71 -112 -111 -51 1 101 -40 -116 112 4 10 91 77 66 38 -34 65 18 108 -54 -117 -128 -21 37 -108 92 -115 42 5
70 108 -25 -2 6 57 101 -13 49 -65 -74 -26 69 -68 -109 -77 113 -116 -44 -31 16 42 114 102 103 -39 117 -102 -48 29 -44 -45 12 63 -13 63 -25 105 2 -36 1 45 -4 113 5 108 -115 -27 18
-17 -58 65 22 8 -64 -125 -9 -12 90 -53 73 50 47 50 -19 -34 -57 -40 -27 -104 -78 -64 98 -74 -111 58 -99 51 -91 10 89 65 118 5 33 111 -117 -70 22 15 84 -11 91 -9 -72 -43 18 31
-58 -120 4 95 106 34 1 -42 -44 109 89 100 86 -75 -9 -94 -15 -12 106 85 36 48 -123 -102 115 -94 45 110 49 123 100 -106 -102 -40 -66 81 85 87 -20 -87 90 -91 103 -119 -22 62 0 -31 -72
-92 -92 28 -41 21 -74 -84 -71 -49 -99 -53 122 7 64 -75 -123 59 -53 82 12 69 -41 111 31 -25 -6 -3 -37 -37 65 94 -97 -15 -123 -116 -93 -90 -45 -104 54 -124 -79 5 67 -58 -96 26 117 -14
-52 108 6 96 -103 89 -28 -74 -53 37 62 -102 -8 23 -58 12 -20 -62 61 -94 123 -111 36 107 117 104 8 -91 -68 48 -42 -69 -37 -29 31 -78 -96 -31 -54 -27 -29 70 51 -123 -1 -65 20 39 -114
58 -77 -52 10 122 -118 70 -93 -45 107 -44 -51 28 77 85 31 -127 -3 -41 3 112 97 125 -68 15 40 -36 65 -23 -126 10 -125 111 -110 -94 58 -1 127 44 -80 -34 91 5 -41 -5 70 -126 84 109
-106 43 -88 -65 72 -75 -87 -41 119 -4 -15 101 -41 -48 -11 102 115 -78 13 -31 62 82 59 -41 101 40 40 102 -17 6 72 -43 0 39 -42 80 -88 39 -96 -65 -97 -24 34 47 62 102 -33 -54 119
-106 -118 123 51 -31 104 80 124 -9 -125 58 49 43 -17 7 -95 96 57 -14 -27 -8 -118 7 -116 98 39 18 49 12 33 -94 63 -111 -68 113 43 -126 -54 -43 35 76 -70 -90 99 -107 -59 47 41 -10
45 29 -34 96 -89 -110 -72 112 -88 40 -107 -62 87 -104 -69 -105 51 -15 10 -74 -42 108 67 -40 -24 126 46 -24 -71 -24 -66 -100 30 -71 -116 108 3 31 9 88 -5 -79 11 103 -4 -58 -118 22 65
47 58 38 2 20 8 6 -42 -126 -127 -111 88 -90 -20 111 -56 51 -39 96 -48 -69 93 89 -95 78 32 20 16 118 124 103 -15 -17 40 118 -101 47 19 -14 -2 117 -106 51 -86 -70 100 -78 -68 78
85 82 78 -7 116 -69 -7 -2 -61 51 -94 94 10 -28 58 -58 105 17 54 -9 -67 60 -15 -1 -4 8 -64 -1 20 -89 127 100 118 24 -55 63 -70 79 54 -105 -3 -113 -114 24 -118 107 -92 1 82
115 -22 67 -43 25 24 -1 -68 113 -54 -121 127 41 111 -37 -30 23 62 35 -58 35 -128 -107 -82 -54 -70 -2 -41 2 -88 -128 -123 87 -115 -41 9 -113 41 93 16 -4 111 -49 122 -100 -53 66 55 -90
-63 -17 -52 -49 -78 -71 81 -66 -11 86 67 -98 92 -70 23 14 -65 -105 -7 95 -30 -95 -73 -37 -114 59 59 -105 -72 -31 122 19 -29 -31 -85 -58 38 -81 0 -123 -7 76 42 14 8 126 -28 103 110
29 -52 -105 -124 -5 -29 -113 -84 119 115 -41 34 64 28 -54 -7 101 112 -28 -4 50 60 -102 -118 12 114 38 -111 -36 -16 -106 33 35 -19 -98 0 -124 64 124 65 21 -20 -119 19 84 -92 114 -58 114
102 29 29 67 -64 88 -3 58 123 -82 -24 22 116 36 -26 -97 97 -49 -112 122 -85 -121 -51 29 11 -118 -2 -87 102 -57 122 21 15 98 -19 -14 -63 36 69 -57 109 -31 -83 -63 41 68 74 19 9
-113 -73 -22 19 -128 73 -52 -88 87 -94 -109 -93 58 94 -8 -28 86 100 9 -6 -83 78 39 10 73 -84 88 120 -128 89 75 -42 -120 -63 33 -88 119 86 32 2 -94 96 -95 -88 64 -4 -60 -27 30
89 -77 74 -27 -59 17 -71 101 3 -118 39 -91 -105 20 -58 53 -60 82 0 -79 23 -21 76 -109 62 9 35 3 67 113 -93 -50 17 22 -122 -19 -69 58 -59 74 -32 10 -103 60 88 -95 31 -24 -114
-51 6 -33 4 53 102 12 72 105 102 -94 -14 -65 104 -90 -57 -64 112 91 27 -26 1 47 53 37 99 37 123 79 -98 64 121 45 -70 -113 -101 106 -23 -54 68 -14 98 8 41 -86 55 -78 -102 40
-28 98 -127 124 36 -127 87 37 25 115 111 -77 -27 122 16 -3 127 -27 -16 -96 79 85 -90 -96 -116 54 -59 -97 -21 31 -113 -8 120 -54 -119 -93 -37 -76 -88 36 22 -41 -89 44 79 6 -59 -59 -63
-76 -23 18 116 -76 70 -87 -7 -118 68 -123 -99 55 104 53 7 -16 33 -41 89 32 3 -42 -89 -47 84 94 -112 92 -63 52 121 96 -110 23 54 27 123 -56 -108 35 -18 -13 -108 -52 -66 127 62 -63
47 11 -122 -20 57 -116 44 -112 120 -86 -78 50 -128 96 28 -34 -85 -110 -61 -1 21 -39 119 113 -61 -6 -20 -36 105 -93 67 95 -89 76 52 20 55 -112 50 4 -15 -74 -19 42 125 7 126 7 -28
48 51 84 -75 -116 45 41 62 111 98 63 -29 -106 25 -9 60 51 5 104 -57 -78 -103 -19 -54 9 43 -118 11 -98 93 62 61 -56 -56 38 39 115 121 13 21 1 8 64 -61 31 43 124 121 15
-102 -125 -18 -52 -25 -103 18 -62 -30 -92 -117 -68 -16 -99 57 102 103 -82 26 -84 46 -2 -127 -42 76 -127 97 43 16 -89 19 -35 105 77 -38 62 113 63 -1 78 -104 42 100 -42 18 -58 -80 32 -15
-18 58 -16 -78 -76 -105 -25 -116 -40 66 66 -78 -1 -69 32 -114 -117 -50 -4 38 103 -2 -44 78 -83 -25 64 41 115 78 -56 40 -4 -46 -88 -2 44 15 118 18 -26 -9 -107 -15 73 -127 88 -106 -4
-3 -116 92 -102 -20 74 49 -56 94 49 -59 -80 34 -117 68 85 -69 -35 -127 35 -117 -96 45 -19 -55 82 1 89 83 -69 33 96 14 -103 107 29 37 -114 49 0 51 -81 2 -5 -104 -4 -89 -32 106
112 -79 -78 36 101 -91 16 36 -124 -13 78 -116 -13 20 70 61 36 125 -44 -108 -5 -22 89 -66 40 63 121 -70 34 -22 61 -57 -92 51 60 -12 99 -123 89 58 -21 125 64 125 108 -12 -96 -13 -124
-48 -15 -117 -60 81 -74 17 -31 -17 84 17 46 -10 -97 57 89 52 -100 -114 7 -86 3 -18 24 65 36 -103 12 -31 38 106 95 -69 -124 -11 100 74 92 66 -73 -13 11 -8 27 6 -50 -28 108 28
110 65 72 5 20 114 77 -117 -128 101 25 90 -55 -100 -37 -117 -33 -26 64 -58 -17 77 -35 -106 -57 116 -111 42 -113 -38 -12 -33 -102 11 58 -126 71 122 -3 28 72 116 -98 114 17 118 95 -117 -85
86 113 83 103 117 -121 125 -104 98 9 -105 -39 -60 37 -120 -38 -124 45 56 -103 113 -23 115 -53 124 25 -53 38 8 105 -68 88 80 14 95 -54 62 -21 -59 -24 -73 27 26 35 -98 63 -87 -42 47
-96 -15 64 -83 -57 -25 62 73 82 38 22 -98 105 -96 96 43 -55 -20 -74 59 -50 54 122 44 -41 8 99 39 85 47 55 97 113 -117 62 -14 0 98 -63 -70 -119 -73 73 -107 23 -44 61 -48 -99
90 118 26 -23 -82 37 -61 37 -15 -60 45 119 126 -120 10 111 -107 125 13 -39 -114 60 34 54 -57 -18 25 -43 -44 -99 -49 -85 -44 -108 -18 121 -8 -36 -2 -71 -2 -92 -119 -17 -68 -22 -93 -75 -71
76 87 12 -51 61 -10 27 -41 127 -18 59 13 84 -55 -102 65 17 -42 -36 41 -65 -83 107 -16 115 65 121 9 -72 92 -117 -113 3 84 -16 113 -11 103 -81 92 102 38 48 106 -15 18 40 -95 55
-79 124 124 13 -115 105 89 124 5 118 -8 -95 -124 -112 -113 -15 -103 -7 5 -76 -104 106 82 120 -67 -116 -53 -5 28 -128 -74 -20 -108 -52 39 66 121 119 -58 -72 -27 -36 -8 80 61 40 101 14 -67
-59 22 -97 -62 124 -100 0 119 -126 -49 -1 -39 59 112 29 -2 89 96 -16 -53 -37 -50 -29 -62 68 -32 54 -26 29 30 25 104 22 34 3 19 84 -6 11 -116 -57 -77 45 -11 29 -119 126 -4 23
-115 -98 -42 126 -83 31 -52 -110 114 26 -44 -73 -11 30 29 -5 -36 126 -88 -39 -120 -120 -14 -13 -26 -13 118 92 -54 -32 12 92 18 -92 103 -21 62 29 -44 -127 86 -44 -10 50 -124 -47 46 33 -94
67 88 -67 91 70 -67 37 -91 -41 -47 89 104 -126 -110 -126 67 7 -53 -34 -45 55 -110 -30 25 -86 46 -80 -128 -115 -25 77 31 -65 36 86 57 -18 121 76 22 78 -67 44 93 6 -65 69 -118 124
-3 126 35 -118 -92 79 -55 95 -89 -75 -30 -21 -26 -33 -8 -4 -87 18 -17 -3 -77 -31 -37 -67 -80 7 37 -15 55 -5 -124 55 -42 5 -89 56 -31 30 97 67 -82 113 -125 -55 -21 -38 -88 -28 13
-79 35 -89 9 -83 -87 77 -45 -102 98 92 114 42 -9 113 31 -32 105 101 52 -88 56 42 -57 -82 -36 -102 82 30 -89 68 -61 25 81 -101 -69 97 84 -49 58 54 -18 57 103 -56 100 73 91 53
-32 94 -78 -88 -64 -98 94 45 -4 56 -24 -94 -81 115 -124 -77 120 -51 86 -72 -59 120 -9 -123 49 -19 -41 52 75 6 100 22 -68 86 19 73 -23 50 4 122 94 35 -66 -38 87 -125 91 -14 -64
-108 50 -56 117 -4 18 -40 17 -65 -90 -91 -6 73 -16 107 -24 0 110 43 8 -7 -110 97 1 -75 94 105 85 117 -96 26 78 6 -81 -46 14 6 -40 107 -113 -82 70 39 102 51 -68 -55 -90 26
-27 91 60 17 -52 -1 -4 84 97 -13 103 85 -39 -107 -22 -32 -69 54 50 -52 -29 -36 -84 40 -14 -27 -71 -58 -70 70 -16 -82 43 79 -98 35 124 -118 16 -63 -87 84 65 85 48 -32 64 -119 -9
106 58 -125 -44 25 24 -106 -38 -98 115 -72 75 17 -30 -127 -97 -37 69 -56 -47 -43 -16 50 -46 40 68 -60 -76 91 -40 31 -58 -20 118 18 8 5 127 -14 -32 -72 -17 78 -117 -65 102 -104 81 53
30 -31 64 50 -120 -19 25 100 93 52 -87 6 -37 35 -121 39 -14 -70 49 62 -124 118 -22 -112 -58 52 117 -48 -51 82 -2 -14 19 38 79 -49 -34 -117 -10 -15 11 100 114 85 102 46 93 53 74
28 -89 -83 22 126 25 117 -39 66 80 -64 -79 40 113 -116 120 -128 48 35 2 -100 -21 -25 -119 -21 -128 63 -17 126 -103 -120 24 69 22 -121 62 15 91 -128 -8 -11 -38 58 70 118 -47 15 94 -36
97 -79 -29 88 119 -38 -52 76 73 -93 5 16 27 108 41 44 23 -118 72 69 -120 57 126 -76 114 27 -25 -81 114 55 32 -88 83 117 16 -16 -45 -28 29 46 91 -13 64 -117 70 101 -101 122 43
18 13 -73 95 -106 103 34 -108 1 72 55 86 -35 -106 -100 66 -45 90 -91 74 -125 -78 114 -88 -51 -117 68 -116 -76 70 -120 -58 -126 78 -25 118 -29 -62 34 -64 13 -72 48 -47 -64 -70 -19 41 114
4 -94 -51 -101 104 90 13 -20 -22 8 101 -5 -49 -84 52 -60 103 -53 -122 35 106 -118 -118 10 -12 115 -85 1 27 -24 21 84 -13 101 70 -115 50 108 -89 13 -96 66 71 -37 82 73 -70 48 -66
-59 -61 -58 -97 -16 67 -15 -115 -51 -44 117 10 -30 87 -2 -101 -51 -21 91 -42 75 -93 -120 108 30 -127 27 52 8 72 -1 25 -80 -124 -83 125 29 99 115 -25 8 -77 -110 2 35 -85 -2 122 31
56 92 37 -128 -81 127 36 125 61 -16 -9 68 35 -51 -64 59 -113 94 -42 108 13 -41 77 -95 118 -54 81 -112 -47 -10 -31 107 -57 -122 -86 -59 -51 103 -21 32 -61 126 -98 117 59 -68 -71 106 39
-18 60 64 -125 -77 -104 -34 -2 94 -47 -96 -31 117 -84 83 123 98 101 81 55 -126 -125 24 86 14 -11 104 -81 -28 -121 -30 -102 -111 46 4 18 -94 -8 49 -52 -60 -32 -90 7 86 31 -120 72 -106
-7 -72 47 69 14 -59 -54 -49 8 96 -126 50 0 35 53 42 -1 -45 -18 -70 64 104 -18 -87 22 126 -28 -54 -106 -102 -34 -20 -88 125 60 -103 37 -10 -82 8 -49 29 59 -16 92 -13 -30 54 35
-104 -108 69 15 -4 -81 107 90 70 90 -55 -90 -54 52 62 -80 -105 -74 -89 -98 -51 62 -92 42 44 -56 27 71 117 -19 42 -33 65 120 25 103 75 -114 37 -100 68 -9 72 98 33 122 3 -68 109
35 -46 -52 76 39 127 -10 61 -19 103 117 -109 -85 15 -115 -125 11 12 66 -12 64 57 50 -46 31 -2 108 9 100 -76 127 29 -40 40 -114 -88 126 69 -43 4 -23 -70 65 -50 -126 116 -24 -89 -96
-40 -19 117 29 -98 61 -8 -5 9 61 64 -31 -15 26 -31 -68 28 -84 -42 -12 37 -45 8 89 -51 -93 122 -100 119 15 -16 115 110 96 -98 0 44 -9 9 78 55 -122 -10 68 75 -66 -56 -17 -4
-103 -81 -49 49 -22 49 -103 -17 -117 -78 -93 -70 109 38 -86 53 87 -32 54 127 36 -109 25 113 -76 88 -17 59 -16 100 -90 22 -76 13 -53 -90 124 112 -96 -2 -60 -20 106 -27 -53 41 14 113 -65
114 -92 -122 -70 91 -20 -12 -69 79 -31 123 80 114 -86 -124 -118 -55 -85 77 36 -99 65 10 70 -62 -98 121 -25 52 -68 -14 -46 42 44 -58 -38 8 120 -92 111 -90 -115 78 75 82 29 39 40 38
-117 71 125 -89 -115 115 -5 -108 -32 79 -122 -23 -16 98 -96 33 48 -85 57 -89 64 107 -118 -115 49 92 -12 -43 54 125 124 71 -37 -50 -119 -38 91 -17 115 106 -8 -86 91 -70 -23 68 119 -78 89
-40 -53 55 -121 -40 70 42 -101 -30 28 95 1 90 -61 -101 39 -42 11 53 -4 4 -48 -68 -28 30 -87 47 93 75 -113 -88 1 105 11 120 45 -47 -76 121 122 -14 -94 -55 -92 19 -89 126 -57 -73
52 5 57 -100 121 32 -95 60 -98 -43 -70 -38 -126 89 40 41 -77 -87 53 -35 -50 88 84 67 23 -74 -48 34 7 -110 -4 20 92 -87 -100 -128 -15 66 -14 81 100 105 -121 -65 80 27 -60 35 121
-95 27 -36 -15 -124 121 -68 -17 -13 -87 53 77 -70 71 76 106 83 93 10 61 -7 56 51 127 86 -83 -79 -12 88 -106 65 -43 94 117 95 79 120 -41 29 65 -101 -9 -66 106 -4 -74 59 -99 83
-73 53 86 41 49 -10 81 27 70 61 -14 -16 -12 7 -77 -83 -76 -59 122 -49 -65 94 33 65 75 70 15 -121 2 87 61 25 109 7 119 -39 47 102 20 70 -107 9 74 -83 0 79 -6 -40 42
-118 105 5 116 21 32 -54 -117 89 -28 -27 -17 -55 -29 -109 110 -33 127 58 10 -114 -22 0 -38 -84 80 71 93 36 -42 14 20 91 21 27 112 -35 -115 44 117 -47 -87 -92 127 -35 31 -35 -116 -76
63 -113 117 58 106 18 68 -121 -29 85 -65 -61 -128 118 10 -66 43 101 -50 52 -47 -34 -92 -55 111 -100 6 -51 6 69 -127 109 111 64 -58 -77 70 -106 -103 57 57 -108 103 109 -125 -41 -123 13 88
-55 32 83 0 93 -43 17 -81 97 -11 -49 101 77 114 6 -113 -1 -12 -62 64 86 -17 -66 97 -62 20 125 9 -85 30 -101 6 -75 -40 40 85 -80 -26 -111 -71 24 43 14 121 -31 64 118 -90 25
77 -10 120 81 -1 -25 25 -80 109 -40 89 -41 -120 107 -28 53 -77 -128 -126 82 -53 102 -115 82 103 99 67 -8 -35 -75 10 29 -121 -72 43 -69 -60 103 -64 59 -2 -5 34 -25 9 90 55 51 -77
22 47 61 95 12 -16 -102 48 35 2 47 89 90 77 -96 50 -95 82 -65 -117 -33 111 -124 -56 62 -120 35 7 70 -60 84 -15 110 25 122 -100 87 37 -82 -97 103 -76 91 96 91 56 -69 -33 -117
83 110 65 105 -67 32 -28 -74 125 -78 104 65 18 99 -117 9 73 58 -44 45 55 43 68 62 17 16 59 -121 -78 55 26 83 -18 -109 91 -33 -37 113 -13 72 6 47 -65 -73 71 81 -98 -66 11
-69 2 0 19 -29 97 100 -75 19 115 29 -30 -16 -65 47 10 65 -53 -91 92 92 -15 -32 -102 71 118 -107 75 71 -42 -102 124 64 -77 52 -67 111 -94 -128 -86 -71 70 -49 -15 -4 67 -64 -56 101
122 14 28 -121 52 -126 47 -1 -43 -88 7 -39 107 62 -16 110 89 -50 -121 -28 -104 48 121 -125 94 -50 125 -49 -48 105 -57 -5 -70 -86 -67 92 72 -93 94 124 15 111 80 -83 51 69 -60 -111 79
-95 119 22 11 104 -80 44 -27 121 -11 -80 0 -41 67 -70 41 -14 38 -52 -116 -94 102 82 69 -106 14 -78 -16 -93 -101 -105 -3 27 31 -49 29 -38 -80 -63 -45 30 79 12 120 108 17 15 25 91
-87 123 87 17 72 -18 -21 -126 -105 -6 -79 55 -47 121 -61 -53 -11 118 27 -89 55 -70 -29 70 85 110 -114 -120 23 -11 -4 -103 -107 67 -63 69 -67 8 0 47 21 -68 -53 -10 -124 -71 33 71 111
15 19 -55 -89 -1 -90 102 50 -32 -93 57 -52 -44 69 16 35 -34 81 -59 89 -68 -72 44 -1 3 45 126 -70 -24 112 -88 4 -44 32 7 -56 -69 -23 -87 64 55 -93 -91 -117 -63 112 -128 -80 -68
-86 -76 1 17 -72 -72 95 70 5 17 63 72 -21 -120 67 -6 -116 -114 -24 -66 40 -52 107 122 -70 15 -71 -61 115 -73 -58 81 53 10 29 -15 49 13 -51 1 -17 -118 49 -18 -49 -19 -126 -48 99
89 -49 101 -79 -42 43 102 -55 37 123 118 102 90 53 -77 -67 60 -51 52 -123 14 -21 -98 109 113 -88 52 19 -75 -32 73 -62 -68 0 -66 104 -21 97 -82 -115 111 -89 31 14 -37 121 -107 117 -3
62 51 -60 40 37 116 -27 -10 111 20 -74 116 -3 118 -78 -33 9 75 -104 -57 -35 125 -33 82 78 -81 -70 -10 -75 125 -86 126 -99 -87 -126 57 82 82 14 -37 29 -127 -56 76 27 -14 -128 120 -93
97 -29 8 -36 -125 121 -6 -48 -19 -77 -70 -102 42 -97 27 116 42 113 -13 23 -126 53 -126 -41 85 24 -83 94 -34 43 -2 -35 -113 110 -36 2 -33 48 -113 -77 -116 -30 126 -24 -2 125 -19 42 72
37 -104 -101 -61 115 11 -53 -53 -40 119 51 -85 -2 -74 82 11 -102 -42 -4 13 -82 -36 73 115 -20 63 91 64 -102 116 -6 49 -123 -109 -94 -54 -124 -108 -5 -87 36 8 -64 98 -99 -59 -5 78 -70
91 -47 22 -89 -119 33 2 120 124 99 -118 -55 64 37 25 98 102 29 41 38 67 102 -68 -103 39 -114 81 25 -80 -76 -40 -14 -29 26 124 -74 83 -24 -72 106 19 29 -38 -44 -59 -30 6 -123 0
-78 -91 68 -10 70 114 113 51 73 -58 22 -118 -111 127 6 -49 95 73 97 52 -82 -26 54 -123 -101 -38 84 -8 -123 -113 109 102 -127 49 20 85 -47 -61 -97 41 107 10 56 28 63 -124 -62 -74 -54
-80 -33 16 8 73 65 82 109 -123 -17 105 6 -10 114 35 -92 116 -38 -66 -4 23 -89 15 19 -65 55 126 32 -7 -18 -14 54 126 -14 41 -65 4 -5 -63 84 39 83 53 20 74 -63 80 124 -62
-11 110 70 -54 40 126 126 -120 -113 -82 -66 126 -67 -72 -25 -127 37 39 -96 -106 -52 0 -13 26 -81 -68 -40 64 -52 -120 -96 -76 123 82 -37 1 -29 -64 30 0 110 61 -3 -109 -38 124 6 1 122
-56 -4 127 108 36 99 39 11 -47 94 93 -102 116 -31 8 -3 -17 -35 -7 61 36 -77 104 -4 -67 62 -22 -45 116 -28 113 -67 102 -33 44 44 -122 -10 -110 -125 -8 -52 -22 -82 -22 -56 -20 -114 118
-19 -111 39 53 -41 -22 28 -102 -52 14 -14 119 -50 -63 36 43 82 -58 66 -33 58 112 51 -37 -67 48 23 87 -28 -49 -103 41 -9 76 -31 102 -24 46 -18 62 68 66 -35 -109 -2 -60 25 79 27
-75 29 124 76 36 -21 -34 -14 24 -101 39 102 -23 37 -61 25 -8 -84 -105 1 86 82 13 -89 52 54 118 -92 60 -35 -72 -26 -113 92 -56 25 64 17 19 -126 -46 5 85 86 -68 -115 -89 94 -103
109 119 -102 81 52 -68 97 -28 -6 -42 39 61 123 -41 30 -56 80 -4 -50 115 68 54 46 -89 117 -73 -79 -95 82 -55 -71 -40 -97 114 12 64 77 114 15 124 124 -80 -47 -24 -95 -2 -95 -81 17
-116 98 31 -98 -109 95 -89 115 -20 -107 -29 -57 -113 72 94 -86 65 -105 36 102 -39 37 10 106 52 -56 -36 84 76 -60 -122 71 106 64 88 37 9 -70 68 -47 40 -127 -109 -79 31 24 62 -83 124
66 73 -49 -50 -103 17 82 48 49 -43 18 -116 -49 -66 77 -8 97 8 110 -91 108 62 -99 -61 74 -29 -101 -23 81 80 89 -14 -39 121 -95 -70 123 -110 -35 0 -46 1 14 77 -128 -66 100 61 60
87 110 84 121 49 -89 -61 -35 91 97 106 61 -122 126 1 -62 48 109 -123 70 -34 -19 40 -23 2 9 45 109 27 44 13 -77 24 99 -114 15 66 -56 23 -94 53 -8 -77 102 -19 -55 36 -11 96
114 25 55 0 -33 -125 -121 27 -16 -2 56 -67 121 -107 22 58 38 -45 75 5 100 105 -73 86 33 91 30 -127 -10 -15 -14 -50 -55 -119 -52 -102 59 75 4 -20 98 50 -128 -123 -80 -57 80 -123 -117
-86 72 -72 -28 59 23 -62 -119 95 -32 65 45 74 -72 57 -94 -120 -85 -50 20 51 76 -63 -113 97 -112 -69 24 -13 -21 40 93 49 56 68 24 109 -127 62 -34 75 127 67 31 -53 -30 42 14 46
-114 -100 38 -93 -43 27 44 -47 116 -19 48 107 -41 -40 -3 -106 -104 -57 71 -5 -5 -58 29 -122 29 16 -40 71 53 -22 -88 99 2 88 51 -8 -1 -73 -82 106 93 102 124 -60 21 63 -96 -6 28
-62 89 119 -14 -35 89 76 68 -121 5 -118 115 -59 -73 -101 -120 -89 -48 -2 -91 -78 110 52 -78 -7 8 -88 43 -96 -47 5 -45 -82 -16 52 -29 -100 11 14 8 112 11 60 -108 -97 117 87 -55 100
-89 -92 69 -65 -83 -78 115 -109 -26 -10 -8 -120 108 -82 12 85 64 85 -50 -41 91 -52 73 -83 -74 -34 14 95 9 47 -64 74 -16 -23 55 1 -53 -45 -37 -92 93 -42 -2 -36 -35 107 98 -103 -111
-94 -38 -78 82 -122 -35 -85 -54 48 41 117 86 -27 -53 -74 13 63 44 121 -49 87 -86 -31 48 -50 35 -1 -100 0 11 -84 -72 52 111 70 116 -24 114 14 -93 93 -87 36 -81 -5 27 -128 86 11
-117 -6 -25 62 23 61 82 -15 -18 14 120 123 -56 15 49 25 -49 4 16 -63 -32 86 1 -63 -14 52 110 -31 -70 114 -43 -78 21 -43 -18 -73 -124 -128 -57 -87 -61 -103 100 1 124 34 -80 -47 83
-22 -47 88 124 -117 30 -73 94 -22 -44 90 83 -14 -111 10 39 -28 -9 -31 -118 -73 8 109 -115 96 -111 -128 97 -9 -103 6 79 98 16 47 -50 -16 64 34 27 -28 -71 -61 123 -74 -98 -74 24 20
33 -73 -95 113 -93 -65 98 108 78 -90 -82 100 -85 1 -115 70 0 -11 79 -119 36 76 23 -101 -34 -97 6 85 38 77 -86 61 49 -119 -65 -65 -38 -91 75 6 -6 -25 -72 125 77 50 -17 -125 -75
98 -92 -10 -113 -109 85 7 100 -33 120 125 -99 -100 55 77 -5 -30 -63 -52 104 23 -107 -88 43 -77 -42 -128 101 32 118 -46 58 -123 -41 11 -114 -58 -94 84 -40 -8 -105 123 -39 -1 111 -87 -2 -124
-8 -113 -41 49 -96 -123 -95 -94 8 56 -18 54 -61 -18 -33 5 108 69 -95 -51 98 26 30 89 60 58 103 94 -115 59 -35 20 -31 65 45 -37 -88 -32 -93 125 18 -27 75 -99 -92 -53 95 55 39
-57 -5 105 16 -2 -123 -17 21 52 97 97 4 81 114 -1 -56 0 -9 -2 8 7 -76 -8 -89 -18 111 65 -116 81 84 9 -24 -58 -11 -68 -123 96 117 -125 -97 90 40 86 -70 52 5 21 70 -124
102 -55 106 58 60 121 -74 -93 -100 6 -69 -80 -5 -111 75 15 52 -59 -57 -29 82 -39 24 -26 -15 118 -119 -45 -63 7 12 -84 -103 127 -100 -78 -85 56 -48 26 52 11 17 83 36 -120 68 -13 126
-77 -93 68 -49 -66 -125 104 -63 78 -99 46 24 -66 -78 115 -3 16 10 59 23 67 44 -47 -98 115 0 94 106 -93 -103 -37 47 32 82 -73 -73 8 31 63 108 -23 112 -104 -22 -73 -60 86 -29 75
-7 65 113 -86 13 -99 84 112 -78 70 24 107 -11 -100 -89 -87 -6 56 -123 -55 -103 102 -35 75 -108 -107 84 3 -27 101 -33 -90 -15 -11 29 40 -105 -33 70 -5 -118 -26 -89 69 -30 70 -30 -76 -104
-35 125 117 -59 -45 -96 -80 -101 96 -128 -33 117 82 64 41 120 3 104 -96 -79 51 28 71 37 102 90 -55 -65 123 44 -86 -52 7 31 66 -112 -36 122 100 -109 96 8 -14 -86 30 74 -116 -16 -91
-84 -40 -57 -109 -121 69 11 -88 -25 -41 96 92 80 72 112 6 -127 31 58 -115 98 45 -43 -121 -53 103 -21 110 35 9 -24 -36 43 -80 -66 -37 -42 5 -29 -51 57 -46 10 78 60 -47 -19 88 -120
-95 60 -17 -111 37 29 -83 -31 32 -45 -37 70 25 -17 45 64 -73 69 116 -5 -127 -26 -43 45 92 -83 82 -89 8 44 -71 68 9 105 68 72 6 67 -96 -104 -127 97 97 90 -124 6 20 124 23
-4 -89 -125 -99 6 23 -22 -72 -45 25 0 117 -57 63 -112 66 91 -5 96 -58 36 58 -100 82 62 -3 -11 82 -22 -79 7 -126 58 -113 -19 -49 95 87 -29 -108 -69 120 -118 126 -15 105 -107 68 -27
-100 92 -87 80 38 -57 -127 28 46 82 -119 -34 43 -91 93 -117 -20 -57 -15 105 -44 18 92 -122 26 13 -71 -8 9 79 106 -1 -1 101 -73 122 47 -126 -86 60 -52 -34 -126 28 -82 -52 -74 -55 -109
32 16 33 -22 -97 -82 37 55 50 -30 -46 -7 103 8 -41 4 99 116 -42 124 36 49 -94 7 -121 -79 6 51 90 -97 -51 97 -69 -119 -93 -93 40 65 -80 -125 -8 -93 0 68 -110 -54 -4 -40 -48
-96 100 -95 -13 -71 98 121 -4 3 61 -7 45 73 -74 -116 25 -83 72 125 52 125 69 -114 120 102 120 -52 -92 -16 36 -87 -91 -96 41 57 102 121 59 -69 46 123 -23 28 9 35 -57 -93 -125 107
41 -16 -72 74 118 107 -67 -84 -99 93 -53 -31 49 -128 21 -91 -78 106 40 98 4 51 -67 81 -27 36 103 -56 121 -61 -114 -14 99 -117 -15 -108 1 -89 -39 -17 -8 -10 20 71 81 67 -110 98 49
-119 13 -68 -100 -13 -124 9 107 -113 -68 97 -48 98 -55 18 49 -98 90 66 33 -57 -26 -26 62 -34 -122 -114 23 -20 121 35 57 -111 121 -122 -55 -60 -46 -29 -73 29 87 -11 2 -40 114 -57 48 -15
-122 79 77 -26 51 30 -35 76 20 -67 97 50 123 -109 -76 -36 -95 -68 -84 111 -83 -5 41 45 -1 -81 -92 78 -108 47 -99 -48 -118 77 -19 -58 -36 -85 -123 -105 41 -35 50 -92 73 78 61 65 84
-10 8 107 75 -43 -11 -102 -4 -4 -123 82 103 15 -15 -111 -114 -79 18 80 -92 125 -53 -69 -105 -14 125 15 125 31 16 63 -116 -75 104 -78 -46 -89 95 40 -10 -30 -82 124 -107 77 -96 106 38 -19
110 52 -82 3 5 -55 13 54 66 -107 110 -35 -36 -42 6 -77 -123 21 23 77 102 -47 -64 83 -98 102 76 -74 73 -98 24 27 -111 12 -97 -59 -21 30 -14 -107 92 -124 -114 72 -17 -110 -46 -73 37
75 63 -62 -26 -108 27 -95 -110 100 -56 -122 74 35 -73 -40 -76 7 111 -65 -97 63 88 16 93 16 -35 -32 -10 -119 100 -8 115 -19 -39 -82 77 117 -5 7 81 7 -103 -106 -16 76 102 111 -52 101
-123 -101 4 15 33 -99 -31 -80 87 -45 -24 21 -104 -60 15 -61 -60 -7 48 -33 59 23 4 75 26 80 96 -125 39 -12 34 -84 -28 64 -127 47 -35 111 112 119 6 -106 31 -113 -94 -12 18 16 101
57 -40 -79 -94 -98 7 33 52 -98 73 -60 92 76 -51 119 -5 60 -76 53 40 23 -34 -128 -89 35 42 7 66 -6 77 -62 85 -79 74 -88 30 124 18 70 102 -32 38 88 95 41 10 -21 -37 -110
-27 81 95 20 6 -79 -120 -49 17 100 4 69 -98 -24 97 -49 20 -99 51 91 53 -49 93 -91 -123 36 98 -39 -18 -27 -48 -11 49 -119 108 125 46 -75 -124 80 17 94 22 -61 111 109 -122 -17 -36
-103 -98 114 -98 44 -40 -119 -58 56 -12 102 -101 113 64 -80 -78 59 -78 81 77 122 51 -78 25 104 -61 -46 -128 122 -120 -59 101 8 -75 -70 -110 94 -112 83 -3 -103 -8 -81 57 66 42 -61 -50 -32
-16 69 -58 -85 123 46 84 92 -78 -98 -25 -3 91 117 -70 112 -41 -68 66 16 -79 -121 25 7 -99 0 -123 19 -64 -58 101 64 -16 -54 -61 89 -119 -104 -84 93 58 -122 -122 99 50 -117 -3 -2 33
-109 39 -91 -30 -101 -112 65 78 17 7 105 119 119 -43 -26 -63 -7 17 -8 126 45 -63 59 39 12 49 126 18 -124 -65 -94 60 -39 1 -45 2 21 -112 61 -61 70 -62 124 -25 66 87 97 84 -116
-11 -122 49 -38 -53 96 -42 56 79 -62 123 116 -67 48 42 -5 6 -48 22 106 56 -123 122 48 -58 -82 -102 -24 -19 14 5 47 52 -115 -26 -107 43 82 56 -124 -61 58 -104 98 106 48 19 53 -21
-97 118 -43 113 57 -94 -125 62 -105 74 -111 -19 52 84 -41 13 20 121 -112 -21 -42 44 108 -107 27 -64 -12 -98 -22 21 -57 9 -37 8 85 103 26 46 -33 64 -37 -95 123 15 123 107 -12 67 -125
109 13 51 -19 -42 102 101 56 -23 100 -106 -85 127 -31 123 -93 -19 74 0 -66 123 48 -126 -58 73 -19 -22 -46 -124 -14 45 -59 -75 -92 63 -85 -5 -37 -21 47 -53 5 -55 10 -32 120 84 72 116
